Date,Exercise,Reps,Weight(kg),Duration(s),Distance(m),Incline,Resistance,isWarmup,Note,multiplier
2026-03-11 13:53:18 +0000,Dumbbell Bench Press, 8,31.75150366049478,0.0,0.0,0.0,0.0,false,, 2.0
2026-03-11 13:53:18 +0000,Dumbbell Bench Press, 10,31.75150366049478,0.0,0.0,0.0,0.0,false,, 2.0
2026-03-11 13:53:18 +0000,Dumbbell Bench Press, 9,31.75150366049478,0.0,0.0,0.0,0.0,false,, 2.0
2026-03-10 13:27:59 +0000,Seated Leg Curl, 8,31.751465926626484,0.0,0.0,0.0,0.0,true,, 1.0
2026-03-10 13:27:59 +0000,Seated Leg Curl, 10,52.16312259374351,0.0,0.0,0.0,0.0,false,, 1.0
2026-03-10 13:27:59 +0000,Seated Leg Curl, 10,52.16312259374351,0.0,0.0,0.0,0.0,false,, 1.0
2026-03-10 13:27:59 +0000,Back Squat, 10,20.411656667117025,0.0,0.0,0.0,0.0,true,, 1.0
2026-03-10 13:27:59 +0000,Back Squat, 8,61.23497000135107,0.0,0.0,0.0,0.0,true,, 1.0
2026-03-10 13:27:59 +0000,Back Squat, 8,111.1301307431927,0.0,0.0,0.0,0.0,false,, 1.0
2026-03-10 13:27:59 +0000,Back Squat, 8,111.1301307431927,0.0,0.0,0.0,0.0,false,, 1.0
2026-03-10 13:27:59 +0000,Back Squat, 6,111.1301307431927,0.0,0.0,0.0,0.0,false,, 1.0
2026-03-10 13:27:59 +0000,Machine Hip Abductor, 10,108.86216889129079,0.0,0.0,0.0,0.0,false,12x70 2 sets 10x80 total, 1.0
2026-03-10 13:27:59 +0000,Machine Hip Abductor, 10,108.86216889129079,0.0,0.0,0.0,0.0,false,12x70 2 sets 10x80 total, 1.0
2026-03-10 13:27:59 +0000,Machine Hip Abductor, 10,108.86216889129079,0.0,0.0,0.0,0.0,false,12x70 2 sets 10x80 total, 1.0
2026-03-10 13:27:59 +0000,Machine Hip Adductor, 10,90.71847407607567,0.0,0.0,0.0,0.0,false,3x10 60lb total, 1.0
2026-03-10 13:27:59 +0000,Machine Hip Adductor, 10,90.71847407607567,0.0,0.0,0.0,0.0,false,3x10 60lb total, 1.0
2026-03-10 13:27:59 +0000,Machine Hip Adductor, 10,90.71847407607567,0.0,0.0,0.0,0.0,false,3x10 60lb total, 1.0
2026-03-10 13:27:59 +0000,Standing Machine Calf Press, 10,170.09713889264188,0.0,0.0,0.0,0.0,false,, 1.0
2026-03-10 13:27:59 +0000,Standing Machine Calf Press, 10,170.09713889264188,0.0,0.0,0.0,0.0,false,, 1.0
2026-03-10 13:27:59 +0000,Standing Machine Calf Press, 10,170.09713889264188,0.0,0.0,0.0,0.0,false,, 1.0
2026-03-07 12:31:41 +0000,Barbell Bench Press, 10,20.411656667117025,0.0,0.0,0.0,0.0,true,, 1.0
2026-03-07 12:31:41 +0000,Barbell Bench Press, 6,43.09127518613594,0.0,0.0,0.0,0.0,true,, 1.0
2026-03-07 12:31:41 +0000,Barbell Bench Press, 3,90.71858188712795,0.0,0.0,0.0,0.0,false,, 1.0
2026-03-07 12:31:41 +0000,Barbell Bench Press, 3,90.71858188712795,0.0,0.0,0.0,0.0,false,, 1.0
2026-03-07 12:31:41 +0000,Barbell Bench Press, 3,90.71858188712795,0.0,0.0,0.0,0.0,false,, 1.0
2026-03-07 12:31:41 +0000,Pull Up, 9,0.0,0.0,0.0,0.0,0.0,false,, 1.0
2026-03-07 12:31:41 +0000,Pull Up, 8,0.0,0.0,0.0,0.0,0.0,false,, 1.0
2026-03-07 12:31:41 +0000,Cable Lateral Raise, 11,6.8038855557056745,0.0,0.0,0.0,0.0,false,, 2.0
2026-03-07 12:31:41 +0000,Cable Lateral Raise, 9,6.8038855557056745,0.0,0.0,0.0,0.0,false,, 2.0
2026-03-07 12:31:41 +0000,Behind the Back Cable Bicep Curl, 12,11.339809259509458,0.0,0.0,0.0,0.0,false,, 2.0
2026-03-07 12:31:41 +0000,Behind the Back Cable Bicep Curl, 9,11.339809259509458,0.0,0.0,0.0,0.0,false,, 2.0
2026-03-07 12:31:41 +0000,Cable Rope Overhead Triceps Extension, 11,20.411656667117025,0.0,0.0,0.0,0.0,false,, 1.0
2026-03-07 12:31:41 +0000,Cable Rope Overhead Triceps Extension, 10,20.411656667117025,0.0,0.0,0.0,0.0,false,, 1.0
2026-03-07 12:31:41 +0000,Ab Crunch Machine, 10,68.03885555705675,0.0,0.0,0.0,0.0,false,, 1.0
2026-03-07 12:31:41 +0000,Ab Crunch Machine, 10,77.11070296466431,0.0,0.0,0.0,0.0,false,, 1.0
2026-03-07 12:31:41 +0000,Ab Crunch Machine, 10,77.11070296466431,0.0,0.0,0.0,0.0,false,, 1.0
2026-03-06 14:21:46 +0000,Romanian Deadlift, 9,120.20197815080026,0.0,0.0,0.0,0.0,false,, 1.0
2026-03-06 14:21:46 +0000,Romanian Deadlift, 8,120.20197815080026,0.0,0.0,0.0,0.0,false,, 1.0
2026-03-06 14:21:46 +0000,Romanian Deadlift, 6,120.20197815080026,0.0,0.0,0.0,0.0,false,, 1.0
2026-03-06 14:21:46 +0000,Single Leg Leg Extension, 12,29.02991170434421,0.0,0.0,0.0,0.0,false,, 2.0
2026-03-06 14:21:46 +0000,Single Leg Leg Extension, 12,29.02991170434421,0.0,0.0,0.0,0.0,false,, 2.0
2026-03-06 14:21:46 +0000,Single Leg Leg Extension, 12,29.02991170434421,0.0,0.0,0.0,0.0,false,, 2.0
2026-03-06 14:21:46 +0000,Machine Hip Abductor, 10,108.86229826455354,0.0,0.0,0.0,0.0,false,booty builder 2x10 70lb total, 1.0
2026-03-06 14:21:46 +0000,Machine Hip Abductor, 10,108.86229826455354,0.0,0.0,0.0,0.0,false,booty builder 2x10 70lb total, 1.0
2026-03-06 14:21:46 +0000,Machine Hip Adductor, 10,90.71858188712795,0.0,0.0,0.0,0.0,false,booty builder 2x10 60lb total, 1.0
2026-03-06 14:21:46 +0000,Machine Hip Adductor, 10,90.71858188712795,0.0,0.0,0.0,0.0,false,booty builder 2x10 60lb total, 1.0
2026-03-06 14:21:46 +0000,Standing Machine Calf Press, 10,167.82917704073998,0.0,0.0,0.0,0.0,false,, 1.0
2026-03-06 14:21:46 +0000,Standing Machine Calf Press, 11,167.82917704073998,0.0,0.0,0.0,0.0,false,, 1.0
2026-03-06 14:21:46 +0000,Standing Machine Calf Press, 10,167.82917704073998,0.0,0.0,0.0,0.0,false,, 1.0
2026-03-05 14:01:03 +0000,Barbell Incline Bench Press, 10,20.411656667117025,0.0,0.0,0.0,0.0,true,, 1.0
2026-03-05 14:01:03 +0000,Barbell Incline Bench Press, 6,43.09127518613594,0.0,0.0,0.0,0.0,true,, 1.0
2026-03-05 14:01:03 +0000,Barbell Incline Bench Press, 9,72.57477926086054,0.0,0.0,0.0,0.0,false,, 1.0
2026-03-05 14:01:03 +0000,Barbell Incline Bench Press, 7,72.57477926086054,0.0,0.0,0.0,0.0,false,, 1.0
2026-03-05 14:01:03 +0000,Barbell Incline Bench Press, 6,72.57477926086054,0.0,0.0,0.0,0.0,false,, 1.0
2026-03-05 14:01:03 +0000,Pull Up, 9,4.535923703803784,0.0,0.0,0.0,0.0,false,, 1.0
2026-03-05 14:01:03 +0000,Pull Up, 6,4.535923703803784,0.0,0.0,0.0,0.0,false,, 1.0
2026-03-05 14:01:03 +0000,Cable Lateral Raise, 11,6.8038855557056745,0.0,0.0,0.0,0.0,false,, 2.0
2026-03-05 14:01:03 +0000,Cable Lateral Raise, 9,6.8038855557056745,0.0,0.0,0.0,0.0,false,, 2.0
2026-03-05 14:01:03 +0000,Behind the Back Cable Bicep Curl, 12,11.339809259509458,0.0,0.0,0.0,0.0,false,, 2.0
2026-03-05 14:01:03 +0000,Behind the Back Cable Bicep Curl, 11,11.339809259509458,0.0,0.0,0.0,0.0,false,, 2.0
2026-03-05 14:01:03 +0000,Cable Rope Overhead Triceps Extension, 11,19.277675741166078,0.0,0.0,0.0,0.0,false,, 1.0
2026-03-05 14:01:03 +0000,Cable Rope Overhead Triceps Extension, 11,19.277675741166078,0.0,0.0,0.0,0.0,false,, 1.0
2026-03-05 14:01:03 +0000,Cable Crunch, 21,95.25439777987945,0.0,0.0,0.0,0.0,false,, 1.0
2026-03-05 14:01:03 +0000,Cable Crunch, 20,95.25439777987945,0.0,0.0,0.0,0.0,false,, 1.0
2026-03-05 14:01:03 +0000,Dumbbell Fly, 11,18.14371637742559,0.0,0.0,0.0,0.0,false,, 2.0
2026-03-04 14:05:12 +0000,Back Squat, 10,20.411656667117025,0.0,0.0,0.0,0.0,true,, 1.0
2026-03-04 14:05:12 +0000,Back Squat, 8,61.23497000135107,0.0,0.0,0.0,0.0,true,, 1.0
2026-03-04 14:05:12 +0000,Back Squat, 4,115.66605444699647,0.0,0.0,0.0,0.0,false,, 1.0
2026-03-04 14:05:12 +0000,Back Squat, 10,102.05828333558512,0.0,0.0,0.0,0.0,false,, 1.0
2026-03-04 14:05:12 +0000,Back Squat, 10,102.05828333558512,0.0,0.0,0.0,0.0,false,, 1.0
2026-03-04 14:05:12 +0000,Seated Leg Curl, 8,31.751465926626484,0.0,0.0,0.0,0.0,true,, 1.0
2026-03-04 14:05:12 +0000,Seated Leg Curl, 10,52.16312259374351,0.0,0.0,0.0,0.0,false,, 1.0
2026-03-04 14:05:12 +0000,Seated Leg Curl, 9,52.16312259374351,0.0,0.0,0.0,0.0,false,, 1.0
2026-03-04 14:05:12 +0000,Machine Hip Abductor, 12,104.32624518748702,0.0,0.0,0.0,0.0,false,, 1.0
2026-03-04 14:05:12 +0000,Machine Hip Abductor, 12,106.5942070393889,0.0,0.0,0.0,0.0,false,, 1.0
2026-03-04 14:05:12 +0000,Standing Machine Calf Press, 10,167.82917704073998,0.0,0.0,0.0,0.0,false,, 1.0
2026-03-04 14:05:12 +0000,Standing Machine Calf Press, 10,167.82917704073998,0.0,0.0,0.0,0.0,false,, 1.0
2026-03-04 14:05:12 +0000,Standing Machine Calf Press, 9,167.82917704073998,0.0,0.0,0.0,0.0,false,, 1.0
2026-03-04 14:05:12 +0000,Hanging Knee Raise, 16,0.0,0.0,0.0,0.0,0.0,false,, 1.0
2026-03-04 14:05:12 +0000,Hanging Knee Raise, 13,0.0,0.0,0.0,0.0,0.0,false,, 1.0
2026-03-03 14:04:19 +0000,Pull Up, 11,0.0,0.0,0.0,0.0,0.0,false,, 1.0
2026-03-03 14:04:19 +0000,Pull Up, 10,0.0,0.0,0.0,0.0,0.0,false,, 1.0
2026-03-03 14:04:19 +0000,Barbell Incline Bench Press, 10,20.411656667117025,0.0,0.0,0.0,0.0,true,, 1.0
2026-03-03 14:04:19 +0000,Barbell Incline Bench Press, 6,43.09127518613594,0.0,0.0,0.0,0.0,true,, 1.0
2026-03-03 14:04:19 +0000,Barbell Incline Bench Press, 8,72.57477926086054,0.0,0.0,0.0,0.0,false,, 1.0
2026-03-03 14:04:19 +0000,Barbell Incline Bench Press, 7,74.84274111276243,0.0,0.0,0.0,0.0,false,, 1.0
2026-02-28 16:41:00 +0000,Walking, 0,0.0,1200.0,1609.344,0.0,0.0,false,, 0.0
2026-02-27 14:26:30 +0000,Barbell Incline Bench Press, 10,20.411656667117025,0.0,0.0,0.0,0.0,true,, 1.0
2026-02-27 14:26:30 +0000,Barbell Incline Bench Press, 6,43.09127518613594,0.0,0.0,0.0,0.0,true,, 1.0
2026-02-27 14:26:30 +0000,Barbell Incline Bench Press, 10,70.30681740895864,0.0,0.0,0.0,0.0,false,, 1.0
2026-02-27 14:26:30 +0000,Barbell Incline Bench Press, 9,70.30681740895864,0.0,0.0,0.0,0.0,false,, 1.0
2026-02-27 14:26:30 +0000,Barbell Incline Bench Press, 6,70.30681740895864,0.0,0.0,0.0,0.0,false,, 1.0
2026-02-27 14:26:30 +0000,Pull Up, 9,4.535923703803784,0.0,0.0,0.0,0.0,false,, 1.0
2026-02-27 14:26:30 +0000,Pull Up, 6,4.535923703803784,0.0,0.0,0.0,0.0,false,, 1.0
2026-02-27 14:26:30 +0000,Cable Rope Overhead Triceps Extension, 10,19.277675741166078,0.0,0.0,0.0,0.0,false,, 1.0
2026-02-27 14:26:30 +0000,Cable Rope Overhead Triceps Extension, 11,19.277675741166078,0.0,0.0,0.0,0.0,false,, 1.0
2026-02-27 14:26:30 +0000,Behind the Back Cable Bicep Curl, 11,11.339809259509458,0.0,0.0,0.0,0.0,false,, 2.0
2026-02-27 14:26:30 +0000,Behind the Back Cable Bicep Curl, 11,11.339809259509458,0.0,0.0,0.0,0.0,false,, 2.0
2026-02-27 14:26:30 +0000,Cable Lateral Raise, 11,6.8038855557056745,0.0,0.0,0.0,0.0,false,, 2.0
2026-02-27 14:26:30 +0000,Cable Lateral Raise, 10,6.8038855557056745,0.0,0.0,0.0,0.0,false,, 2.0
2026-02-27 14:26:30 +0000,Cable Crunch, 20,92.98643592797755,0.0,0.0,0.0,0.0,false,, 1.0
2026-02-27 14:26:30 +0000,Cable Crunch, 19,92.98643592797755,0.0,0.0,0.0,0.0,false,, 1.0
2026-02-27 14:26:30 +0000,Dumbbell Fly, 10,18.14371637742559,0.0,0.0,0.0,0.0,false,, 2.0
2026-02-27 14:26:30 +0000,Dumbbell Fly, 10,18.14371637742559,0.0,0.0,0.0,0.0,false,, 2.0
2026-02-26 14:34:49 +0000,Skierg, 0,0.0,125.0,500.0,0.0,0.0,false,, 0.0
2026-02-26 14:34:49 +0000,Skierg, 0,0.0,140.0,500.0,0.0,0.0,false,, 0.0
2026-02-26 14:34:49 +0000,Sled Push, 0,149.68548222552485,0.0,18.287999414784018,0.0,0.0,false,, 0.0
2026-02-26 14:34:49 +0000,Sled Push, 0,149.68548222552485,0.0,18.287999414784018,0.0,0.0,false,, 0.0
2026-02-26 14:34:49 +0000,Sled Push, 0,149.68548222552485,0.0,18.287999414784018,0.0,0.0,false,, 0.0
2026-02-26 14:34:49 +0000,Sled Drag, 0,113.39809259509458,0.0,18.287999414784018,0.0,0.0,false,, 0.0
2026-02-26 14:34:49 +0000,Sled Drag, 0,113.39809259509458,0.0,18.287999414784018,0.0,0.0,false,, 0.0
2026-02-26 14:34:49 +0000,Sled Drag, 0,113.39809259509458,0.0,18.287999414784018,0.0,0.0,false,, 0.0
2026-02-26 14:34:49 +0000,Farmer's Walk, 0,26.308357482061943,0.0,36.575998829568036,0.0,0.0,false,, 0.0
2026-02-26 14:34:49 +0000,Farmer's Walk, 0,26.308357482061943,0.0,36.575998829568036,0.0,0.0,false,, 0.0
2026-02-26 14:34:49 +0000,Farmer's Walk, 0,26.308357482061943,0.0,36.575998829568036,0.0,0.0,false,, 0.0
2026-02-26 14:34:49 +0000,Farmer's Walk, 0,26.308357482061943,0.0,36.575998829568036,0.0,0.0,false,, 0.0
2026-02-26 14:34:49 +0000,Farmer's Walk, 0,26.308357482061943,0.0,36.575998829568036,0.0,0.0,false,, 0.0
2026-02-26 14:34:49 +0000,Wall Ball, 25,3.6287389630430265,0.0,0.0,0.0,0.0,false,, 1.0
2026-02-26 14:34:49 +0000,Wall Ball, 25,3.6287389630430265,0.0,0.0,0.0,0.0,false,, 1.0
2026-02-26 14:34:49 +0000,Wall Ball, 25,4.535923703803784,0.0,0.0,0.0,0.0,false,, 1.0
2026-02-26 14:34:49 +0000,Wall Ball, 25,4.535923703803784,0.0,0.0,0.0,0.0,false,, 1.0
2026-02-26 14:34:49 +0000,Wall Ball, 25,4.535923703803784,0.0,0.0,0.0,0.0,false,, 1.0
2026-02-25 14:28:49 +0000,Barbell Incline Bench Press, 10,20.411656667117025,0.0,0.0,0.0,0.0,true,, 1.0
2026-02-25 14:28:49 +0000,Barbell Incline Bench Press, 6,43.09127518613594,0.0,0.0,0.0,0.0,true,, 1.0
2026-02-25 14:28:49 +0000,Barbell Incline Bench Press, 8,72.57477926086054,0.0,0.0,0.0,0.0,false,, 1.0
2026-02-25 14:28:49 +0000,Barbell Incline Bench Press, 6,72.57477926086054,0.0,0.0,0.0,0.0,false,, 1.0
2026-02-25 14:28:49 +0000,Pull Up, 10,0.0,0.0,0.0,0.0,0.0,false,, 1.0
2026-02-25 14:28:49 +0000,Pull Up, 8,0.0,0.0,0.0,0.0,0.0,false,, 1.0
2026-02-25 14:28:49 +0000,Pull Up, 5,0.0,0.0,0.0,0.0,0.0,false,, 1.0
2026-02-25 14:28:49 +0000,Cable Rope Overhead Triceps Extension, 11,19.277675741166078,0.0,0.0,0.0,0.0,false,, 1.0
2026-02-25 14:28:49 +0000,Cable Rope Overhead Triceps Extension, 9,19.277675741166078,0.0,0.0,0.0,0.0,false,, 1.0
2026-02-25 14:28:49 +0000,Cable Crunch, 18,90.71847407607567,0.0,0.0,0.0,0.0,false,, 1.0
2026-02-25 14:28:49 +0000,Cable Crunch, 18,90.71847407607567,0.0,0.0,0.0,0.0,false,, 1.0
2026-02-25 14:28:49 +0000,Cable Lateral Raise, 11,6.8038855557056745,0.0,0.0,0.0,0.0,false,, 2.0
2026-02-25 14:28:49 +0000,Cable Lateral Raise, 9,6.8038855557056745,0.0,0.0,0.0,0.0,false,, 2.0
2026-02-25 14:28:49 +0000,Behind the Back Cable Bicep Curl, 11,11.339809259509458,0.0,0.0,0.0,0.0,false,, 2.0
2026-02-25 14:28:49 +0000,Behind the Back Cable Bicep Curl, 11,11.339809259509458,0.0,0.0,0.0,0.0,false,, 2.0
2026-02-24 15:21:07 +0000,Back Squat, 10,20.411656667117025,0.0,0.0,0.0,0.0,true,, 1.0
2026-02-24 15:21:07 +0000,Back Squat, 8,61.23497000135107,0.0,0.0,0.0,0.0,true,, 1.0
2026-02-24 15:21:07 +0000,Back Squat, 8,111.1301307431927,0.0,0.0,0.0,0.0,false,, 1.0
2026-02-24 15:21:07 +0000,Back Squat, 6,111.1301307431927,0.0,0.0,0.0,0.0,false,, 1.0
2026-02-24 15:21:07 +0000,Power Clean, 4,20.411656667117025,0.0,0.0,0.0,0.0,true,, 1.0
2026-02-24 15:21:07 +0000,Power Clean, 4,43.09127518613594,0.0,0.0,0.0,0.0,true,, 1.0
2026-02-24 15:21:07 +0000,Power Clean, 4,61.23497000135107,0.0,0.0,0.0,0.0,false,, 1.0
2026-02-24 15:21:07 +0000,Power Clean, 1,70.30681740895864,0.0,0.0,0.0,0.0,false,, 1.0
2026-02-24 15:21:07 +0000,Power Clean, 1,83.91458852036999,0.0,0.0,0.0,0.0,false,, 1.0
2026-02-24 15:21:07 +0000,Jumping Jack, 0,0.0,30.0,0.0,0.0,0.0,false,, 0.0
2026-02-24 15:21:07 +0000,Jumping Jack, 0,0.0,30.0,0.0,0.0,0.0,false,, 0.0
2026-02-20 15:34:09 +0000,Barbell Bench Press, 10,20.411656667117025,0.0,0.0,0.0,0.0,true,, 1.0
2026-02-20 15:34:09 +0000,Barbell Bench Press, 6,43.09127518613594,0.0,0.0,0.0,0.0,true,, 1.0
2026-02-20 15:34:09 +0000,Barbell Bench Press, 7,83.91458852036999,0.0,0.0,0.0,0.0,false,, 1.0
2026-02-20 15:34:09 +0000,Barbell Bench Press, 6,83.91458852036999,0.0,0.0,0.0,0.0,false,, 1.0
2026-02-20 15:34:09 +0000,Pull Up, 10,0.0,0.0,0.0,0.0,0.0,false,, 1.0
2026-02-20 15:34:09 +0000,Pull Up, 8,0.0,0.0,0.0,0.0,0.0,false,, 1.0
2026-02-20 15:34:09 +0000,Cable Rope Overhead Triceps Extension, 11,19.277675741166078,0.0,0.0,0.0,0.0,false,, 1.0
2026-02-20 15:34:09 +0000,Cable Rope Overhead Triceps Extension, 8,19.277675741166078,0.0,0.0,0.0,0.0,false,, 1.0
2026-02-20 15:34:09 +0000,Cable Crunch, 15,90.71847407607567,0.0,0.0,0.0,0.0,false,, 1.0
2026-02-20 15:34:09 +0000,Cable Crunch, 16,90.71847407607567,0.0,0.0,0.0,0.0,false,, 1.0
2026-02-18 15:20:56 +0000,Barbell Incline Bench Press, 10,20.411656667117025,0.0,0.0,0.0,0.0,true,, 1.0
2026-02-18 15:20:56 +0000,Barbell Incline Bench Press, 6,43.09127518613594,0.0,0.0,0.0,0.0,true,, 1.0
2026-02-18 15:20:56 +0000,Barbell Incline Bench Press, 9,70.30681740895864,0.0,0.0,0.0,0.0,false,, 1.0
2026-02-18 15:20:56 +0000,Barbell Incline Bench Press, 9,70.30681740895864,0.0,0.0,0.0,0.0,false,, 1.0
2026-02-18 15:20:56 +0000,Cable Lateral Raise, 13,5.669904629754729,0.0,0.0,0.0,0.0,false,, 2.0
2026-02-18 15:20:56 +0000,Cable Lateral Raise, 13,5.669904629754729,0.0,0.0,0.0,0.0,false,, 2.0
2026-02-18 15:20:56 +0000,Behind the Back Cable Bicep Curl, 11,11.339809259509458,0.0,0.0,0.0,0.0,false,, 2.0
2026-02-18 15:20:56 +0000,Behind the Back Cable Bicep Curl, 10,11.339809259509458,0.0,0.0,0.0,0.0,false,, 2.0
2026-02-18 15:20:56 +0000,Dumbbell Fly, 10,18.143694815215134,0.0,0.0,0.0,0.0,false,, 2.0
2026-02-18 15:20:56 +0000,Dumbbell Fly, 9,18.143694815215134,0.0,0.0,0.0,0.0,false,, 2.0
2026-02-17 15:10:44 +0000,Seated Leg Curl, 8,31.751465926626484,0.0,0.0,0.0,0.0,true,, 1.0
2026-02-17 15:10:44 +0000,Seated Leg Curl, 9,52.16312259374351,0.0,0.0,0.0,0.0,false,, 1.0
2026-02-17 15:10:44 +0000,Seated Leg Curl, 9,52.16312259374351,0.0,0.0,0.0,0.0,false,, 1.0
2026-02-17 15:10:44 +0000,Back Squat, 10,20.411656667117025,0.0,0.0,0.0,0.0,true,, 1.0
2026-02-17 15:10:44 +0000,Back Squat, 6,61.23497000135107,0.0,0.0,0.0,0.0,true,, 1.0
2026-02-17 15:10:44 +0000,Back Squat, 8,106.5942070393889,0.0,0.0,0.0,0.0,false,, 1.0
2026-02-17 15:10:44 +0000,Back Squat, 8,106.5942070393889,0.0,0.0,0.0,0.0,false,, 1.0
2026-02-17 15:10:44 +0000,Romanian Deadlift, 8,115.66605444699647,0.0,0.0,0.0,0.0,false,, 1.0
2026-02-17 15:10:44 +0000,Romanian Deadlift, 8,115.66605444699647,0.0,0.0,0.0,0.0,false,, 1.0
2026-02-17 15:10:44 +0000,Single Leg Leg Extension, 5,20.411656667117025,0.0,0.0,0.0,0.0,true,, 2.0
2026-02-17 15:10:44 +0000,Single Leg Leg Extension, 12,26.76194985244232,0.0,0.0,0.0,0.0,false,, 2.0
2026-02-17 15:10:44 +0000,Single Leg Leg Extension, 10,29.02991170434421,0.0,0.0,0.0,0.0,false,, 2.0
2026-02-16 14:55:55 +0000,Barbell Bench Press, 10,20.411656667117025,0.0,0.0,0.0,0.0,true,, 1.0
2026-02-16 14:55:55 +0000,Barbell Bench Press, 8,43.09127518613594,0.0,0.0,0.0,0.0,true,, 1.0
2026-02-16 14:55:55 +0000,Barbell Bench Press, 9,79.3786648165662,0.0,0.0,0.0,0.0,false,, 1.0
2026-02-16 14:55:55 +0000,Barbell Bench Press, 7,79.3786648165662,0.0,0.0,0.0,0.0,false,, 1.0
2026-02-16 14:55:55 +0000,Barbell Bench Press, 5,79.3786648165662,0.0,0.0,0.0,0.0,false,, 1.0
2026-02-16 14:55:55 +0000,Pull Up, 9,0.0,0.0,0.0,0.0,0.0,false,, 1.0
2026-02-16 14:55:55 +0000,Pull Up, 6,0.0,0.0,0.0,0.0,0.0,false,, 1.0
2026-02-16 14:55:55 +0000,Cable Rope Overhead Triceps Extension, 12,17.009713889264187,0.0,0.0,0.0,0.0,false,elbow height, 1.0
2026-02-16 14:55:55 +0000,Cable Rope Overhead Triceps Extension, 8,19.277675741166078,0.0,0.0,0.0,0.0,false,elbow height, 1.0
2026-02-16 14:55:55 +0000,Cable Crunch, 15,90.71847407607567,0.0,0.0,0.0,0.0,false,, 1.0
2026-02-16 14:55:55 +0000,Cable Crunch, 15,90.71847407607567,0.0,0.0,0.0,0.0,false,, 1.0
2026-02-14 19:43:35 +0000,Rowing, 0,0.0,720.0,1000.0,0.0,0.0,false,, 0.0
2026-02-14 19:43:35 +0000,Farmer's Walk, 0,24.947580370920807,0.0,36.575998829568036,0.0,0.0,false,, 0.0
2026-02-14 19:43:35 +0000,Farmer's Walk, 0,24.947580370920807,0.0,36.575998829568036,0.0,0.0,false,, 0.0
2026-02-14 19:43:35 +0000,Farmer's Walk, 0,24.947580370920807,0.0,36.575998829568036,0.0,0.0,false,, 0.0
2026-02-14 19:43:35 +0000,Farmer's Walk, 0,24.947580370920807,0.0,36.575998829568036,0.0,0.0,false,, 0.0
2026-02-14 19:43:35 +0000,Farmer's Walk, 0,24.947580370920807,0.0,36.575998829568036,0.0,0.0,false,, 0.0
2026-02-14 19:43:35 +0000,Sandbag Walking Lunges, 17,36.28738963043027,0.0,0.0,0.0,0.0,false,, 1.0
2026-02-14 19:43:35 +0000,Sandbag Walking Lunges, 17,36.28738963043027,0.0,0.0,0.0,0.0,false,, 1.0
2026-02-14 19:43:35 +0000,Sandbag Walking Lunges, 17,36.28738963043027,0.0,0.0,0.0,0.0,false,, 1.0
2026-02-14 19:43:35 +0000,Wall Ball, 25,6.8038855557056745,0.0,0.0,0.0,0.0,false,, 1.0
2026-02-14 19:43:35 +0000,Wall Ball, 25,6.8038855557056745,0.0,0.0,0.0,0.0,false,, 1.0
2026-02-14 19:43:35 +0000,Wall Ball, 25,6.8038855557056745,0.0,0.0,0.0,0.0,false,, 1.0
2026-02-14 19:43:35 +0000,Wall Ball, 25,6.8038855557056745,0.0,0.0,0.0,0.0,false,, 1.0
2026-02-13 14:54:49 +0000,Back Squat, 10,20.411656667117025,0.0,0.0,0.0,0.0,true,, 1.0
2026-02-13 14:54:49 +0000,Back Squat, 6,61.23497000135107,0.0,0.0,0.0,0.0,true,, 1.0
2026-02-13 14:54:49 +0000,Back Squat, 3,83.91458852036999,0.0,0.0,0.0,0.0,true,, 1.0
2026-02-13 14:54:49 +0000,Back Squat, 8,102.05828333558512,0.0,0.0,0.0,0.0,false,, 1.0
2026-02-13 14:54:49 +0000,Back Squat, 8,102.05828333558512,0.0,0.0,0.0,0.0,false,, 1.0
2026-02-13 14:54:49 +0000,Seated Leg Curl, 8,31.751465926626484,0.0,0.0,0.0,0.0,true,, 1.0
2026-02-13 14:54:49 +0000,Seated Leg Curl, 10,49.895160741841615,0.0,0.0,0.0,0.0,false,, 1.0
2026-02-13 14:54:49 +0000,Seated Leg Curl, 10,49.895160741841615,0.0,0.0,0.0,0.0,false,, 1.0
2026-02-13 14:54:49 +0000,Machine Hip Abductor, 10,102.05828333558512,0.0,0.0,0.0,0.0,false,, 1.0
2026-02-13 14:54:49 +0000,Machine Hip Abductor, 12,102.05828333558512,0.0,0.0,0.0,0.0,false,, 1.0
2026-02-13 14:54:49 +0000,Machine Hip Adductor, 12,90.71847407607567,0.0,0.0,0.0,0.0,false,, 1.0
2026-02-13 14:54:49 +0000,Machine Hip Adductor, 12,97.52235963178134,0.0,0.0,0.0,0.0,false,, 1.0
2026-02-13 14:54:49 +0000,Standing Machine Calf Press, 10,149.68548222552485,0.0,0.0,0.0,0.0,false,, 1.0
2026-02-13 14:54:49 +0000,Standing Machine Calf Press, 10,158.7573296331324,0.0,0.0,0.0,0.0,false,, 1.0
2026-02-13 14:54:49 +0000,Standing Machine Calf Press, 10,163.2932533369362,0.0,0.0,0.0,0.0,false,, 1.0
2026-02-13 14:54:49 +0000,Hanging Knee Raise, 12,0.0,0.0,0.0,0.0,0.0,false,, 1.0
2026-02-13 14:54:49 +0000,Hanging Knee Raise, 13,0.0,0.0,0.0,0.0,0.0,false,, 1.0
2026-02-12 15:06:30 +0000,Barbell Incline Bench Press, 10,20.411656667117025,0.0,0.0,0.0,0.0,true,, 1.0
2026-02-12 15:06:30 +0000,Barbell Incline Bench Press, 6,43.09127518613594,0.0,0.0,0.0,0.0,true,, 1.0
2026-02-12 15:06:30 +0000,Barbell Incline Bench Press, 9,70.30681740895864,0.0,0.0,0.0,0.0,false,, 1.0
2026-02-12 15:06:30 +0000,Barbell Incline Bench Press, 8,70.30681740895864,0.0,0.0,0.0,0.0,false,, 1.0
2026-02-12 15:06:30 +0000,Pendlay Row, 10,20.411656667117025,0.0,0.0,0.0,0.0,true,, 1.0
2026-02-12 15:06:30 +0000,Pendlay Row, 5,43.09127518613594,0.0,0.0,0.0,0.0,true,, 1.0
2026-02-12 15:06:30 +0000,Pendlay Row, 10,56.69904629754729,0.0,0.0,0.0,0.0,false,, 1.0
2026-02-12 15:06:30 +0000,Pendlay Row, 10,56.69904629754729,0.0,0.0,0.0,0.0,false,, 1.0
2026-02-12 15:06:30 +0000,Dumbbell Lateral Raise, 15,4.535923703803784,0.0,0.0,0.0,0.0,false,, 2.0
2026-02-12 15:06:30 +0000,Dumbbell Lateral Raise, 15,4.535923703803784,0.0,0.0,0.0,0.0,false,, 2.0
2026-02-12 15:06:30 +0000,Dumbbell Fly, 9,18.143694815215134,0.0,0.0,0.0,0.0,false,, 2.0
2026-02-12 15:06:30 +0000,Dumbbell Fly, 9,18.143694815215134,0.0,0.0,0.0,0.0,false,, 2.0
2026-02-11 14:59:22 +0000,Seated Leg Curl, 8,31.751465926626484,0.0,0.0,0.0,0.0,true,, 1.0
2026-02-11 14:59:22 +0000,Seated Leg Curl, 9,52.16312259374351,0.0,0.0,0.0,0.0,false,, 1.0
2026-02-11 14:59:22 +0000,Seated Leg Curl, 9,52.16312259374351,0.0,0.0,0.0,0.0,false,, 1.0
2026-02-11 14:59:22 +0000,Back Squat, 10,20.411656667117025,0.0,0.0,0.0,0.0,true,, 1.0
2026-02-11 14:59:22 +0000,Back Squat, 5,61.23497000135107,0.0,0.0,0.0,0.0,true,, 1.0
2026-02-11 14:59:22 +0000,Back Squat, 7,102.05828333558512,0.0,0.0,0.0,0.0,false,, 1.0
2026-02-11 14:59:22 +0000,Back Squat, 7,102.05828333558512,0.0,0.0,0.0,0.0,false,, 1.0
2026-02-11 14:59:22 +0000,Back Squat, 7,102.05828333558512,0.0,0.0,0.0,0.0,false,, 1.0
2026-02-11 14:59:22 +0000,Romanian Deadlift, 8,111.1301307431927,0.0,0.0,0.0,0.0,false,, 1.0
2026-02-11 14:59:22 +0000,Romanian Deadlift, 8,111.1301307431927,0.0,0.0,0.0,0.0,false,, 1.0
2026-02-11 14:59:22 +0000,Standing Machine Calf Press, 12,131.54178741030972,0.0,0.0,0.0,0.0,false,, 1.0
2026-02-11 14:59:22 +0000,Standing Machine Calf Press, 12,136.0777111141135,0.0,0.0,0.0,0.0,false,, 1.0
2026-02-11 14:59:22 +0000,Single Leg Leg Extension, 8,15.875732963313242,0.0,0.0,0.0,0.0,true,, 2.0
2026-02-11 14:59:22 +0000,Single Leg Leg Extension, 12,24.49398800054043,0.0,0.0,0.0,0.0,false,, 2.0
2026-02-11 14:59:22 +0000,Single Leg Leg Extension, 12,24.49398800054043,0.0,0.0,0.0,0.0,false,, 2.0
2026-02-10 14:44:17 +0000,Barbell Incline Bench Press, 10,20.411656667117025,0.0,0.0,0.0,0.0,true,, 1.0
2026-02-10 14:44:17 +0000,Barbell Incline Bench Press, 5,43.09127518613594,0.0,0.0,0.0,0.0,true,, 1.0
2026-02-10 14:44:17 +0000,Barbell Incline Bench Press, 8,70.30681740895864,0.0,0.0,0.0,0.0,false,, 1.0
2026-02-10 14:44:17 +0000,Barbell Incline Bench Press, 8,70.30681740895864,0.0,0.0,0.0,0.0,false,, 1.0
2026-02-10 14:44:17 +0000,Barbell Incline Bench Press, 7,70.30681740895864,0.0,0.0,0.0,0.0,false,, 1.0
2026-02-10 14:44:17 +0000,Pull Up, 8,4.535923703803784,0.0,0.0,0.0,0.0,false,, 1.0
2026-02-10 14:44:17 +0000,Pull Up, 6,4.535923703803784,0.0,0.0,0.0,0.0,false,, 1.0
2026-02-10 14:44:17 +0000,Pull Up, 5,4.535923703803784,0.0,0.0,0.0,0.0,false,, 1.0
2026-02-10 14:44:17 +0000,Cable Lateral Raise, 12,5.669904629754729,0.0,0.0,0.0,0.0,false,, 2.0
2026-02-10 14:44:17 +0000,Cable Lateral Raise, 12,5.669904629754729,0.0,0.0,0.0,0.0,false,, 2.0
2026-02-10 14:44:17 +0000,Behind the Back Cable Bicep Curl, 11,10.205828333558513,0.0,0.0,0.0,0.0,false,, 2.0
2026-02-10 14:44:17 +0000,Behind the Back Cable Bicep Curl, 11,10.205828333558513,0.0,0.0,0.0,0.0,false,, 2.0
2026-02-10 14:44:17 +0000,Cable Rope Overhead Triceps Extension, 12,18.143694815215134,0.0,0.0,0.0,0.0,false,, 1.0
2026-02-10 14:44:17 +0000,Cable Rope Overhead Triceps Extension, 9,18.143694815215134,0.0,0.0,0.0,0.0,false,, 1.0
2026-02-10 14:44:17 +0000,Cable Crunch, 13,90.71847407607567,0.0,0.0,0.0,0.0,false,, 1.0
2026-02-10 14:44:17 +0000,Cable Crunch, 13,90.71847407607567,0.0,0.0,0.0,0.0,false,, 1.0
2026-02-10 14:44:17 +0000,Dumbbell Fly, 12,15.875732963313242,0.0,0.0,0.0,0.0,false,, 2.0
2026-02-10 14:44:17 +0000,Dumbbell Fly, 12,15.875732963313242,0.0,0.0,0.0,0.0,false,, 2.0
2026-02-06 14:46:37 +0000,Sled Push, 0,92.98643592797755,0.0,18.287999414784018,0.0,0.0,false,, 0.0
2026-02-06 14:46:37 +0000,Sled Push, 0,92.98643592797755,0.0,18.287999414784018,0.0,0.0,false,, 0.0
2026-02-06 14:46:37 +0000,Sled Push, 0,92.98643592797755,0.0,18.287999414784018,0.0,0.0,false,, 0.0
2026-02-06 14:46:37 +0000,Sled Push, 0,92.98643592797755,0.0,18.287999414784018,0.0,0.0,false,, 0.0
2026-02-06 14:46:37 +0000,Sled Pull, 0,61.23497000135107,0.0,18.287999414784018,0.0,0.0,false,, 0.0
2026-02-06 14:46:37 +0000,Sled Pull, 0,61.23497000135107,0.0,18.287999414784018,0.0,0.0,false,, 0.0
2026-02-06 14:46:37 +0000,Sled Pull, 0,61.23497000135107,0.0,18.287999414784018,0.0,0.0,false,, 0.0
2026-02-06 14:46:37 +0000,Sled Pull, 0,61.23497000135107,0.0,18.287999414784018,0.0,0.0,false,, 0.0
2026-02-06 14:46:37 +0000,Farmer's Walk, 0,26.308357482061943,0.0,18.287999414784018,0.0,0.0,false,, 0.0
2026-02-06 14:46:37 +0000,Farmer's Walk, 0,26.308357482061943,0.0,18.287999414784018,0.0,0.0,false,, 0.0
2026-02-06 14:46:37 +0000,Farmer's Walk, 0,26.308357482061943,0.0,18.287999414784018,0.0,0.0,false,, 0.0
2026-02-06 14:46:37 +0000,Farmer's Walk, 0,26.308357482061943,0.0,18.287999414784018,0.0,0.0,false,, 0.0
2026-02-06 14:46:37 +0000,Dumbbell Walking Lunge, 11,9.071847407607567,0.0,0.0,0.0,0.0,false,, 4.0
2026-02-06 14:46:37 +0000,Dumbbell Walking Lunge, 11,9.071847407607567,0.0,0.0,0.0,0.0,false,, 4.0
2026-02-05 14:58:10 +0000,Barbell Incline Bench Press, 10,20.411656667117025,0.0,0.0,0.0,0.0,true,, 1.0
2026-02-05 14:58:10 +0000,Barbell Incline Bench Press, 8,40.82331333423405,0.0,0.0,0.0,0.0,true,, 1.0
2026-02-05 14:58:10 +0000,Barbell Incline Bench Press, 6,74.84274111276243,0.0,0.0,0.0,0.0,false,, 1.0
2026-02-05 14:58:10 +0000,Barbell Incline Bench Press, 5,74.84274111276243,0.0,0.0,0.0,0.0,false,, 1.0
2026-02-05 14:58:10 +0000,Pull Up, 10,0.0,0.0,0.0,0.0,0.0,false,, 1.0
2026-02-05 14:58:10 +0000,Pull Up, 7,0.0,0.0,0.0,0.0,0.0,false,, 1.0
2026-02-05 14:58:10 +0000,Dumbbell Fly, 11,15.875732963313242,0.0,0.0,0.0,0.0,false,, 2.0
2026-02-05 14:58:10 +0000,Dumbbell Fly, 11,15.875732963313242,0.0,0.0,0.0,0.0,false,, 2.0
2026-02-05 14:58:10 +0000,Pendlay Row, 10,22.679618519018916,0.0,0.0,0.0,0.0,true,, 1.0
2026-02-05 14:58:10 +0000,Pendlay Row, 9,56.69904629754729,0.0,0.0,0.0,0.0,false,, 1.0
2026-02-05 14:58:10 +0000,Pendlay Row, 9,56.69904629754729,0.0,0.0,0.0,0.0,false,, 1.0
2026-02-04 15:05:49 +0000,Seated Leg Curl, 8,29.483504074724593,0.0,0.0,0.0,0.0,true,, 1.0
2026-02-04 15:05:49 +0000,Seated Leg Curl, 8,52.16312259374351,0.0,0.0,0.0,0.0,false,, 1.0
2026-02-04 15:05:49 +0000,Seated Leg Curl, 8,52.16312259374351,0.0,0.0,0.0,0.0,false,, 1.0
2026-02-04 15:05:49 +0000,Back Squat, 10,20.411656667117025,0.0,0.0,0.0,0.0,true,, 1.0
2026-02-04 15:05:49 +0000,Back Squat, 5,61.23497000135107,0.0,0.0,0.0,0.0,true,, 1.0
2026-02-04 15:05:49 +0000,Back Squat, 6,102.05828333558512,0.0,0.0,0.0,0.0,false,, 1.0
2026-02-04 15:05:49 +0000,Back Squat, 6,102.05828333558512,0.0,0.0,0.0,0.0,false,, 1.0
2026-02-04 15:05:49 +0000,Romanian Deadlift, 8,61.23497000135107,0.0,0.0,0.0,0.0,true,, 1.0
2026-02-04 15:05:49 +0000,Romanian Deadlift, 10,102.05828333558512,0.0,0.0,0.0,0.0,false,, 1.0
2026-02-04 15:05:49 +0000,Romanian Deadlift, 8,102.05828333558512,0.0,0.0,0.0,0.0,false,, 1.0
2026-02-04 15:05:49 +0000,Single Leg Leg Extension, 10,24.947580370920807,0.0,0.0,0.0,0.0,false,, 2.0
2026-02-04 15:05:49 +0000,Single Leg Leg Extension, 10,24.947580370920807,0.0,0.0,0.0,0.0,false,, 2.0
2026-02-04 15:05:49 +0000,Standing Machine Calf Press, 10,127.00586370650593,0.0,0.0,0.0,0.0,false,, 1.0
2026-02-04 15:05:49 +0000,Standing Machine Calf Press, 11,127.00586370650593,0.0,0.0,0.0,0.0,false,, 1.0
2026-02-04 15:05:49 +0000,Standing Machine Calf Press, 11,127.00586370650593,0.0,0.0,0.0,0.0,false,, 1.0
2026-02-03 15:15:59 +0000,Barbell Incline Bench Press, 10,20.411656667117025,0.0,0.0,0.0,0.0,true,, 1.0
2026-02-03 15:15:59 +0000,Barbell Incline Bench Press, 1,54.431084445645396,0.0,0.0,0.0,0.0,true,, 1.0
2026-02-03 15:15:59 +0000,Barbell Incline Bench Press, 8,70.30681740895864,0.0,0.0,0.0,0.0,false,, 1.0
2026-02-03 15:15:59 +0000,Barbell Incline Bench Press, 8,70.30681740895864,0.0,0.0,0.0,0.0,false,, 1.0
2026-02-03 15:15:59 +0000,Barbell Incline Bench Press, 6,70.30681740895864,0.0,0.0,0.0,0.0,false,, 1.0
2026-02-03 15:15:59 +0000,Pull Up, 9,0.0,0.0,0.0,0.0,0.0,false,, 1.0
2026-02-03 15:15:59 +0000,Pull Up, 7,0.0,0.0,0.0,0.0,0.0,false,, 1.0
2026-02-03 15:15:59 +0000,Cable Lateral Raise, 12,5.669904629754729,0.0,0.0,0.0,0.0,false,, 2.0
2026-02-03 15:15:59 +0000,Cable Lateral Raise, 10,5.669904629754729,0.0,0.0,0.0,0.0,false,, 2.0
2026-02-03 15:15:59 +0000,Cable Rope Overhead Triceps Extension, 11,17.009713889264187,0.0,0.0,0.0,0.0,false,, 1.0
2026-02-03 15:15:59 +0000,Cable Rope Overhead Triceps Extension, 9,17.009713889264187,0.0,0.0,0.0,0.0,false,, 1.0
2026-02-03 15:15:59 +0000,Cable Crunch, 13,88.45051222417378,0.0,0.0,0.0,0.0,false,, 1.0
2026-02-03 15:15:59 +0000,Cable Crunch, 14,88.45051222417378,0.0,0.0,0.0,0.0,false,, 1.0
2026-02-03 15:15:59 +0000,Behind the Back Cable Bicep Curl, 12,9.071847407607567,0.0,0.0,0.0,0.0,false,, 2.0
2026-02-03 15:15:59 +0000,Behind the Back Cable Bicep Curl, 12,9.071847407607567,0.0,0.0,0.0,0.0,false,, 2.0
2026-02-03 15:15:59 +0000,Dumbbell Fly, 10,15.87575183024739,0.0,0.0,0.0,0.0,false,, 2.0
2026-02-03 15:15:59 +0000,Dumbbell Fly, 10,15.87575183024739,0.0,0.0,0.0,0.0,false,, 2.0
2026-01-28 13:56:15 +0000,Barbell Incline Bench Press, 10,20.411656667117025,0.0,0.0,0.0,0.0,true,, 1.0
2026-01-28 13:56:15 +0000,Barbell Incline Bench Press, 5,43.09127518613594,0.0,0.0,0.0,0.0,true,, 1.0
2026-01-28 13:56:15 +0000,Barbell Incline Bench Press, 8,70.30681740895864,0.0,0.0,0.0,0.0,false,, 1.0
2026-01-28 13:56:15 +0000,Barbell Incline Bench Press, 6,72.57477926086054,0.0,0.0,0.0,0.0,false,, 1.0
2026-01-28 13:56:15 +0000,Pull Up, 7,4.535923703803784,0.0,0.0,0.0,0.0,false,, 1.0
2026-01-28 13:56:15 +0000,Pull Up, 6,4.535923703803784,0.0,0.0,0.0,0.0,false,, 1.0
2026-01-28 13:56:15 +0000,Pendlay Row, 8,20.411656667117025,0.0,0.0,0.0,0.0,true,, 1.0
2026-01-28 13:56:15 +0000,Pendlay Row, 8,56.69904629754729,0.0,0.0,0.0,0.0,false,, 1.0
2026-01-28 13:56:15 +0000,Pendlay Row, 8,56.69904629754729,0.0,0.0,0.0,0.0,false,, 1.0
2026-01-28 13:56:15 +0000,Cable Rope Overhead Triceps Extension, 11,17.009713889264187,0.0,0.0,0.0,0.0,false,, 1.0
2026-01-28 13:56:15 +0000,Cable Rope Overhead Triceps Extension, 9,18.143694815215134,0.0,0.0,0.0,0.0,false,, 1.0
2026-01-28 13:56:15 +0000,Cable Crunch, 12,88.45051222417378,0.0,0.0,0.0,0.0,false,, 1.0
2026-01-28 13:56:15 +0000,Cable Crunch, 12,88.45051222417378,0.0,0.0,0.0,0.0,false,, 1.0
2026-01-28 13:56:15 +0000,Cable Lateral Raise, 12,5.669904629754729,0.0,0.0,0.0,0.0,false,, 2.0
2026-01-28 13:56:15 +0000,Cable Lateral Raise, 11,5.669904629754729,0.0,0.0,0.0,0.0,false,, 2.0
2026-01-28 13:56:15 +0000,Behind the Back Cable Bicep Curl, 11,9.071847407607567,0.0,0.0,0.0,0.0,false,, 2.0
2026-01-28 13:56:15 +0000,Behind the Back Cable Bicep Curl, 11,9.071847407607567,0.0,0.0,0.0,0.0,false,, 2.0
2026-01-27 14:06:01 +0000,Romanian Deadlift, 8,43.09127518613594,0.0,0.0,0.0,0.0,true,, 1.0
2026-01-27 14:06:01 +0000,Romanian Deadlift, 8,83.91458852036999,0.0,0.0,0.0,0.0,false,, 1.0
2026-01-27 14:06:01 +0000,Romanian Deadlift, 8,92.98643592797755,0.0,0.0,0.0,0.0,false,, 1.0
2026-01-27 14:06:01 +0000,Romanian Deadlift, 8,102.05828333558512,0.0,0.0,0.0,0.0,false,, 1.0
2026-01-27 14:06:01 +0000,Back Squat, 8,43.09127518613594,0.0,0.0,0.0,0.0,true,, 1.0
2026-01-27 14:06:01 +0000,Back Squat, 6,92.98643592797755,0.0,0.0,0.0,0.0,false,, 1.0
2026-01-27 14:06:01 +0000,Back Squat, 5,102.05828333558512,0.0,0.0,0.0,0.0,false,, 1.0
2026-01-27 14:06:01 +0000,Seated Leg Curl, 10,40.82331333423405,0.0,0.0,0.0,0.0,false,, 1.0
2026-01-27 14:06:01 +0000,Single Leg Leg Extension, 10,22.679618519018916,0.0,0.0,0.0,0.0,false,, 2.0
2026-01-27 14:06:01 +0000,Single Leg Leg Extension, 12,22.679618519018916,0.0,0.0,0.0,0.0,false,, 2.0
2026-01-27 14:06:01 +0000,Standing Machine Calf Press, 10,90.71847407607567,0.0,0.0,0.0,0.0,false,, 1.0
2026-01-27 14:06:01 +0000,Standing Machine Calf Press, 10,104.32624518748702,0.0,0.0,0.0,0.0,false,, 1.0
2026-01-27 14:06:01 +0000,Machine Hip Adductor, 12,79.3786648165662,0.0,0.0,0.0,0.0,false,, 1.0
2026-01-27 14:06:01 +0000,Machine Hip Adductor, 12,81.6466266684681,0.0,0.0,0.0,0.0,false,, 1.0
2026-01-27 14:06:01 +0000,Machine Hip Abductor, 10,90.71847407607567,0.0,0.0,0.0,0.0,false,, 1.0
2026-01-27 14:06:01 +0000,Machine Hip Abductor, 12,92.98643592797755,0.0,0.0,0.0,0.0,false,, 1.0
2026-01-26 14:07:13 +0000,Pull Up, 10,0.0,0.0,0.0,0.0,0.0,false,, 1.0
2026-01-26 14:07:13 +0000,Pull Up, 8,0.0,0.0,0.0,0.0,0.0,false,, 1.0
2026-01-26 14:07:13 +0000,Push Up, 23,0.0,0.0,0.0,0.0,0.0,false,, 1.0
2026-01-26 14:07:13 +0000,Push Up, 23,0.0,0.0,0.0,0.0,0.0,false,, 1.0
2026-01-26 14:07:13 +0000,Dumbbell Walking Lunge, 10,22.679618519018916,0.0,0.0,0.0,0.0,false,, 4.0
2026-01-26 14:07:13 +0000,Dumbbell Walking Lunge, 10,22.679618519018916,0.0,0.0,0.0,0.0,false,, 4.0
2026-01-26 14:07:13 +0000,Walking, 0,0.0,900.0,0.0,0.0,0.0,false,, 0.0
2026-01-24 14:02:23 +0000,Barbell Incline Bench Press, 10,20.411656667117025,0.0,0.0,0.0,0.0,true,, 1.0
2026-01-24 14:02:23 +0000,Barbell Incline Bench Press, 5,43.09127518613594,0.0,0.0,0.0,0.0,true,, 1.0
2026-01-24 14:02:23 +0000,Barbell Incline Bench Press, 8,68.03885555705675,0.0,0.0,0.0,0.0,false,, 1.0
2026-01-24 14:02:23 +0000,Barbell Incline Bench Press, 8,68.03885555705675,0.0,0.0,0.0,0.0,false,, 1.0
2026-01-24 14:02:23 +0000,Barbell Incline Bench Press, 6,70.30681740895864,0.0,0.0,0.0,0.0,false,, 1.0
2026-01-24 14:02:23 +0000,Pull Up, 7,4.535923703803784,0.0,0.0,0.0,0.0,false,, 1.0
2026-01-24 14:02:23 +0000,Pull Up, 6,4.535923703803784,0.0,0.0,0.0,0.0,false,, 1.0
2026-01-24 14:02:23 +0000,Cable Rope Overhead Triceps Extension, 11,17.009713889264187,0.0,0.0,0.0,0.0,false,, 1.0
2026-01-24 14:02:23 +0000,Cable Rope Overhead Triceps Extension, 9,17.009713889264187,0.0,0.0,0.0,0.0,false,, 1.0
2026-01-24 14:02:23 +0000,Cable Crunch, 12,88.45051222417378,0.0,0.0,0.0,0.0,false,, 1.0
2026-01-24 14:02:23 +0000,Cable Crunch, 12,88.45051222417378,0.0,0.0,0.0,0.0,false,, 1.0
2026-01-24 14:02:23 +0000,Cable Lateral Raise, 12,5.669904629754729,0.0,0.0,0.0,0.0,false,, 2.0
2026-01-24 14:02:23 +0000,Cable Lateral Raise, 10,5.669904629754729,0.0,0.0,0.0,0.0,false,, 2.0
2026-01-24 14:02:23 +0000,Behind the Back Cable Bicep Curl, 10,9.071847407607567,0.0,0.0,0.0,0.0,false,, 2.0
2026-01-24 14:02:23 +0000,Behind the Back Cable Bicep Curl, 10,9.071847407607567,0.0,0.0,0.0,0.0,false,, 2.0
2026-01-24 14:02:23 +0000,Machine Fly, 8,40.82331333423405,0.0,0.0,0.0,0.0,true,, 1.0
2026-01-24 14:02:23 +0000,Machine Fly, 6,61.23497000135107,0.0,0.0,0.0,0.0,false,, 1.0
2026-01-24 14:02:23 +0000,Machine Fly, 8,68.03885555705675,0.0,0.0,0.0,0.0,false,, 1.0
2026-01-22 14:17:19 +0000,Dumbbell Hip Thrust, 15,38.55539730202938,0.0,0.0,0.0,0.0,false,, 1.0
2026-01-22 14:17:19 +0000,Dumbbell Hip Thrust, 15,38.55539730202938,0.0,0.0,0.0,0.0,false,, 1.0
2026-01-22 14:17:19 +0000,Dumbbell Hip Thrust, 15,38.55539730202938,0.0,0.0,0.0,0.0,false,, 1.0
2026-01-22 14:17:19 +0000,Dumbbell Bicep Curl, 12,9.071858188712795,0.0,0.0,0.0,0.0,false,, 2.0
2026-01-22 14:17:19 +0000,Dumbbell Bicep Curl, 12,9.071858188712795,0.0,0.0,0.0,0.0,false,, 2.0
2026-01-22 14:17:19 +0000,Dumbbell Bicep Curl, 15,9.071858188712795,0.0,0.0,0.0,0.0,false,, 2.0
2026-01-22 14:17:19 +0000,Dumbbell Lunge, 12,9.071858188712795,0.0,0.0,0.0,0.0,false,, 4.0
2026-01-22 14:17:19 +0000,Dumbbell Lunge, 12,9.071858188712795,0.0,0.0,0.0,0.0,false,, 4.0
2026-01-22 14:17:19 +0000,Dumbbell Lunge, 15,9.071858188712795,0.0,0.0,0.0,0.0,false,, 4.0
2026-01-22 14:17:19 +0000,Dumbbell Rear Delt Raise, 9,9.071858188712795,0.0,0.0,0.0,0.0,false,, 2.0
2026-01-22 14:17:19 +0000,Dumbbell Rear Delt Raise, 9,9.071858188712795,0.0,0.0,0.0,0.0,false,, 2.0
2026-01-22 14:17:19 +0000,Dumbbell Rear Delt Raise, 10,9.071858188712795,0.0,0.0,0.0,0.0,false,, 2.0
2026-01-22 14:17:19 +0000,Tricep Push Up, 16,0.0,0.0,0.0,0.0,0.0,false,, 1.0
2026-01-22 14:17:19 +0000,Tricep Push Up, 17,0.0,0.0,0.0,0.0,0.0,false,, 1.0
2026-01-22 14:17:19 +0000,Plank With Dumbbell Pull Through, 9,9.071858188712795,0.0,0.0,0.0,0.0,false,, 2.0
2026-01-22 14:17:19 +0000,Plank With Dumbbell Pull Through, 9,9.071858188712795,0.0,0.0,0.0,0.0,false,, 2.0
2026-01-22 14:17:19 +0000,Walking, 0,0.0,300.0,0.0,0.0,0.0,false,, 0.0
2026-01-21 14:02:35 +0000,Barbell Incline Bench Press, 10,20.41168092460379,0.0,0.0,0.0,0.0,true,, 1.0
2026-01-21 14:02:35 +0000,Barbell Incline Bench Press, 5,43.091326396385774,0.0,0.0,0.0,0.0,true,, 1.0
2026-01-21 14:02:35 +0000,Barbell Incline Bench Press, 8,65.77097186816776,0.0,0.0,0.0,0.0,false,, 1.0
2026-01-21 14:02:35 +0000,Barbell Incline Bench Press, 9,65.77097186816776,0.0,0.0,0.0,0.0,false,, 1.0
2026-01-21 14:02:35 +0000,Pendlay Row, 8,29.483539113316585,0.0,0.0,0.0,0.0,true,, 1.0
2026-01-21 14:02:35 +0000,Pendlay Row, 8,52.16318458509857,0.0,0.0,0.0,0.0,false,, 1.0
2026-01-21 14:02:35 +0000,Pendlay Row, 8,52.16318458509857,0.0,0.0,0.0,0.0,false,, 1.0
2026-01-21 14:02:35 +0000,Neutral Grip Pull Up, 6,0.0,0.0,0.0,0.0,0.0,false,, 1.0
2026-01-21 14:02:35 +0000,Neutral Grip Pull Up, 6,0.0,0.0,0.0,0.0,0.0,false,, 1.0
2026-01-21 14:02:35 +0000,Cable Rope Overhead Triceps Extension, 10,15.87575183024739,0.0,0.0,0.0,0.0,false,, 1.0
2026-01-21 14:02:35 +0000,Cable Rope Overhead Triceps Extension, 9,18.14371637742559,0.0,0.0,0.0,0.0,false,, 1.0
2026-01-21 14:02:35 +0000,Cable Crunch, 12,90.71858188712795,0.0,0.0,0.0,0.0,false,, 1.0
2026-01-21 14:02:35 +0000,Cable Crunch, 12,90.71858188712795,0.0,0.0,0.0,0.0,false,, 1.0
2026-01-21 14:02:35 +0000,Cable Lateral Raise, 8,6.8038936415345965,0.0,0.0,0.0,0.0,false,, 2.0
2026-01-21 14:02:35 +0000,Cable Lateral Raise, 10,5.669911367945497,0.0,0.0,0.0,0.0,false,, 2.0
2026-01-21 14:02:35 +0000,Behind the Back Cable Bicep Curl, 12,7.937875915123695,0.0,0.0,0.0,0.0,false,, 2.0
2026-01-21 14:02:35 +0000,Behind the Back Cable Bicep Curl, 10,9.071858188712795,0.0,0.0,0.0,0.0,false,, 2.0
2026-01-21 14:02:35 +0000,Dumbbell Fly, 10,15.87575183024739,0.0,0.0,0.0,0.0,false,, 2.0
2026-01-21 14:02:35 +0000,Dumbbell Fly, 10,15.87575183024739,0.0,0.0,0.0,0.0,false,, 2.0
2026-01-20 14:28:45 +0000,Back Squat, 10,20.41168092460379,0.0,0.0,0.0,0.0,true,, 1.0
2026-01-20 14:28:45 +0000,Back Squat, 5,61.235042773811365,0.0,0.0,0.0,0.0,true,, 1.0
2026-01-20 14:28:45 +0000,Back Squat, 8,83.91468824559335,0.0,0.0,0.0,0.0,false,, 1.0
2026-01-20 14:28:45 +0000,Back Squat, 8,83.91468824559335,0.0,0.0,0.0,0.0,false,, 1.0
2026-01-20 14:28:45 +0000,Seated Leg Curl, 8,20.41168092460379,0.0,0.0,0.0,0.0,true,, 1.0
2026-01-20 14:28:45 +0000,Seated Leg Curl, 10,31.75150366049478,0.0,0.0,0.0,0.0,false,, 1.0
2026-01-20 14:28:45 +0000,Seated Leg Curl, 7,52.16318458509857,0.0,0.0,0.0,0.0,false,, 1.0
2026-01-20 14:28:45 +0000,Single Leg Leg Extension, 8,20.41168092460379,0.0,0.0,0.0,0.0,false,, 2.0
2026-01-20 14:28:45 +0000,Single Leg Leg Extension, 10,20.41168092460379,0.0,0.0,0.0,0.0,false,, 2.0
2026-01-20 14:28:45 +0000,Machine Hip Adductor, 12,52.16318458509857,0.0,0.0,0.0,0.0,false,, 1.0
2026-01-20 14:28:45 +0000,Machine Hip Adductor, 15,52.16318458509857,0.0,0.0,0.0,0.0,false,, 1.0
2026-01-20 14:28:45 +0000,Machine Hip Abductor, 6,90.71858188712795,0.0,0.0,0.0,0.0,false,, 1.0
2026-01-20 14:28:45 +0000,Machine Hip Abductor, 8,90.71858188712795,0.0,0.0,0.0,0.0,false,, 1.0
2026-01-20 14:28:45 +0000,Machine Hip Abductor, 8,90.71858188712795,0.0,0.0,0.0,0.0,false,, 1.0
2026-01-19 14:03:43 +0000,Barbell Bench Press, 10,20.41168092460379,0.0,0.0,0.0,0.0,true,, 1.0
2026-01-19 14:03:43 +0000,Barbell Bench Press, 10,61.235042773811365,0.0,0.0,0.0,0.0,false,, 1.0
2026-01-19 14:03:43 +0000,Barbell Bench Press, 6,79.37875915123695,0.0,0.0,0.0,0.0,false,, 1.0
2026-01-19 14:03:43 +0000,Barbell Bench Press, 7,79.37875915123695,0.0,0.0,0.0,0.0,false,, 1.0
2026-01-19 14:03:43 +0000,Pull Up, 6,4.535929094356398,0.0,0.0,0.0,0.0,false,, 1.0
2026-01-19 14:03:43 +0000,Pull Up, 6,4.535929094356398,0.0,0.0,0.0,0.0,false,, 1.0
2026-01-19 14:03:43 +0000,Pendlay Row, 10,20.41168092460379,0.0,0.0,0.0,0.0,true,, 1.0
2026-01-19 14:03:43 +0000,Pendlay Row, 8,29.483539113316585,0.0,0.0,0.0,0.0,false,, 1.0
2026-01-19 14:03:43 +0000,Pendlay Row, 6,52.16318458509857,0.0,0.0,0.0,0.0,false,, 1.0
2026-01-19 14:03:43 +0000,Cable Lateral Raise, 10,5.669911367945497,0.0,0.0,0.0,0.0,false,, 2.0
2026-01-19 14:03:43 +0000,Cable Lateral Raise, 12,4.535929094356398,0.0,0.0,0.0,0.0,false,, 2.0
2026-01-19 14:03:43 +0000,Behind the Back Cable Bicep Curl, 12,5.669911367945497,0.0,0.0,0.0,0.0,false,, 2.0
2026-01-19 14:03:43 +0000,Behind the Back Cable Bicep Curl, 12,6.8038936415345965,0.0,0.0,0.0,0.0,false,, 2.0
2026-01-19 14:03:43 +0000,Cable Rope Overhead Triceps Extension, 8,14.741769556658292,0.0,0.0,0.0,0.0,true,, 1.0
2026-01-19 14:03:43 +0000,Cable Rope Overhead Triceps Extension, 6,19.27769865101469,0.0,0.0,0.0,0.0,false,, 1.0
2026-01-19 14:03:43 +0000,Cable Rope Overhead Triceps Extension, 6,18.370512832143408,0.0,0.0,0.0,0.0,false,, 1.0
2026-01-19 14:03:43 +0000,Cable Crunch, 12,23.813627745371086,0.0,0.0,0.0,0.0,false,, 1.0
2026-01-19 14:03:43 +0000,Cable Crunch, 12,37.42141502844028,0.0,0.0,0.0,0.0,false,, 1.0
2026-01-19 14:03:43 +0000,Dumbbell Fly, 12,13.607787283069193,0.0,0.0,0.0,0.0,false,, 2.0
2026-01-19 14:03:43 +0000,Dumbbell Fly, 12,13.607787283069193,0.0,0.0,0.0,0.0,false,, 2.0
2026-01-17 14:03:50 +0000,Stair Stepper, 0,0.0,610.0,0.0,0.0,0.0,false,, 0.0
2026-01-17 14:03:50 +0000,Cable Crunch, 12,86.18265279277155,0.0,0.0,0.0,0.0,false,, 1.0
2026-01-17 14:03:50 +0000,Cable Crunch, 12,86.18265279277155,0.0,0.0,0.0,0.0,false,, 1.0
2026-01-17 14:03:50 +0000,Dead Hang, 0,0.0,35.0,0.0,0.0,0.0,false,, 0.0
2026-01-17 14:03:50 +0000,Dead Hang, 0,0.0,40.0,0.0,0.0,0.0,false,, 0.0
2026-01-16 14:39:11 +0000,Stair Stepper, 0,0.0,845.0,0.0,0.0,0.0,false,, 0.0
2026-01-16 14:39:11 +0000,Pull Up, 7,4.535929094356398,0.0,0.0,0.0,0.0,false,, 1.0
2026-01-16 14:39:11 +0000,Pull Up, 6,4.535929094356398,0.0,0.0,0.0,0.0,false,, 1.0
2026-01-16 14:39:11 +0000,Push Up, 18,13.607787283069193,0.0,0.0,0.0,0.0,false,, 1.0
2026-01-16 14:39:11 +0000,Push Up, 15,13.607787283069193,0.0,0.0,0.0,0.0,false,, 1.0
2026-01-16 14:39:11 +0000,Standing Forward Bend, 0,0.0,15.0,0.0,0.0,0.0,false,, 0.0
2026-01-16 14:39:11 +0000,Standing Forward Bend, 0,0.0,15.0,0.0,0.0,0.0,false,, 0.0
2026-01-14 14:45:32 +0000,Stair Stepper, 0,0.0,781.0,0.0,0.0,0.0,false,, 0.0
2026-01-14 14:45:32 +0000,Pull Up, 8,0.0,0.0,0.0,0.0,0.0,false,, 1.0
2026-01-14 14:45:32 +0000,Pull Up, 8,0.0,0.0,0.0,0.0,0.0,false,, 1.0
2026-01-14 14:45:32 +0000,Cable Crunch, 5,54.43114913227677,0.0,0.0,0.0,0.0,false,, 1.0
2026-01-14 14:45:32 +0000,Cable Crunch, 10,88.45061733994974,0.0,0.0,0.0,0.0,false,, 1.0
2026-01-14 14:45:32 +0000,Cable Crunch, 10,88.45061733994974,0.0,0.0,0.0,0.0,false,, 1.0
2026-01-13 14:32:53 +0000,Pull Up, 5,4.535929094356398,0.0,0.0,0.0,0.0,false,, 1.0
2026-01-13 14:32:53 +0000,Pull Up, 5,4.535929094356398,0.0,0.0,0.0,0.0,false,, 1.0
2026-01-13 14:32:53 +0000,Pull Up, 5,4.535929094356398,0.0,0.0,0.0,0.0,false,, 1.0
2026-01-13 14:32:53 +0000,Push Up, 10,13.607787283069193,0.0,0.0,0.0,0.0,false,, 1.0
2026-01-13 14:32:53 +0000,Push Up, 11,13.607787283069193,0.0,0.0,0.0,0.0,false,, 1.0
2026-01-13 14:32:53 +0000,Push Up, 17,13.607787283069193,0.0,0.0,0.0,0.0,false,, 1.0
2026-01-13 14:32:53 +0000,Dead Hang, 0,0.0,30.0,0.0,0.0,0.0,false,, 0.0
2026-01-13 14:32:53 +0000,Dead Hang, 0,0.0,30.0,0.0,0.0,0.0,false,, 0.0
2026-01-13 14:32:53 +0000,Stair Stepper, 0,0.0,726.0,0.0,0.0,0.0,false,, 0.0
2026-01-12 14:22:46 +0000,Pull Up, 4,4.535929094356398,0.0,0.0,0.0,0.0,false,, 1.0
2026-01-12 14:22:46 +0000,Pull Up, 4,4.535929094356398,0.0,0.0,0.0,0.0,false,, 1.0
2026-01-12 14:22:46 +0000,Pull Up, 5,4.535929094356398,0.0,0.0,0.0,0.0,false,, 1.0
2026-01-12 14:22:46 +0000,Dead Hang, 0,0.0,30.0,0.0,0.0,0.0,false,, 0.0
2026-01-12 14:22:46 +0000,Dead Hang, 0,0.0,30.0,0.0,0.0,0.0,false,, 0.0
2026-01-12 14:22:46 +0000,Dead Hang, 0,0.0,30.0,0.0,0.0,0.0,false,, 0.0
2026-01-12 14:22:46 +0000,Stair Stepper, 0,0.0,600.0,0.0,0.0,0.0,false,, 0.0
2026-01-12 14:22:46 +0000,Standing Forward Bend, 0,0.0,15.0,0.0,0.0,0.0,false,, 0.0
2026-01-12 14:22:46 +0000,Standing Forward Bend, 0,0.0,15.0,0.0,0.0,0.0,false,, 0.0
2026-01-12 14:22:46 +0000,Push Up, 10,0.0,0.0,0.0,0.0,0.0,false,, 1.0
2026-01-12 14:22:46 +0000,Push Up, 10,0.0,0.0,0.0,0.0,0.0,false,, 1.0
2026-01-12 14:22:46 +0000,Push Up, 10,0.0,0.0,0.0,0.0,0.0,false,, 1.0
2026-01-09 14:39:00 +0000,Dead Hang, 0,0.0,45.0,0.0,0.0,0.0,false,, 0.0
2026-01-09 14:39:00 +0000,Dead Hang, 0,0.0,45.0,0.0,0.0,0.0,false,, 0.0
2026-01-09 14:39:00 +0000,Dead Hang, 0,0.0,45.0,0.0,0.0,0.0,false,, 0.0
2026-01-09 14:39:00 +0000,Pull Up, 6,0.0,0.0,0.0,0.0,0.0,false,, 1.0
2026-01-09 14:39:00 +0000,Stair Stepper, 0,0.0,480.0,0.0,0.0,0.0,false,, 0.0

2026-01-08 14:38:00 +0000,Walking, 0,0.0,600.0,0.0,0.0,0.0,false,, 0.0
2026-01-08 14:38:00 +0000,Stair Stepper, 0,0.0,480.0,0.0,0.0,0.0,false,, 0.0

2026-01-07 14:01:00 +0000,Walking, 0,0.0,600.0,0.0,0.0,0.0,false,, 0.0
2026-01-07 14:01:00 +0000,Stair Stepper, 0,0.0,480.0,0.0,0.0,0.0,false,, 0.0

2026-01-06 14:00:00 +0000,Walking, 0,0.0,600.0,0.0,0.0,0.0,false,, 0.0

2026-01-06 14:00:00 +0000,Stair Stepper, 0,0.0,480.0,0.0,0.0,0.0,false,, 0.0
2025-12-05 13:19:22 +0000,Barbell Incline Bench Press, 10,20.41168092460379,0.0,0.0,0.0,0.0,true,, 1.0
2025-12-05 13:19:22 +0000,Barbell Incline Bench Press, 7,72.57486550970236,0.0,0.0,0.0,0.0,false,, 1.0
2025-12-05 13:19:22 +0000,Barbell Incline Bench Press, 7,72.57486550970236,0.0,0.0,0.0,0.0,false,, 1.0
2025-12-05 13:19:22 +0000,Barbell Incline Bench Press, 7,72.57486550970236,0.0,0.0,0.0,0.0,false,, 1.0
2025-12-05 13:19:22 +0000,Dumbbell Shoulder Press, 6,9.071858188712795,0.0,0.0,0.0,0.0,false,, 2.0
2025-12-05 13:19:22 +0000,Dumbbell Shoulder Press, 6,24.947610018960187,0.0,0.0,0.0,0.0,false,, 2.0
2025-12-05 13:19:22 +0000,Dumbbell Shoulder Press, 5,24.947610018960187,0.0,0.0,0.0,0.0,false,, 2.0
2025-12-05 13:19:22 +0000,Dip, 10,0.0,0.0,0.0,0.0,0.0,false,, 1.0
2025-12-05 13:19:22 +0000,Dip, 11,0.0,0.0,0.0,0.0,0.0,false,, 1.0
2025-12-05 13:19:22 +0000,Dumbbell Fly, 8,15.87575183024739,0.0,0.0,0.0,0.0,false,, 2.0
2025-12-05 13:19:22 +0000,Dumbbell Fly, 8,15.87575183024739,0.0,0.0,0.0,0.0,false,, 2.0
2025-12-05 13:19:22 +0000,Cable Lateral Raise, 10,11.339822735890994,0.0,0.0,0.0,0.0,false,, 2.0
2025-12-05 13:19:22 +0000,Cable Lateral Raise, 8,11.339822735890994,0.0,0.0,0.0,0.0,false,, 2.0
2025-12-05 13:19:22 +0000,Cable Lateral Raise, 9,11.339822735890994,0.0,0.0,0.0,0.0,false,, 2.0
2025-12-05 13:19:22 +0000,Hanging Knee Raise, 4,0.0,0.0,0.0,0.0,0.0,false,, 1.0
2025-12-05 13:19:22 +0000,Hanging Knee Raise, 8,0.0,0.0,0.0,0.0,0.0,false,, 1.0
2025-12-05 13:19:22 +0000,Hanging Knee Raise, 13,0.0,0.0,0.0,0.0,0.0,false,, 1.0
2025-12-05 13:19:22 +0000,Hanging Knee Raise, 15,0.0,0.0,0.0,0.0,0.0,false,, 1.0
2025-12-03 13:02:32 +0000,Pull Up, 6,0.0,0.0,0.0,0.0,0.0,false,, 1.0
2025-12-03 13:02:32 +0000,Pull Up, 6,0.0,0.0,0.0,0.0,0.0,false,, 1.0
2025-12-03 13:02:32 +0000,Pull Up, 6,0.0,0.0,0.0,0.0,0.0,false,, 1.0
2025-12-03 13:02:32 +0000,Barbell Curl, 8,36.28743275485118,0.0,0.0,0.0,0.0,false,, 1.0
2025-12-03 13:02:32 +0000,Barbell Curl, 8,36.28743275485118,0.0,0.0,0.0,0.0,false,, 1.0
2025-12-03 13:02:32 +0000,Barbell Curl, 8,36.28743275485118,0.0,0.0,0.0,0.0,false,, 1.0
2025-12-03 13:02:32 +0000,Upright Row, 7,45.35929094356398,0.0,0.0,0.0,0.0,false,, 1.0
2025-12-03 13:02:32 +0000,Upright Row, 7,45.35929094356398,0.0,0.0,0.0,0.0,false,, 1.0
2025-12-03 13:02:32 +0000,Upright Row, 7,45.35929094356398,0.0,0.0,0.0,0.0,false,, 1.0
2025-12-03 13:02:32 +0000,Cable Row, 8,52.16318458509857,0.0,0.0,0.0,0.0,true,, 1.0
2025-12-03 13:02:32 +0000,Cable Row, 8,79.37875915123695,0.0,0.0,0.0,0.0,false,, 1.0
2025-12-03 13:02:32 +0000,Cable Row, 8,79.37875915123695,0.0,0.0,0.0,0.0,false,, 1.0
2025-12-03 13:02:32 +0000,Behind the Back Cable Bicep Curl, 10,15.87575183024739,0.0,0.0,0.0,0.0,false,, 2.0
2025-12-03 13:02:32 +0000,Behind the Back Cable Bicep Curl, 10,15.87575183024739,0.0,0.0,0.0,0.0,false,, 2.0
2025-12-03 13:02:32 +0000,Behind the Back Cable Bicep Curl, 10,15.87575183024739,0.0,0.0,0.0,0.0,false,, 2.0
2025-12-01 13:23:28 +0000,Barbell Incline Bench Press, 10,20.41168092460379,0.0,0.0,0.0,0.0,true,, 1.0
2025-12-01 13:23:28 +0000,Barbell Incline Bench Press, 4,79.37875915123695,0.0,0.0,0.0,0.0,false,, 1.0
2025-12-01 13:23:28 +0000,Barbell Incline Bench Press, 8,70.30690096252415,0.0,0.0,0.0,0.0,false,, 1.0
2025-12-01 13:23:28 +0000,Dumbbell Shoulder Press, 8,9.071858188712795,0.0,0.0,0.0,0.0,false,, 2.0
2025-12-01 13:23:28 +0000,Dumbbell Shoulder Press, 9,22.67964547178199,0.0,0.0,0.0,0.0,false,, 2.0
2025-12-01 13:23:28 +0000,Dumbbell Shoulder Press, 8,22.67964547178199,0.0,0.0,0.0,0.0,false,, 2.0
2025-12-01 13:23:28 +0000,Dumbbell Skullcrusher, 10,11.339822735890994,0.0,0.0,0.0,0.0,false,, 2.0
2025-12-01 13:23:28 +0000,Dumbbell Skullcrusher, 8,13.607787283069193,0.0,0.0,0.0,0.0,false,, 2.0
2025-12-01 13:23:28 +0000,Cable Lateral Raise, 10,13.607787283069193,0.0,0.0,0.0,0.0,false,, 2.0
2025-12-01 13:23:28 +0000,Cable Lateral Raise, 8,11.339822735890994,0.0,0.0,0.0,0.0,false,, 2.0
2025-12-01 13:23:28 +0000,Dumbbell Fly, 10,15.87575183024739,0.0,0.0,0.0,0.0,false,, 2.0
2025-12-01 13:23:28 +0000,Dumbbell Fly, 10,15.87575183024739,0.0,0.0,0.0,0.0,false,, 2.0
2025-12-01 13:23:28 +0000,Bench Dip, 21,0.0,0.0,0.0,0.0,0.0,false,, 1.0
2025-12-01 13:23:28 +0000,Bench Dip, 21,0.0,0.0,0.0,0.0,0.0,false,, 1.0
2025-12-01 13:23:28 +0000,Cable Face Pull, 8,18.14371637742559,0.0,0.0,0.0,0.0,true,, 1.0
2025-12-01 13:23:28 +0000,Cable Face Pull, 10,27.215574566138386,0.0,0.0,0.0,0.0,false,, 1.0
2025-12-01 13:23:28 +0000,Cable Face Pull, 10,29.483539113316585,0.0,0.0,0.0,0.0,false,, 1.0
2025-11-18 13:18:31 +0000,Chin Up, 7,0.0,0.0,0.0,0.0,0.0,false,, 1.0
2025-11-18 13:18:31 +0000,Chin Up, 7,0.0,0.0,0.0,0.0,0.0,false,, 1.0
2025-11-18 13:18:31 +0000,Chin Up, 7,0.0,0.0,0.0,0.0,0.0,false,, 1.0
2025-11-18 13:18:31 +0000,Dumbbell Shrug, 11,34.01946820767298,0.0,0.0,0.0,0.0,false,, 2.0
2025-11-18 13:18:31 +0000,Dumbbell Shrug, 12,34.01946820767298,0.0,0.0,0.0,0.0,false,, 2.0
2025-11-18 13:18:31 +0000,Dumbbell Shrug, 12,34.01946820767298,0.0,0.0,0.0,0.0,false,, 2.0
2025-11-18 13:18:31 +0000,Seated Dumbbell Curl, 9,11.339822735890994,0.0,0.0,0.0,0.0,false,, 2.0
2025-11-18 13:18:31 +0000,Seated Dumbbell Curl, 10,11.339822735890994,0.0,0.0,0.0,0.0,false,, 2.0
2025-11-18 13:18:31 +0000,Seated Dumbbell Curl, 10,11.339822735890994,0.0,0.0,0.0,0.0,false,, 2.0
2025-11-18 13:18:31 +0000,Bent Over Barbell Row, 8,36.28743275485118,0.0,0.0,0.0,0.0,true,, 1.0
2025-11-18 13:18:31 +0000,Bent Over Barbell Row, 10,56.69911367945497,0.0,0.0,0.0,0.0,false,, 1.0
2025-11-18 13:18:31 +0000,Bent Over Barbell Row, 10,56.69911367945497,0.0,0.0,0.0,0.0,false,, 1.0
2025-11-18 13:18:31 +0000,Bent Over Barbell Row, 10,56.69911367945497,0.0,0.0,0.0,0.0,false,, 1.0
2025-11-18 13:18:31 +0000,Barbell Curl, 9,34.01946820767298,0.0,0.0,0.0,0.0,false,, 1.0
2025-11-18 13:18:31 +0000,Barbell Curl, 8,34.01946820767298,0.0,0.0,0.0,0.0,false,, 1.0
2025-11-18 13:18:31 +0000,Barbell Curl, 8,34.01946820767298,0.0,0.0,0.0,0.0,false,, 1.0
2025-11-17 13:10:22 +0000,Barbell Incline Bench Press, 10,20.41168092460379,0.0,0.0,0.0,0.0,true,, 1.0
2025-11-17 13:10:22 +0000,Barbell Incline Bench Press, 7,43.091326396385774,0.0,0.0,0.0,0.0,true,, 1.0
2025-11-17 13:10:22 +0000,Barbell Incline Bench Press, 7,77.11079460405875,0.0,0.0,0.0,0.0,false,, 1.0
2025-11-17 13:10:22 +0000,Barbell Incline Bench Press, 5,77.11079460405875,0.0,0.0,0.0,0.0,false,, 1.0
2025-11-17 13:10:22 +0000,Barbell Incline Bench Press, 5,77.11079460405875,0.0,0.0,0.0,0.0,false,, 1.0
2025-11-17 13:10:22 +0000,Barbell Incline Bench Press, 5,77.11079460405875,0.0,0.0,0.0,0.0,false,, 1.0
2025-11-17 13:10:22 +0000,Close-Grip Bench Press, 10,20.41168092460379,0.0,0.0,0.0,0.0,true,, 1.0
2025-11-17 13:10:22 +0000,Close-Grip Bench Press, 6,61.235042773811365,0.0,0.0,0.0,0.0,false,, 1.0
2025-11-17 13:10:22 +0000,Close-Grip Bench Press, 6,61.235042773811365,0.0,0.0,0.0,0.0,false,, 1.0
2025-11-17 13:10:22 +0000,Close-Grip Bench Press, 6,61.235042773811365,0.0,0.0,0.0,0.0,false,, 1.0
2025-11-17 13:10:22 +0000,Close-Grip Bench Press, 6,61.235042773811365,0.0,0.0,0.0,0.0,false,, 1.0
2025-11-17 13:10:22 +0000,Close-Grip Bench Press, 6,61.235042773811365,0.0,0.0,0.0,0.0,false,, 1.0
2025-11-17 13:10:22 +0000,Standing Dumbbell Shoulder Press, 6,13.607787283069193,0.0,0.0,0.0,0.0,false,, 2.0
2025-11-17 13:10:22 +0000,Standing Dumbbell Shoulder Press, 6,13.607787283069193,0.0,0.0,0.0,0.0,false,, 2.0
2025-11-17 13:10:22 +0000,Standing Dumbbell Shoulder Press, 6,13.607787283069193,0.0,0.0,0.0,0.0,false,, 2.0
2025-11-17 13:10:22 +0000,Standing Dumbbell Shoulder Press, 6,13.607787283069193,0.0,0.0,0.0,0.0,false,, 2.0
2025-11-17 13:10:22 +0000,Cable Crossover Fly, 8,18.14371637742559,0.0,0.0,0.0,0.0,true,, 2.0
2025-11-17 13:10:22 +0000,Cable Crossover Fly, 8,27.215574566138386,0.0,0.0,0.0,0.0,false,, 2.0
2025-11-17 13:10:22 +0000,Cable Crossover Fly, 8,27.215574566138386,0.0,0.0,0.0,0.0,false,, 2.0
2025-11-17 13:10:22 +0000,Cable Crossover Fly, 8,27.215574566138386,0.0,0.0,0.0,0.0,false,, 2.0
2025-11-17 13:10:22 +0000,Dumbbell Rear Delt Raise, 10,9.071858188712795,0.0,0.0,0.0,0.0,false,, 2.0
2025-11-17 13:10:22 +0000,Dumbbell Rear Delt Raise, 10,9.071858188712795,0.0,0.0,0.0,0.0,false,, 2.0
2025-11-17 13:10:22 +0000,Dumbbell Rear Delt Raise, 10,9.071858188712795,0.0,0.0,0.0,0.0,false,, 2.0
2025-11-17 13:10:22 +0000,Dumbbell Rear Delt Raise, 10,9.071858188712795,0.0,0.0,0.0,0.0,false,, 2.0
2025-11-06 14:28:00 +0000,Barbell Incline Bench Press, 10,20.41168092460379,0.0,0.0,0.0,0.0,true,, 1.0
2025-11-06 14:28:00 +0000,Barbell Incline Bench Press, 5,43.091326396385774,0.0,0.0,0.0,0.0,true,, 1.0
2025-11-06 14:28:00 +0000,Barbell Incline Bench Press, 10,70.30690096252415,0.0,0.0,0.0,0.0,false,, 1.0
2025-11-06 14:28:00 +0000,Barbell Incline Bench Press, 9,70.30690096252415,0.0,0.0,0.0,0.0,false,, 1.0
2025-11-06 14:28:00 +0000,Barbell Incline Bench Press, 7,70.30690096252415,0.0,0.0,0.0,0.0,false,, 1.0
2025-11-06 14:28:00 +0000,Barbell Incline Bench Press, 5,70.30690096252415,0.0,0.0,0.0,0.0,false,, 1.0
2025-11-06 14:28:00 +0000,Dumbbell Shoulder Press, 9,20.41168092460379,0.0,0.0,0.0,0.0,false,, 2.0
2025-11-06 14:28:00 +0000,Dumbbell Shoulder Press, 9,20.41168092460379,0.0,0.0,0.0,0.0,false,, 2.0
2025-11-06 14:28:00 +0000,Dumbbell Shoulder Press, 9,20.41168092460379,0.0,0.0,0.0,0.0,false,, 2.0
2025-11-06 14:28:00 +0000,Side Leg Hip Circle, 10,0.0,0.0,0.0,0.0,0.0,false,, 2.0
2025-11-06 14:28:00 +0000,Side Leg Hip Circle, 10,0.0,0.0,0.0,0.0,0.0,false,, 2.0
2025-11-06 14:28:00 +0000,Side Leg Hip Circle, 10,0.0,0.0,0.0,0.0,0.0,false,, 2.0
2025-11-06 14:28:00 +0000,Side Leg Hip Circle, 10,0.0,0.0,0.0,0.0,0.0,false,, 2.0
2025-11-06 14:28:00 +0000,Side Leg Hip Circle, 10,0.0,0.0,0.0,0.0,0.0,false,, 2.0
2025-11-06 14:28:00 +0000,Side Leg Hip Circle, 10,0.0,0.0,0.0,0.0,0.0,false,, 2.0
2025-11-06 14:28:00 +0000,Cable Lateral Raise, 4,15.87575183024739,0.0,0.0,0.0,0.0,false,, 2.0
2025-11-06 14:28:00 +0000,Cable Lateral Raise, 4,15.87575183024739,0.0,0.0,0.0,0.0,false,, 2.0
2025-11-06 14:28:00 +0000,Cable Lateral Raise, 4,15.87575183024739,0.0,0.0,0.0,0.0,false,, 2.0
2025-11-06 14:28:00 +0000,Decline Push Up, 12,0.0,0.0,0.0,0.0,0.0,false,, 1.0
2025-11-06 14:28:00 +0000,Decline Push Up, 10,0.0,0.0,0.0,0.0,0.0,false,, 1.0
2025-11-06 14:28:00 +0000,Decline Push Up, 10,0.0,0.0,0.0,0.0,0.0,false,, 1.0
2025-11-05 13:19:48 +0000,Side Leg Hip Circle, 10,0.0,0.0,0.0,0.0,0.0,false,, 2.0
2025-11-05 13:19:48 +0000,Side Leg Hip Circle, 10,0.0,0.0,0.0,0.0,0.0,false,, 2.0
2025-11-05 13:19:48 +0000,Side Leg Hip Circle, 10,0.0,0.0,0.0,0.0,0.0,false,, 2.0
2025-11-05 13:19:48 +0000,Side Leg Hip Circle, 10,0.0,0.0,0.0,0.0,0.0,false,, 2.0
2025-11-05 13:19:48 +0000,Side Leg Hip Circle, 10,0.0,0.0,0.0,0.0,0.0,false,, 2.0
2025-11-05 13:19:48 +0000,Side Leg Hip Circle, 10,0.0,0.0,0.0,0.0,0.0,false,, 2.0
2025-11-05 13:19:48 +0000,Dumbbell Romanian Deadlift, 8,20.41168092460379,0.0,0.0,0.0,0.0,true,, 2.0
2025-11-05 13:19:48 +0000,Dumbbell Romanian Deadlift, 8,34.01946820767298,0.0,0.0,0.0,0.0,false,, 2.0
2025-11-05 13:19:48 +0000,Dumbbell Romanian Deadlift, 10,34.01946820767298,0.0,0.0,0.0,0.0,false,, 2.0
2025-11-05 13:19:48 +0000,Dumbbell Romanian Deadlift, 10,34.01946820767298,0.0,0.0,0.0,0.0,false,, 2.0
2025-11-05 13:19:48 +0000,Air Squats, 11,0.0,0.0,0.0,0.0,0.0,false,, 1.0
2025-11-05 13:19:48 +0000,Air Squats, 11,0.0,0.0,0.0,0.0,0.0,false,, 1.0
2025-11-05 13:19:48 +0000,Air Squats, 11,0.0,0.0,0.0,0.0,0.0,false,, 1.0
2025-11-05 13:19:48 +0000,Leg Extension, 8,74.84283005688056,0.0,0.0,0.0,0.0,true,, 1.0
2025-11-05 13:19:48 +0000,Seated Leg Curl, 8,70.30690096252415,0.0,0.0,0.0,0.0,true,, 1.0
2025-11-05 13:19:48 +0000,Seated Leg Curl, 5,70.30690096252415,0.0,0.0,0.0,0.0,false,, 1.0
2025-11-05 13:19:48 +0000,Goblet Squat, 20,15.87575183024739,0.0,0.0,0.0,0.0,false,, 1.0
2025-11-05 13:19:48 +0000,Goblet Squat, 20,15.87575183024739,0.0,0.0,0.0,0.0,false,, 1.0
2025-11-05 13:19:48 +0000,Goblet Squat, 20,15.87575183024739,0.0,0.0,0.0,0.0,false,, 1.0
2025-11-05 13:19:48 +0000,Goblet Squat, 20,15.87575183024739,0.0,0.0,0.0,0.0,false,, 1.0
2025-11-04 13:19:39 +0000,Pull Up, 7,0.0,0.0,0.0,0.0,0.0,false,, 1.0
2025-11-04 13:19:39 +0000,Pull Up, 7,0.0,0.0,0.0,0.0,0.0,false,, 1.0
2025-11-04 13:19:39 +0000,Pull Up, 6,0.0,0.0,0.0,0.0,0.0,false,, 1.0
2025-11-04 13:19:39 +0000,Pull Up, 6,0.0,0.0,0.0,0.0,0.0,false,, 1.0
2025-11-04 13:19:39 +0000,Side Leg Hip Circle, 10,0.0,0.0,0.0,0.0,0.0,false,, 2.0
2025-11-04 13:19:39 +0000,Side Leg Hip Circle, 10,0.0,0.0,0.0,0.0,0.0,false,, 2.0
2025-11-04 13:19:39 +0000,Side Leg Hip Circle, 10,0.0,0.0,0.0,0.0,0.0,false,, 2.0
2025-11-04 13:19:39 +0000,Side Leg Hip Circle, 10,0.0,0.0,0.0,0.0,0.0,false,, 2.0
2025-11-04 13:19:39 +0000,Side Leg Hip Circle, 10,0.0,0.0,0.0,0.0,0.0,false,, 2.0
2025-11-04 13:19:39 +0000,Side Leg Hip Circle, 10,0.0,0.0,0.0,0.0,0.0,false,, 2.0
2025-11-04 13:19:39 +0000,Barbell Curl, 10,34.01946820767298,0.0,0.0,0.0,0.0,false,, 1.0
2025-11-04 13:19:39 +0000,Barbell Curl, 10,34.01946820767298,0.0,0.0,0.0,0.0,false,, 1.0
2025-11-04 13:19:39 +0000,Barbell Curl, 10,34.01946820767298,0.0,0.0,0.0,0.0,false,, 1.0
2025-11-04 13:19:39 +0000,Upright Row, 8,43.091326396385774,0.0,0.0,0.0,0.0,false,, 1.0
2025-11-04 13:19:39 +0000,Upright Row, 8,43.091326396385774,0.0,0.0,0.0,0.0,false,, 1.0
2025-11-04 13:19:39 +0000,Upright Row, 8,43.091326396385774,0.0,0.0,0.0,0.0,false,, 1.0
2025-11-04 13:19:39 +0000,Shotgun Row, 8,38.55539730202938,0.0,0.0,0.0,0.0,false,, 2.0
2025-11-04 13:19:39 +0000,Shotgun Row, 8,38.55539730202938,0.0,0.0,0.0,0.0,false,, 2.0
2025-11-04 13:19:39 +0000,Shotgun Row, 10,38.55539730202938,0.0,0.0,0.0,0.0,false,, 2.0
2025-11-04 13:19:39 +0000,Hammer Curls, 11,13.607787283069193,0.0,0.0,0.0,0.0,false,, 2.0
2025-11-04 13:19:39 +0000,Hammer Curls, 11,13.607787283069193,0.0,0.0,0.0,0.0,false,, 2.0
2025-11-04 13:19:39 +0000,Hammer Curls, 11,13.607787283069193,0.0,0.0,0.0,0.0,false,, 2.0
2025-11-04 13:19:39 +0000,Hanging Knee Raise, 12,0.0,0.0,0.0,0.0,0.0,false,, 1.0
2025-11-04 13:19:39 +0000,Hanging Knee Raise, 12,0.0,0.0,0.0,0.0,0.0,false,, 1.0
2025-11-04 13:19:39 +0000,Hanging Knee Raise, 13,0.0,0.0,0.0,0.0,0.0,false,, 1.0
2025-11-03 13:15:17 +0000,Barbell Incline Bench Press, 10,20.41168092460379,0.0,0.0,0.0,0.0,true,, 1.0
2025-11-03 13:15:17 +0000,Barbell Incline Bench Press, 5,43.091326396385774,0.0,0.0,0.0,0.0,true,, 1.0
2025-11-03 13:15:17 +0000,Barbell Incline Bench Press, 13,61.235042773811365,0.0,0.0,0.0,0.0,false,, 1.0
2025-11-03 13:15:17 +0000,Barbell Incline Bench Press, 11,61.235042773811365,0.0,0.0,0.0,0.0,false,, 1.0
2025-11-03 13:15:17 +0000,Barbell Incline Bench Press, 11,61.235042773811365,0.0,0.0,0.0,0.0,false,, 1.0
2025-11-03 13:15:17 +0000,Barbell Incline Bench Press, 11,61.235042773811365,0.0,0.0,0.0,0.0,false,, 1.0
2025-11-03 13:15:17 +0000,Dumbbell Shoulder Press, 8,9.071858188712795,0.0,0.0,0.0,0.0,false,, 2.0
2025-11-03 13:15:17 +0000,Dumbbell Shoulder Press, 8,9.071858188712795,0.0,0.0,0.0,0.0,false,, 2.0
2025-11-03 13:15:17 +0000,Dumbbell Shoulder Press, 10,22.67964547178199,0.0,0.0,0.0,0.0,false,, 2.0
2025-11-03 13:15:17 +0000,Dumbbell Shoulder Press, 9,22.67964547178199,0.0,0.0,0.0,0.0,false,, 2.0
2025-11-03 13:15:17 +0000,Skullcrusher, 7,31.75150366049478,0.0,0.0,0.0,0.0,false,, 1.0
2025-11-03 13:15:17 +0000,Skullcrusher, 7,31.75150366049478,0.0,0.0,0.0,0.0,false,, 1.0
2025-11-03 13:15:17 +0000,Skullcrusher, 8,31.75150366049478,0.0,0.0,0.0,0.0,false,, 1.0
2025-11-03 13:15:17 +0000,Side Leg Hip Circle, 10,0.0,0.0,0.0,0.0,0.0,false,, 2.0
2025-11-03 13:15:17 +0000,Side Leg Hip Circle, 10,0.0,0.0,0.0,0.0,0.0,false,, 2.0
2025-11-03 13:15:17 +0000,Side Leg Hip Circle, 10,0.0,0.0,0.0,0.0,0.0,false,, 2.0
2025-11-03 13:15:17 +0000,Side Leg Hip Circle, 10,0.0,0.0,0.0,0.0,0.0,false,, 2.0
2025-11-03 13:15:17 +0000,Side Leg Hip Circle, 10,0.0,0.0,0.0,0.0,0.0,false,, 2.0
2025-11-03 13:15:17 +0000,Side Leg Hip Circle, 10,0.0,0.0,0.0,0.0,0.0,false,, 2.0
2025-10-27 12:10:23 +0000,Barbell Incline Bench Press, 10,20.41168092460379,0.0,0.0,0.0,0.0,true,, 1.0
2025-10-27 12:10:23 +0000,Barbell Incline Bench Press, 3,43.091326396385774,0.0,0.0,0.0,0.0,true,, 1.0
2025-10-27 12:10:23 +0000,Barbell Incline Bench Press, 6,49.895220037920375,0.0,0.0,0.0,0.0,false,, 1.0
2025-10-27 12:10:23 +0000,Barbell Incline Bench Press, 3,61.235042773811365,0.0,0.0,0.0,0.0,false,, 1.0
2025-10-27 12:10:23 +0000,Barbell Incline Bench Press, 10,72.57486550970236,0.0,0.0,0.0,0.0,false,, 1.0
2025-10-27 12:10:23 +0000,Barbell Incline Bench Press, 8,72.57486550970236,0.0,0.0,0.0,0.0,false,, 1.0
2025-10-27 12:10:23 +0000,Barbell Incline Bench Press, 7,72.57486550970236,0.0,0.0,0.0,0.0,false,, 1.0
2025-10-27 12:10:23 +0000,Dumbbell Skullcrusher, 9,11.339822735890994,0.0,0.0,0.0,0.0,false,, 2.0
2025-10-27 12:10:23 +0000,Dumbbell Skullcrusher, 9,11.339822735890994,0.0,0.0,0.0,0.0,false,, 2.0
2025-10-27 12:10:23 +0000,Dumbbell Skullcrusher, 9,11.339822735890994,0.0,0.0,0.0,0.0,false,, 2.0
2025-10-27 12:10:23 +0000,Dumbbell Skullcrusher, 9,11.339822735890994,0.0,0.0,0.0,0.0,false,, 2.0
2025-10-27 12:10:23 +0000,Dumbbell Front Raise, 10,2.267964547178199,0.0,0.0,0.0,0.0,false,, 2.0
2025-10-27 12:10:23 +0000,Dumbbell Front Raise, 10,2.267964547178199,0.0,0.0,0.0,0.0,false,, 2.0
2025-10-27 12:10:23 +0000,Dumbbell Front Raise, 15,6.8038936415345965,0.0,0.0,0.0,0.0,false,, 2.0
2025-10-27 12:10:23 +0000,Dumbbell Front Raise, 15,6.8038936415345965,0.0,0.0,0.0,0.0,false,, 2.0
2025-10-20 12:13:13 +0000,Pull Up, 6,0.0,0.0,0.0,0.0,0.0,false,, 1.0
2025-10-20 12:13:13 +0000,Pull Up, 6,0.0,0.0,0.0,0.0,0.0,false,, 1.0
2025-10-20 12:13:13 +0000,Pull Up, 6,0.0,0.0,0.0,0.0,0.0,false,, 1.0
2025-10-20 12:13:13 +0000,Pull Up, 5,0.0,0.0,0.0,0.0,0.0,false,, 1.0
2025-10-20 12:13:13 +0000,Pull Up, 5,0.0,0.0,0.0,0.0,0.0,false,, 1.0
2025-10-20 12:13:13 +0000,Barbell Curl, 6,34.01946820767298,0.0,0.0,0.0,0.0,false,, 1.0
2025-10-20 12:13:13 +0000,Barbell Curl, 6,34.01946820767298,0.0,0.0,0.0,0.0,false,, 1.0
2025-10-20 12:13:13 +0000,Barbell Curl, 7,34.01946820767298,0.0,0.0,0.0,0.0,false,, 1.0
2025-10-20 12:13:13 +0000,Barbell Curl, 7,34.01946820767298,0.0,0.0,0.0,0.0,false,, 1.0
2025-10-20 12:13:13 +0000,Upright Row, 6,45.35929094356398,0.0,0.0,0.0,0.0,false,, 1.0
2025-10-20 12:13:13 +0000,Upright Row, 6,45.35929094356398,0.0,0.0,0.0,0.0,false,, 1.0
2025-10-20 12:13:13 +0000,Upright Row, 6,45.35929094356398,0.0,0.0,0.0,0.0,false,, 1.0
2025-10-20 12:13:13 +0000,Upright Row, 6,45.35929094356398,0.0,0.0,0.0,0.0,false,, 1.0
2025-10-20 12:13:13 +0000,Dumbbell Bicep Curl, 7,15.87575183024739,0.0,0.0,0.0,0.0,false,, 2.0
2025-10-20 12:13:13 +0000,Dumbbell Bicep Curl, 7,15.87575183024739,0.0,0.0,0.0,0.0,false,, 2.0
2025-10-20 12:13:13 +0000,Dumbbell Bicep Curl, 7,15.87575183024739,0.0,0.0,0.0,0.0,false,, 2.0
2025-10-20 12:13:13 +0000,Lat Pulldown, 8,43.091326396385774,0.0,0.0,0.0,0.0,true,, 1.0
2025-10-20 12:13:13 +0000,Lat Pulldown, 5,68.03893641534596,0.0,0.0,0.0,0.0,false,, 1.0
2025-10-20 12:13:13 +0000,Lat Pulldown, 5,68.03893641534596,0.0,0.0,0.0,0.0,false,, 1.0
2025-10-14 12:13:55 +0000,Barbell Incline Bench Press, 10,43.091326396385774,0.0,0.0,0.0,0.0,true,, 1.0
2025-10-14 12:13:55 +0000,Barbell Incline Bench Press, 3,79.37875915123695,0.0,0.0,0.0,0.0,false,, 1.0
2025-10-14 12:13:55 +0000,Barbell Incline Bench Press, 3,79.37875915123695,0.0,0.0,0.0,0.0,false,, 1.0
2025-10-14 12:13:55 +0000,Barbell Incline Bench Press, 4,79.37875915123695,0.0,0.0,0.0,0.0,false,, 1.0
2025-10-14 12:13:55 +0000,Barbell Incline Bench Press, 5,79.37875915123695,0.0,0.0,0.0,0.0,false,, 1.0
2025-10-14 12:13:55 +0000,Dumbbell Shoulder Press, 8,11.339822735890994,0.0,0.0,0.0,0.0,false,, 2.0
2025-10-14 12:13:55 +0000,Dumbbell Shoulder Press, 8,11.339822735890994,0.0,0.0,0.0,0.0,false,, 2.0
2025-10-14 12:13:55 +0000,Dumbbell Shoulder Press, 13,20.41168092460379,0.0,0.0,0.0,0.0,false,, 2.0
2025-10-14 12:13:55 +0000,Dumbbell Shoulder Press, 9,22.67964547178199,0.0,0.0,0.0,0.0,false,, 2.0
2025-10-14 12:13:55 +0000,Dip, 8,4.535929094356398,0.0,0.0,0.0,0.0,false,, 1.0
2025-10-14 12:13:55 +0000,Dip, 8,4.535929094356398,0.0,0.0,0.0,0.0,false,, 1.0
2025-10-14 12:13:55 +0000,Dip, 8,4.535929094356398,0.0,0.0,0.0,0.0,false,, 1.0
2025-10-14 12:13:55 +0000,Dumbbell Lateral Raise, 8,9.071858188712795,0.0,0.0,0.0,0.0,false,, 2.0
2025-10-14 12:13:55 +0000,Dumbbell Lateral Raise, 8,9.071858188712795,0.0,0.0,0.0,0.0,false,, 2.0
2025-10-14 12:13:55 +0000,Dumbbell Lateral Raise, 8,9.071858188712795,0.0,0.0,0.0,0.0,false,, 2.0
2025-10-08 12:11:51 +0000,Pull Up, 7,0.0,0.0,0.0,0.0,0.0,false,, 1.0
2025-10-08 12:11:51 +0000,Pull Up, 7,0.0,0.0,0.0,0.0,0.0,false,, 1.0
2025-10-08 12:11:51 +0000,Pull Up, 7,0.0,0.0,0.0,0.0,0.0,false,, 1.0
2025-10-08 12:11:51 +0000,Barbell Curl, 7,34.01946820767298,0.0,0.0,0.0,0.0,false,, 1.0
2025-10-08 12:11:51 +0000,Barbell Curl, 7,34.01946820767298,0.0,0.0,0.0,0.0,false,, 1.0
2025-10-08 12:11:51 +0000,Barbell Curl, 9,34.01946820767298,0.0,0.0,0.0,0.0,false,, 1.0
2025-10-08 12:11:51 +0000,Upright Row, 8,43.091326396385774,0.0,0.0,0.0,0.0,false,, 1.0
2025-10-08 12:11:51 +0000,Upright Row, 8,43.091326396385774,0.0,0.0,0.0,0.0,false,, 1.0
2025-10-08 12:11:51 +0000,Upright Row, 8,43.091326396385774,0.0,0.0,0.0,0.0,false,, 1.0
2025-10-08 12:11:51 +0000,Shotgun Row, 8,22.67964547178199,0.0,0.0,0.0,0.0,true,, 2.0
2025-10-08 12:11:51 +0000,Shotgun Row, 6,38.55539730202938,0.0,0.0,0.0,0.0,false,, 2.0
2025-10-08 12:11:51 +0000,Shotgun Row, 6,38.55539730202938,0.0,0.0,0.0,0.0,false,, 2.0
2025-10-08 12:11:51 +0000,Shotgun Row, 6,38.55539730202938,0.0,0.0,0.0,0.0,false,, 2.0
2025-10-08 12:11:51 +0000,Shotgun Row, 6,38.55539730202938,0.0,0.0,0.0,0.0,false,, 2.0
2025-10-08 12:11:51 +0000,Single Arm Preacher Curl, 6,11.339822735890994,0.0,0.0,0.0,0.0,false,, 2.0
2025-10-08 12:11:51 +0000,Single Arm Preacher Curl, 6,11.339822735890994,0.0,0.0,0.0,0.0,false,, 2.0
2025-10-08 12:11:51 +0000,Single Arm Preacher Curl, 6,11.339822735890994,0.0,0.0,0.0,0.0,false,, 2.0
2025-10-08 12:11:51 +0000,Single Arm Preacher Curl, 6,11.339822735890994,0.0,0.0,0.0,0.0,false,, 2.0
2025-10-06 12:08:24 +0000,Barbell Incline Bench Press, 10,20.41168092460379,0.0,0.0,0.0,0.0,true,, 1.0
2025-10-06 12:08:24 +0000,Barbell Incline Bench Press, 6,43.091326396385774,0.0,0.0,0.0,0.0,true,, 1.0
2025-10-06 12:08:24 +0000,Barbell Incline Bench Press, 10,70.30690096252415,0.0,0.0,0.0,0.0,false,, 1.0
2025-10-06 12:08:24 +0000,Barbell Incline Bench Press, 10,70.30690096252415,0.0,0.0,0.0,0.0,false,, 1.0
2025-10-06 12:08:24 +0000,Barbell Incline Bench Press, 9,70.30690096252415,0.0,0.0,0.0,0.0,false,, 1.0
2025-10-06 12:08:24 +0000,Barbell Incline Bench Press, 7,70.30690096252415,0.0,0.0,0.0,0.0,false,, 1.0
2025-10-06 12:08:24 +0000,Hanging Knee Raise, 11,0.0,0.0,0.0,0.0,0.0,false,, 1.0
2025-10-06 12:08:24 +0000,Hanging Knee Raise, 11,0.0,0.0,0.0,0.0,0.0,false,, 1.0
2025-10-06 12:08:24 +0000,Hanging Knee Raise, 11,0.0,0.0,0.0,0.0,0.0,false,, 1.0
2025-10-06 12:08:24 +0000,Dumbbell Shoulder Press, 8,20.41168092460379,0.0,0.0,0.0,0.0,false,, 2.0
2025-10-06 12:08:24 +0000,Dumbbell Shoulder Press, 8,20.41168092460379,0.0,0.0,0.0,0.0,false,, 2.0
2025-10-06 12:08:24 +0000,Dumbbell Shoulder Press, 8,20.41168092460379,0.0,0.0,0.0,0.0,false,, 2.0
2025-10-06 12:08:24 +0000,Dumbbell Skullcrusher, 8,11.339822735890994,0.0,0.0,0.0,0.0,false,, 2.0
2025-10-06 12:08:24 +0000,Dumbbell Skullcrusher, 8,11.339822735890994,0.0,0.0,0.0,0.0,false,, 2.0
2025-10-06 12:08:24 +0000,Dumbbell Skullcrusher, 8,11.339822735890994,0.0,0.0,0.0,0.0,false,, 2.0
2025-10-06 12:08:24 +0000,Dumbbell Lateral Raise, 10,6.8038936415345965,0.0,0.0,0.0,0.0,false,, 2.0
2025-10-06 12:08:24 +0000,Dumbbell Lateral Raise, 10,6.8038936415345965,0.0,0.0,0.0,0.0,false,, 2.0
2025-10-06 12:08:24 +0000,Dumbbell Lateral Raise, 10,6.8038936415345965,0.0,0.0,0.0,0.0,false,, 2.0
2025-10-01 12:30:31 +0000,Back Squat, 8,70.30690096252415,0.0,0.0,0.0,0.0,true,, 1.0
2025-10-01 12:30:31 +0000,Back Squat, 3,102.05840462301894,0.0,0.0,0.0,0.0,true,, 1.0
2025-10-01 12:30:31 +0000,Back Squat, 3,111.13026281173174,0.0,0.0,0.0,0.0,false,, 1.0
2025-10-01 12:30:31 +0000,Back Squat, 3,111.13026281173174,0.0,0.0,0.0,0.0,false,, 1.0
2025-10-01 12:30:31 +0000,Back Squat, 3,111.13026281173174,0.0,0.0,0.0,0.0,false,, 1.0
2025-10-01 12:30:31 +0000,Back Squat, 3,111.13026281173174,0.0,0.0,0.0,0.0,false,, 1.0
2025-10-01 12:30:31 +0000,Seated Leg Curl, 8,65.77097186816776,0.0,0.0,0.0,0.0,true,, 1.0
2025-10-01 12:30:31 +0000,Seated Leg Curl, 3,97.52247552866254,0.0,0.0,0.0,0.0,true,, 1.0
2025-10-01 12:30:31 +0000,Seated Leg Curl, 8,104.32636917019714,0.0,0.0,0.0,0.0,false,, 1.0
2025-10-01 12:30:31 +0000,Seated Leg Curl, 8,104.32636917019714,0.0,0.0,0.0,0.0,false,, 1.0
2025-10-01 12:30:31 +0000,Seated Leg Curl, 8,104.32636917019714,0.0,0.0,0.0,0.0,false,, 1.0
2025-09-30 12:28:56 +0000,Pull Up, 3,0.0,0.0,0.0,0.0,0.0,false,, 1.0
2025-09-30 12:28:56 +0000,Pull Up, 3,0.0,0.0,0.0,0.0,0.0,false,, 1.0
2025-09-30 12:28:56 +0000,Pull Up, 9,0.0,0.0,0.0,0.0,0.0,false,, 1.0
2025-09-30 12:28:56 +0000,Pull Up, 7,0.0,0.0,0.0,0.0,0.0,false,, 1.0
2025-09-30 12:28:56 +0000,Barbell Curl, 8,22.67964547178199,0.0,0.0,0.0,0.0,true,, 1.0
2025-09-30 12:28:56 +0000,Barbell Curl, 6,31.75150366049478,0.0,0.0,0.0,0.0,false,, 1.0
2025-09-30 12:28:56 +0000,Barbell Curl, 6,31.75150366049478,0.0,0.0,0.0,0.0,false,, 1.0
2025-09-30 12:28:56 +0000,Barbell Curl, 8,31.75150366049478,0.0,0.0,0.0,0.0,false,, 1.0
2025-09-30 12:28:56 +0000,Upright Row, 8,40.82336184920758,0.0,0.0,0.0,0.0,false,, 1.0
2025-09-30 12:28:56 +0000,Upright Row, 8,40.82336184920758,0.0,0.0,0.0,0.0,false,, 1.0
2025-09-30 12:28:56 +0000,Upright Row, 8,40.82336184920758,0.0,0.0,0.0,0.0,false,, 1.0
2025-09-30 12:28:56 +0000,Upright Row, 8,40.82336184920758,0.0,0.0,0.0,0.0,false,, 1.0
2025-09-30 12:28:56 +0000,Cable Crunch, 8,102.05840462301894,0.0,0.0,0.0,0.0,false,, 1.0
2025-09-30 12:28:56 +0000,Cable Crunch, 8,102.05840462301894,0.0,0.0,0.0,0.0,false,, 1.0
2025-09-30 12:28:56 +0000,Cable Crunch, 8,102.05840462301894,0.0,0.0,0.0,0.0,false,, 1.0
2025-09-30 12:28:56 +0000,Incline Back Extension, 8,20.41168092460379,0.0,0.0,0.0,0.0,false,, 1.0
2025-09-30 12:28:56 +0000,Incline Back Extension, 8,20.41168092460379,0.0,0.0,0.0,0.0,false,, 1.0
2025-09-30 12:28:56 +0000,Incline Back Extension, 8,20.41168092460379,0.0,0.0,0.0,0.0,false,, 1.0
2025-09-30 12:28:56 +0000,Dumbbell Bicep Curl, 10,13.607787283069193,0.0,0.0,0.0,0.0,false,, 2.0
2025-09-30 12:28:56 +0000,Dumbbell Bicep Curl, 10,13.607787283069193,0.0,0.0,0.0,0.0,false,, 2.0
2025-09-29 12:13:31 +0000,Barbell Incline Bench Press, 10,20.41168092460379,0.0,0.0,0.0,0.0,true,, 1.0
2025-09-29 12:13:31 +0000,Barbell Incline Bench Press, 5,43.091326396385774,0.0,0.0,0.0,0.0,true,, 1.0
2025-09-29 12:13:31 +0000,Barbell Incline Bench Press, 8,52.16318458509857,0.0,0.0,0.0,0.0,false,, 1.0
2025-09-29 12:13:31 +0000,Barbell Incline Bench Press, 9,74.84283005688056,0.0,0.0,0.0,0.0,false,, 1.0
2025-09-29 12:13:31 +0000,Barbell Incline Bench Press, 8,74.84283005688056,0.0,0.0,0.0,0.0,false,, 1.0
2025-09-29 12:13:31 +0000,Dumbbell Shoulder Press, 10,20.41168092460379,0.0,0.0,0.0,0.0,false,, 2.0
2025-09-29 12:13:31 +0000,Dumbbell Shoulder Press, 10,20.41168092460379,0.0,0.0,0.0,0.0,false,, 2.0
2025-09-29 12:13:31 +0000,Dumbbell Shoulder Press, 10,20.41168092460379,0.0,0.0,0.0,0.0,false,, 2.0
2025-09-29 12:13:31 +0000,Dumbbell Shoulder Press, 10,20.41168092460379,0.0,0.0,0.0,0.0,false,, 2.0
2025-09-29 12:13:31 +0000,Dumbbell Fly, 8,13.607787283069193,0.0,0.0,0.0,0.0,false,, 2.0
2025-09-29 12:13:31 +0000,Dumbbell Fly, 8,13.607787283069193,0.0,0.0,0.0,0.0,false,, 2.0
2025-09-29 12:13:31 +0000,Dumbbell Fly, 8,13.607787283069193,0.0,0.0,0.0,0.0,false,, 2.0
2025-09-29 12:13:31 +0000,Dip, 8,0.0,0.0,0.0,0.0,0.0,false,, 1.0
2025-09-29 12:13:31 +0000,Dip, 8,0.0,0.0,0.0,0.0,0.0,false,, 1.0
2025-09-29 12:13:31 +0000,Dip, 8,0.0,0.0,0.0,0.0,0.0,false,, 1.0
2025-09-15 12:18:54 +0000,Barbell Incline Bench Press, 10,43.091326396385774,0.0,0.0,0.0,0.0,true,, 1.0
2025-09-15 12:18:54 +0000,Barbell Incline Bench Press, 10,72.57486550970236,0.0,0.0,0.0,0.0,false,, 1.0
2025-09-15 12:18:54 +0000,Barbell Incline Bench Press, 8,72.57486550970236,0.0,0.0,0.0,0.0,false,, 1.0
2025-09-15 12:18:54 +0000,Barbell Incline Bench Press, 6,72.57486550970236,0.0,0.0,0.0,0.0,false,, 1.0
2025-09-15 12:18:54 +0000,Dumbbell Shoulder Press, 10,20.41168092460379,0.0,0.0,0.0,0.0,false,, 2.0
2025-09-15 12:18:54 +0000,Dumbbell Shoulder Press, 10,20.41168092460379,0.0,0.0,0.0,0.0,false,, 2.0
2025-09-15 12:18:54 +0000,Dumbbell Shoulder Press, 9,20.41168092460379,0.0,0.0,0.0,0.0,false,, 2.0
2025-09-15 12:18:54 +0000,Dumbbell Lateral Raise, 6,9.071858188712795,0.0,0.0,0.0,0.0,false,, 2.0
2025-09-15 12:18:54 +0000,Dumbbell Lateral Raise, 6,9.071858188712795,0.0,0.0,0.0,0.0,false,, 2.0
2025-09-15 12:18:54 +0000,Dumbbell Lateral Raise, 6,9.071858188712795,0.0,0.0,0.0,0.0,false,, 2.0
2025-09-15 12:18:54 +0000,Cable Tricep Pushdown, 8,31.75150366049478,0.0,0.0,0.0,0.0,true,, 1.0
2025-09-15 12:18:54 +0000,Cable Tricep Pushdown, 10,54.43114913227677,0.0,0.0,0.0,0.0,false,, 1.0
2025-09-15 12:18:54 +0000,Cable Tricep Pushdown, 10,54.43114913227677,0.0,0.0,0.0,0.0,false,, 1.0
2025-09-15 12:18:54 +0000,Cable Tricep Pushdown, 10,54.43114913227677,0.0,0.0,0.0,0.0,false,, 1.0
2025-09-15 12:18:54 +0000,Hand Release Push Up, 10,0.0,0.0,0.0,0.0,0.0,false,, 1.0
2025-09-15 12:18:54 +0000,Hand Release Push Up, 10,0.0,0.0,0.0,0.0,0.0,false,, 1.0
2025-09-15 12:18:54 +0000,Hand Release Push Up, 10,0.0,0.0,0.0,0.0,0.0,false,, 1.0
2025-08-26 12:12:44 +0000,Lat Pulldown, 8,40.82336184920758,0.0,0.0,0.0,0.0,true,, 1.0
2025-08-26 12:12:44 +0000,Lat Pulldown, 11,68.03893641534596,0.0,0.0,0.0,0.0,false,, 1.0
2025-08-26 12:12:44 +0000,Lat Pulldown, 11,70.30690096252415,0.0,0.0,0.0,0.0,false,, 1.0
2025-08-26 12:12:44 +0000,Lat Pulldown, 11,70.30690096252415,0.0,0.0,0.0,0.0,false,, 1.0
2025-08-26 12:12:44 +0000,Upright Row, 9,43.091326396385774,0.0,0.0,0.0,0.0,false,, 1.0
2025-08-26 12:12:44 +0000,Upright Row, 9,43.091326396385774,0.0,0.0,0.0,0.0,false,, 1.0
2025-08-26 12:12:44 +0000,Upright Row, 9,43.091326396385774,0.0,0.0,0.0,0.0,false,, 1.0
2025-08-26 12:12:44 +0000,Upright Row, 9,43.091326396385774,0.0,0.0,0.0,0.0,false,, 1.0
2025-08-26 12:12:44 +0000,Dumbbell Bicep Curl, 11,15.87575183024739,0.0,0.0,0.0,0.0,false,, 2.0
2025-08-26 12:12:44 +0000,Dumbbell Bicep Curl, 10,15.87575183024739,0.0,0.0,0.0,0.0,false,, 2.0
2025-08-26 12:12:44 +0000,Dumbbell Bicep Curl, 10,15.87575183024739,0.0,0.0,0.0,0.0,false,, 2.0
2025-08-26 12:12:44 +0000,Dumbbell Bicep Curl, 10,15.87575183024739,0.0,0.0,0.0,0.0,false,, 2.0
2025-08-26 12:12:44 +0000,Incline Back Extension, 15,20.41168092460379,0.0,0.0,0.0,0.0,false,, 1.0
2025-08-26 12:12:44 +0000,Incline Back Extension, 12,20.41168092460379,0.0,0.0,0.0,0.0,false,, 1.0
2025-08-26 12:12:44 +0000,Incline Back Extension, 12,20.41168092460379,0.0,0.0,0.0,0.0,false,, 1.0
2025-08-25 12:00:56 +0000,Barbell Incline Bench Press, 10,20.41168092460379,0.0,0.0,0.0,0.0,true,, 1.0
2025-08-25 12:00:56 +0000,Barbell Incline Bench Press, 8,47.62725549074217,0.0,0.0,0.0,0.0,true,, 1.0
2025-08-25 12:00:56 +0000,Barbell Incline Bench Press, 6,79.37875915123695,0.0,0.0,0.0,0.0,false,, 1.0
2025-08-25 12:00:56 +0000,Barbell Incline Bench Press, 6,79.37875915123695,0.0,0.0,0.0,0.0,false,, 1.0
2025-08-25 12:00:56 +0000,Barbell Incline Bench Press, 5,79.37875915123695,0.0,0.0,0.0,0.0,false,, 1.0
2025-08-25 12:00:56 +0000,Barbell Incline Bench Press, 5,79.37875915123695,0.0,0.0,0.0,0.0,false,, 1.0
2025-08-25 12:00:56 +0000,Barbell Incline Bench Press, 4,79.37875915123695,0.0,0.0,0.0,0.0,false,, 1.0
2025-08-25 12:00:56 +0000,Cable Crunch, 11,102.05840462301894,0.0,0.0,0.0,0.0,false,, 1.0
2025-08-25 12:00:56 +0000,Cable Crunch, 11,102.05840462301894,0.0,0.0,0.0,0.0,false,, 1.0
2025-08-25 12:00:56 +0000,Cable Crunch, 11,102.05840462301894,0.0,0.0,0.0,0.0,false,, 1.0
2025-08-25 12:00:56 +0000,Cable Crunch, 11,102.05840462301894,0.0,0.0,0.0,0.0,false,, 1.0
2025-08-25 12:00:56 +0000,Dumbbell Shoulder Press, 8,11.339822735890994,0.0,0.0,0.0,0.0,true,, 2.0
2025-08-25 12:00:56 +0000,Dumbbell Shoulder Press, 4,24.947610018960187,0.0,0.0,0.0,0.0,false,, 2.0
2025-08-25 12:00:56 +0000,Dumbbell Shoulder Press, 4,24.947610018960187,0.0,0.0,0.0,0.0,false,, 2.0
2025-08-25 12:00:56 +0000,Dumbbell Shoulder Press, 4,24.947610018960187,0.0,0.0,0.0,0.0,false,, 2.0
2025-08-25 12:00:56 +0000,Dumbbell Shoulder Press, 5,24.947610018960187,0.0,0.0,0.0,0.0,false,, 2.0
2025-08-25 12:00:56 +0000,Dip, 10,4.535929094356398,0.0,0.0,0.0,0.0,false,, 1.0
2025-08-25 12:00:56 +0000,Dip, 10,4.535929094356398,0.0,0.0,0.0,0.0,false,, 1.0
2025-08-25 12:00:56 +0000,Dumbbell Fly, 10,15.87575183024739,0.0,0.0,0.0,0.0,false,, 2.0
2025-08-25 12:00:56 +0000,Dumbbell Fly, 10,15.87575183024739,0.0,0.0,0.0,0.0,false,, 2.0
2025-08-19 12:11:04 +0000,Barbell Incline Bench Press, 10,20.41168092460379,0.0,0.0,0.0,0.0,true,, 1.0
2025-08-19 12:11:04 +0000,Barbell Incline Bench Press, 8,40.82336184920758,0.0,0.0,0.0,0.0,true,, 1.0
2025-08-19 12:11:04 +0000,Barbell Incline Bench Press, 10,70.30690096252415,0.0,0.0,0.0,0.0,false,, 1.0
2025-08-19 12:11:04 +0000,Barbell Incline Bench Press, 10,70.30690096252415,0.0,0.0,0.0,0.0,false,, 1.0
2025-08-19 12:11:04 +0000,Barbell Incline Bench Press, 10,70.30690096252415,0.0,0.0,0.0,0.0,false,, 1.0
2025-08-19 12:11:04 +0000,Dumbbell Shoulder Press, 8,9.071858188712795,0.0,0.0,0.0,0.0,false,, 2.0
2025-08-19 12:11:04 +0000,Dumbbell Shoulder Press, 8,9.071858188712795,0.0,0.0,0.0,0.0,false,, 2.0
2025-08-19 12:11:04 +0000,Dumbbell Shoulder Press, 9,22.67964547178199,0.0,0.0,0.0,0.0,false,, 2.0
2025-08-19 12:11:04 +0000,Dumbbell Shoulder Press, 8,22.67964547178199,0.0,0.0,0.0,0.0,false,, 2.0
2025-08-19 12:11:04 +0000,Dumbbell Skullcrusher, 10,11.339822735890994,0.0,0.0,0.0,0.0,false,, 2.0
2025-08-19 12:11:04 +0000,Dumbbell Skullcrusher, 10,11.339822735890994,0.0,0.0,0.0,0.0,false,, 2.0
2025-08-19 12:11:04 +0000,Dumbbell Skullcrusher, 10,11.339822735890994,0.0,0.0,0.0,0.0,false,, 2.0
2025-08-19 12:11:04 +0000,Dumbbell Skullcrusher, 10,11.339822735890994,0.0,0.0,0.0,0.0,false,, 2.0
2025-08-19 12:11:04 +0000,Dumbbell Bench Press, 8,18.14371637742559,0.0,0.0,0.0,0.0,true,, 2.0
2025-08-19 12:11:04 +0000,Dumbbell Bench Press, 7,31.75150366049478,0.0,0.0,0.0,0.0,false,, 2.0
2025-08-19 12:11:04 +0000,Dumbbell Bench Press, 7,31.75150366049478,0.0,0.0,0.0,0.0,false,, 2.0
2025-08-19 12:11:04 +0000,Dumbbell Bench Press, 8,31.75150366049478,0.0,0.0,0.0,0.0,false,, 2.0
2025-08-01 12:06:44 +0000,Barbell Incline Bench Press, 10,20.41168092460379,0.0,0.0,0.0,0.0,true,, 1.0
2025-08-01 12:06:44 +0000,Barbell Incline Bench Press, 8,45.35929094356398,0.0,0.0,0.0,0.0,true,, 1.0
2025-08-01 12:06:44 +0000,Barbell Incline Bench Press, 6,77.11079460405875,0.0,0.0,0.0,0.0,false,, 1.0
2025-08-01 12:06:44 +0000,Barbell Incline Bench Press, 6,77.11079460405875,0.0,0.0,0.0,0.0,false,, 1.0
2025-08-01 12:06:44 +0000,Barbell Incline Bench Press, 6,77.11079460405875,0.0,0.0,0.0,0.0,false,, 1.0
2025-08-01 12:06:44 +0000,Barbell Incline Bench Press, 5,77.11079460405875,0.0,0.0,0.0,0.0,false,, 1.0
2025-08-01 12:06:44 +0000,Dumbbell Shoulder Press, 6,9.071858188712795,0.0,0.0,0.0,0.0,false,, 2.0
2025-08-01 12:06:44 +0000,Dumbbell Shoulder Press, 6,11.339822735890994,0.0,0.0,0.0,0.0,false,, 2.0
2025-08-01 12:06:44 +0000,Dumbbell Shoulder Press, 7,22.67964547178199,0.0,0.0,0.0,0.0,false,, 2.0
2025-08-01 12:06:44 +0000,Dumbbell Shoulder Press, 7,22.67964547178199,0.0,0.0,0.0,0.0,false,, 2.0
2025-08-01 12:06:44 +0000,Dumbbell Fly, 6,18.14371637742559,0.0,0.0,0.0,0.0,false,, 2.0
2025-08-01 12:06:44 +0000,Dumbbell Fly, 6,18.14371637742559,0.0,0.0,0.0,0.0,false,, 2.0
2025-08-01 12:06:44 +0000,Dumbbell Fly, 6,18.14371637742559,0.0,0.0,0.0,0.0,false,, 2.0
2025-08-01 12:06:44 +0000,Bench Dip, 21,0.0,0.0,0.0,0.0,0.0,false,, 1.0
2025-08-01 12:06:44 +0000,Bench Dip, 21,0.0,0.0,0.0,0.0,0.0,false,, 1.0
2025-08-01 12:06:44 +0000,Bench Dip, 23,0.0,0.0,0.0,0.0,0.0,false,, 1.0
2025-07-31 12:49:00 +0000,Running, 0,0.0,1800.0,4828.032,0.0,0.0,false,, 0.0
2025-07-30 12:12:25 +0000,Leg Extension, 8,95.25451098148434,0.0,0.0,0.0,0.0,true,, 1.0
2025-07-30 12:12:25 +0000,Leg Extension, 3,102.05840462301894,0.0,0.0,0.0,0.0,true,, 1.0
2025-07-30 12:12:25 +0000,Leg Extension, 18,111.13026281173174,0.0,0.0,0.0,0.0,false,, 1.0
2025-07-30 12:12:25 +0000,Leg Extension, 18,111.13026281173174,0.0,0.0,0.0,0.0,false,, 1.0
2025-07-30 12:12:25 +0000,Leg Extension, 18,111.13026281173174,0.0,0.0,0.0,0.0,false,, 1.0
2025-07-30 12:12:25 +0000,Seated Leg Curl, 8,70.30690096252415,0.0,0.0,0.0,0.0,true,, 1.0
2025-07-30 12:12:25 +0000,Seated Leg Curl, 3,92.98654643430615,0.0,0.0,0.0,0.0,true,, 1.0
2025-07-30 12:12:25 +0000,Seated Leg Curl, 9,111.13026281173174,0.0,0.0,0.0,0.0,false,, 1.0
2025-07-30 12:12:25 +0000,Seated Leg Curl, 9,111.13026281173174,0.0,0.0,0.0,0.0,false,, 1.0
2025-07-30 12:12:25 +0000,Seated Leg Curl, 9,111.13026281173174,0.0,0.0,0.0,0.0,false,, 1.0
2025-07-30 12:12:25 +0000,Cable Crunch, 14,102.05840462301894,0.0,0.0,0.0,0.0,false,, 1.0
2025-07-30 12:12:25 +0000,Cable Crunch, 14,102.05840462301894,0.0,0.0,0.0,0.0,false,, 1.0
2025-07-30 12:12:25 +0000,Standing Dumbbell Calf Raise, 14,34.01946820767298,0.0,0.0,0.0,0.0,false,, 2.0
2025-07-30 12:12:25 +0000,Standing Dumbbell Calf Raise, 14,34.01946820767298,0.0,0.0,0.0,0.0,false,, 2.0
2025-07-30 12:12:25 +0000,Dumbbell Hip Thrust, 19,34.01946820767298,0.0,0.0,0.0,0.0,false,, 1.0
2025-07-30 12:12:25 +0000,Dumbbell Hip Thrust, 19,34.01946820767298,0.0,0.0,0.0,0.0,false,, 1.0
2025-07-30 12:12:25 +0000,Dumbbell Hip Thrust, 20,34.01946820767298,0.0,0.0,0.0,0.0,false,, 1.0
2025-07-29 12:10:20 +0000,Pull Up, 8,0.0,0.0,0.0,0.0,0.0,false,, 1.0
2025-07-29 12:10:20 +0000,Pull Up, 8,0.0,0.0,0.0,0.0,0.0,false,, 1.0
2025-07-29 12:10:20 +0000,Pull Up, 8,0.0,0.0,0.0,0.0,0.0,false,, 1.0
2025-07-29 12:10:20 +0000,Pull Up, 8,0.0,0.0,0.0,0.0,0.0,false,, 1.0
2025-07-29 12:10:20 +0000,Pull Up, 8,0.0,0.0,0.0,0.0,0.0,false,, 1.0
2025-07-29 12:10:20 +0000,Upright Row, 10,38.55539730202938,0.0,0.0,0.0,0.0,false,, 1.0
2025-07-29 12:10:20 +0000,Upright Row, 10,38.55539730202938,0.0,0.0,0.0,0.0,false,, 1.0
2025-07-29 12:10:20 +0000,Upright Row, 10,38.55539730202938,0.0,0.0,0.0,0.0,false,, 1.0
2025-07-29 12:10:20 +0000,Upright Row, 10,38.55539730202938,0.0,0.0,0.0,0.0,false,, 1.0
2025-07-29 12:10:20 +0000,Barbell Curl, 8,34.01946820767298,0.0,0.0,0.0,0.0,false,, 1.0
2025-07-29 12:10:20 +0000,Barbell Curl, 8,34.01946820767298,0.0,0.0,0.0,0.0,false,, 1.0
2025-07-29 12:10:20 +0000,Barbell Curl, 8,34.01946820767298,0.0,0.0,0.0,0.0,false,, 1.0
2025-07-29 12:10:20 +0000,Barbell Curl, 8,34.01946820767298,0.0,0.0,0.0,0.0,false,, 1.0
2025-07-29 12:10:20 +0000,Incline Back Extension, 23,0.0,0.0,0.0,0.0,0.0,false,, 1.0
2025-07-29 12:10:20 +0000,Incline Back Extension, 23,0.0,0.0,0.0,0.0,0.0,false,, 1.0
2025-07-29 12:10:20 +0000,Incline Back Extension, 23,0.0,0.0,0.0,0.0,0.0,false,, 1.0
2025-07-29 12:10:20 +0000,Incline Back Extension, 23,0.0,0.0,0.0,0.0,0.0,false,, 1.0
2025-07-29 12:10:20 +0000,Hanging Knee Raise, 13,0.0,0.0,0.0,0.0,0.0,false,, 1.0
2025-07-29 12:10:20 +0000,Hanging Knee Raise, 13,0.0,0.0,0.0,0.0,0.0,false,, 1.0
2025-07-29 12:10:20 +0000,Hanging Knee Raise, 13,0.0,0.0,0.0,0.0,0.0,false,, 1.0
2025-07-29 12:10:20 +0000,Hanging Knee Raise, 13,0.0,0.0,0.0,0.0,0.0,false,, 1.0
2025-07-28 11:58:40 +0000,Barbell Bench Press, 8,56.69911367945497,0.0,0.0,0.0,0.0,true,, 1.0
2025-07-28 11:58:40 +0000,Barbell Bench Press, 6,92.98654643430615,0.0,0.0,0.0,0.0,false,, 1.0
2025-07-28 11:58:40 +0000,Barbell Bench Press, 6,92.98654643430615,0.0,0.0,0.0,0.0,false,, 1.0
2025-07-28 11:58:40 +0000,Barbell Bench Press, 5,92.98654643430615,0.0,0.0,0.0,0.0,false,, 1.0
2025-07-28 11:58:40 +0000,Barbell Bench Press, 4,92.98654643430615,0.0,0.0,0.0,0.0,false,, 1.0
2025-07-28 11:58:40 +0000,Barbell Shoulder Press, 2,61.235042773811365,0.0,0.0,0.0,0.0,false,, 1.0
2025-07-28 11:58:40 +0000,Barbell Shoulder Press, 2,61.235042773811365,0.0,0.0,0.0,0.0,false,, 1.0
2025-07-28 11:58:40 +0000,Barbell Shoulder Press, 5,52.16318458509857,0.0,0.0,0.0,0.0,false,, 1.0
2025-07-28 11:58:40 +0000,Barbell Shoulder Press, 6,52.16318458509857,0.0,0.0,0.0,0.0,false,, 1.0
2025-07-28 11:58:40 +0000,Dumbbell Fly, 14,11.339822735890994,0.0,0.0,0.0,0.0,false,, 2.0
2025-07-28 11:58:40 +0000,Dumbbell Fly, 12,13.607787283069193,0.0,0.0,0.0,0.0,false,, 2.0
2025-07-28 11:58:40 +0000,Dumbbell Fly, 12,13.607787283069193,0.0,0.0,0.0,0.0,false,, 2.0
2025-07-28 11:58:40 +0000,Dumbbell Fly, 12,13.607787283069193,0.0,0.0,0.0,0.0,false,, 2.0
2025-07-28 11:58:40 +0000,Dip, 13,0.0,0.0,0.0,0.0,0.0,false,, 1.0
2025-07-28 11:58:40 +0000,Dip, 13,0.0,0.0,0.0,0.0,0.0,false,, 1.0
2025-07-28 11:58:40 +0000,Dip, 13,0.0,0.0,0.0,0.0,0.0,false,, 1.0
2025-07-28 11:58:40 +0000,Dip, 13,0.0,0.0,0.0,0.0,0.0,false,, 1.0
2025-07-28 11:58:40 +0000,Skullcrusher, 5,18.14371637742559,0.0,0.0,0.0,0.0,false,, 1.0
2025-07-28 11:58:40 +0000,Skullcrusher, 5,27.215574566138386,0.0,0.0,0.0,0.0,false,, 1.0
2025-07-28 11:58:40 +0000,Skullcrusher, 10,31.75150366049478,0.0,0.0,0.0,0.0,false,, 1.0
2025-07-28 11:58:40 +0000,Skullcrusher, 10,31.75150366049478,0.0,0.0,0.0,0.0,false,, 1.0
2025-07-28 11:58:40 +0000,Cable Lateral Raise, 8,13.607787283069193,0.0,0.0,0.0,0.0,false,, 2.0
2025-07-28 11:58:40 +0000,Cable Lateral Raise, 8,13.607787283069193,0.0,0.0,0.0,0.0,false,, 2.0
2025-07-28 11:58:40 +0000,Cable Lateral Raise, 8,13.607787283069193,0.0,0.0,0.0,0.0,false,, 2.0
2025-07-28 11:58:40 +0000,Cable Lateral Raise, 8,13.607787283069193,0.0,0.0,0.0,0.0,false,, 2.0
2025-07-28 11:58:40 +0000,Cable Crunch, 12,102.05840462301894,0.0,0.0,0.0,0.0,false,, 1.0
2025-07-28 11:58:40 +0000,Cable Crunch, 12,102.05840462301894,0.0,0.0,0.0,0.0,false,, 1.0
2025-07-28 11:58:40 +0000,Cable Crunch, 12,102.05840462301894,0.0,0.0,0.0,0.0,false,, 1.0
2025-07-28 11:58:40 +0000,Cable Crunch, 12,102.05840462301894,0.0,0.0,0.0,0.0,false,, 1.0
2025-07-28 11:58:40 +0000,Push Up, 20,0.0,0.0,0.0,0.0,0.0,false,, 1.0
2025-07-28 11:58:40 +0000,Push Up, 20,0.0,0.0,0.0,0.0,0.0,false,, 1.0
2025-07-25 12:14:03 +0000,Back Squat, 4,92.98654643430615,0.0,0.0,0.0,0.0,false,, 1.0
2025-07-25 12:14:03 +0000,Back Squat, 4,111.13026281173174,0.0,0.0,0.0,0.0,false,, 1.0
2025-07-25 12:14:03 +0000,Back Squat, 5,133.80990828351372,0.0,0.0,0.0,0.0,false,, 1.0
2025-07-25 12:14:03 +0000,Back Squat, 4,136.07787283069192,0.0,0.0,0.0,0.0,false,, 1.0
2025-07-25 12:14:03 +0000,Walking - Treadmill, 0,0.0,720.0,965.6064,15.0,0.0,false,, 0.0
2025-07-23 12:13:19 +0000,Barbell Incline Bench Press, 10,20.41168092460379,0.0,0.0,0.0,0.0,true,, 1.0
2025-07-23 12:13:19 +0000,Barbell Incline Bench Press, 8,43.091326396385774,0.0,0.0,0.0,0.0,true,, 1.0
2025-07-23 12:13:19 +0000,Barbell Incline Bench Press, 8,70.30690096252415,0.0,0.0,0.0,0.0,false,, 1.0
2025-07-23 12:13:19 +0000,Barbell Incline Bench Press, 8,70.30690096252415,0.0,0.0,0.0,0.0,false,, 1.0
2025-07-23 12:13:19 +0000,Barbell Incline Bench Press, 9,70.30690096252415,0.0,0.0,0.0,0.0,false,, 1.0
2025-07-23 12:13:19 +0000,Barbell Incline Bench Press, 10,70.30690096252415,0.0,0.0,0.0,0.0,false,, 1.0
2025-07-23 12:13:19 +0000,Dumbbell Shoulder Press, 8,9.071858188712795,0.0,0.0,0.0,0.0,false,, 2.0
2025-07-23 12:13:19 +0000,Dumbbell Shoulder Press, 8,9.071858188712795,0.0,0.0,0.0,0.0,false,, 2.0
2025-07-23 12:13:19 +0000,Dumbbell Shoulder Press, 10,20.41168092460379,0.0,0.0,0.0,0.0,false,, 2.0
2025-07-23 12:13:19 +0000,Dumbbell Shoulder Press, 10,20.41168092460379,0.0,0.0,0.0,0.0,false,, 2.0
2025-07-23 12:13:19 +0000,Cable Crossover Fly, 8,31.75150366049478,0.0,0.0,0.0,0.0,false,, 2.0
2025-07-23 12:13:19 +0000,Cable Crossover Fly, 8,31.75150366049478,0.0,0.0,0.0,0.0,false,, 2.0
2025-07-23 12:13:19 +0000,Cable Crossover Fly, 8,31.75150366049478,0.0,0.0,0.0,0.0,false,, 2.0
2025-07-23 12:13:19 +0000,Cable Crossover Fly, 8,31.75150366049478,0.0,0.0,0.0,0.0,false,, 2.0
2025-07-23 12:13:19 +0000,Dip, 13,0.0,0.0,0.0,0.0,0.0,false,, 1.0
2025-07-23 12:13:19 +0000,Dip, 13,0.0,0.0,0.0,0.0,0.0,false,, 1.0
2025-07-23 12:13:19 +0000,Dip, 13,0.0,0.0,0.0,0.0,0.0,false,, 1.0
2025-07-23 12:13:19 +0000,Dip, 13,0.0,0.0,0.0,0.0,0.0,false,, 1.0
2025-07-23 12:13:19 +0000,Dumbbell Lateral Raise, 11,6.8038936415345965,0.0,0.0,0.0,0.0,false,, 2.0
2025-07-23 12:13:19 +0000,Dumbbell Lateral Raise, 12,6.8038936415345965,0.0,0.0,0.0,0.0,false,, 2.0
2025-07-23 12:13:19 +0000,Dumbbell Lateral Raise, 12,6.8038936415345965,0.0,0.0,0.0,0.0,false,, 2.0
2025-07-23 12:13:19 +0000,Dumbbell Skullcrusher, 8,11.339822735890994,0.0,0.0,0.0,0.0,false,, 2.0
2025-07-23 12:13:19 +0000,Dumbbell Skullcrusher, 8,11.339822735890994,0.0,0.0,0.0,0.0,false,, 2.0
2025-07-23 12:13:19 +0000,Dumbbell Skullcrusher, 8,11.339822735890994,0.0,0.0,0.0,0.0,false,, 2.0
2025-07-22 12:06:29 +0000,Pull Up, 9,0.0,0.0,0.0,0.0,0.0,false,, 1.0
2025-07-22 12:06:29 +0000,Pull Up, 9,0.0,0.0,0.0,0.0,0.0,false,, 1.0
2025-07-22 12:06:29 +0000,Pull Up, 7,0.0,0.0,0.0,0.0,0.0,false,, 1.0
2025-07-22 12:06:29 +0000,Pull Up, 8,0.0,0.0,0.0,0.0,0.0,false,, 1.0
2025-07-22 12:06:29 +0000,Upright Row, 8,38.55539730202938,0.0,0.0,0.0,0.0,false,, 1.0
2025-07-22 12:06:29 +0000,Upright Row, 8,38.55539730202938,0.0,0.0,0.0,0.0,false,, 1.0
2025-07-22 12:06:29 +0000,Upright Row, 8,38.55539730202938,0.0,0.0,0.0,0.0,false,, 1.0
2025-07-22 12:06:29 +0000,Upright Row, 10,38.55539730202938,0.0,0.0,0.0,0.0,false,, 1.0
2025-07-22 12:06:29 +0000,Barbell Curl, 5,38.55539730202938,0.0,0.0,0.0,0.0,false,, 1.0
2025-07-22 12:06:29 +0000,Barbell Curl, 5,38.55539730202938,0.0,0.0,0.0,0.0,false,, 1.0
2025-07-22 12:06:29 +0000,Barbell Curl, 5,38.55539730202938,0.0,0.0,0.0,0.0,false,, 1.0
2025-07-22 12:06:29 +0000,Barbell Curl, 6,38.55539730202938,0.0,0.0,0.0,0.0,false,, 1.0
2025-07-22 12:06:29 +0000,Dumbbell Row, 8,31.75150366049478,0.0,0.0,0.0,0.0,false,, 2.0
2025-07-22 12:06:29 +0000,Dumbbell Row, 8,31.75150366049478,0.0,0.0,0.0,0.0,false,, 2.0
2025-07-22 12:06:29 +0000,Dumbbell Row, 8,31.75150366049478,0.0,0.0,0.0,0.0,false,, 2.0
2025-07-22 12:06:29 +0000,Dumbbell Row, 8,31.75150366049478,0.0,0.0,0.0,0.0,false,, 2.0
2025-07-22 12:06:29 +0000,Dumbbell Bicep Curl, 8,15.87575183024739,0.0,0.0,0.0,0.0,false,, 2.0
2025-07-22 12:06:29 +0000,Dumbbell Bicep Curl, 8,15.87575183024739,0.0,0.0,0.0,0.0,false,, 2.0
2025-07-22 12:06:29 +0000,Dumbbell Bicep Curl, 8,15.87575183024739,0.0,0.0,0.0,0.0,false,, 2.0
2025-07-22 12:06:29 +0000,Dumbbell Bicep Curl, 8,15.87575183024739,0.0,0.0,0.0,0.0,false,, 2.0
2025-07-22 12:06:29 +0000,Cable Crunch, 10,72.57486550970236,0.0,0.0,0.0,0.0,false,, 1.0
2025-07-22 12:06:29 +0000,Cable Crunch, 10,88.45061733994974,0.0,0.0,0.0,0.0,false,, 1.0
2025-07-22 12:06:29 +0000,Cable Crunch, 11,102.05840462301894,0.0,0.0,0.0,0.0,false,, 1.0
2025-07-22 12:06:29 +0000,Cable Crunch, 11,102.05840462301894,0.0,0.0,0.0,0.0,false,, 1.0
2025-07-22 12:06:29 +0000,Incline Back Extension, 22,0.0,0.0,0.0,0.0,0.0,false,, 1.0
2025-07-22 12:06:29 +0000,Incline Back Extension, 22,0.0,0.0,0.0,0.0,0.0,false,, 1.0
2025-07-22 12:06:29 +0000,Incline Back Extension, 22,0.0,0.0,0.0,0.0,0.0,false,, 1.0
2025-07-22 12:06:29 +0000,Incline Back Extension, 22,0.0,0.0,0.0,0.0,0.0,false,, 1.0
2025-07-22 12:06:29 +0000,Lat Pulldown, 10,68.03893641534596,0.0,0.0,0.0,0.0,false,, 1.0
2025-07-22 12:06:29 +0000,Lat Pulldown, 10,68.03893641534596,0.0,0.0,0.0,0.0,false,, 1.0
2025-07-22 12:06:29 +0000,Lat Pulldown, 10,68.03893641534596,0.0,0.0,0.0,0.0,false,, 1.0
2025-07-22 12:06:29 +0000,Lat Pulldown, 10,68.03893641534596,0.0,0.0,0.0,0.0,false,, 1.0
2025-07-18 12:08:56 +0000,Single Leg Leg Extension, 8,40.82336184920758,0.0,0.0,0.0,0.0,true,, 2.0
2025-07-18 12:08:56 +0000,Single Leg Leg Extension, 8,68.03893641534596,0.0,0.0,0.0,0.0,false,, 2.0
2025-07-18 12:08:56 +0000,Single Leg Leg Extension, 8,68.03893641534596,0.0,0.0,0.0,0.0,false,, 2.0
2025-07-18 12:08:56 +0000,Single Leg Leg Extension, 8,68.03893641534596,0.0,0.0,0.0,0.0,false,, 2.0
2025-07-18 12:08:56 +0000,Standing Leg Curl, 6,29.483539113316585,0.0,0.0,0.0,0.0,true,, 2.0
2025-07-18 12:08:56 +0000,Standing Leg Curl, 8,49.895220037920375,0.0,0.0,0.0,0.0,false,, 2.0
2025-07-18 12:08:56 +0000,Standing Leg Curl, 9,49.895220037920375,0.0,0.0,0.0,0.0,false,, 2.0
2025-07-18 12:08:56 +0000,Standing Leg Curl, 9,49.895220037920375,0.0,0.0,0.0,0.0,false,, 2.0
2025-07-18 12:08:56 +0000,Cable Pull Through, 10,52.16318458509857,0.0,0.0,0.0,0.0,false,, 1.0
2025-07-18 12:08:56 +0000,Cable Pull Through, 10,52.16318458509857,0.0,0.0,0.0,0.0,false,, 1.0
2025-07-18 12:08:56 +0000,Cable Pull Through, 10,52.16318458509857,0.0,0.0,0.0,0.0,false,, 1.0
2025-07-18 12:08:56 +0000,Side Leg Hip Circle, 10,0.0,0.0,0.0,0.0,0.0,false,, 2.0
2025-07-18 12:08:56 +0000,Side Leg Hip Circle, 10,0.0,0.0,0.0,0.0,0.0,false,, 2.0
2025-07-18 12:08:56 +0000,Side Leg Hip Circle, 10,0.0,0.0,0.0,0.0,0.0,false,, 2.0
2025-07-18 12:08:56 +0000,Dumbbell Bulgarian Split Squat, 6,22.67964547178199,0.0,0.0,0.0,0.0,false,, 4.0
2025-07-18 12:08:56 +0000,Dumbbell Bulgarian Split Squat, 7,22.67964547178199,0.0,0.0,0.0,0.0,false,, 4.0
2025-07-18 12:08:56 +0000,Dumbbell Bulgarian Split Squat, 7,22.67964547178199,0.0,0.0,0.0,0.0,false,, 4.0
2025-07-18 12:08:56 +0000,Dumbbell Bulgarian Split Squat, 8,22.67964547178199,0.0,0.0,0.0,0.0,false,, 4.0
2025-07-18 12:08:56 +0000,Dumbbell Bulgarian Split Squat, 8,22.67964547178199,0.0,0.0,0.0,0.0,false,, 4.0
2025-07-18 12:08:56 +0000,Single Leg Romanian Deadlift, 10,15.87575183024739,0.0,0.0,0.0,0.0,false,, 4.0
2025-07-18 12:08:56 +0000,Single Leg Romanian Deadlift, 10,15.87575183024739,0.0,0.0,0.0,0.0,false,, 4.0
2025-07-18 12:08:56 +0000,Single Leg Romanian Deadlift, 10,15.87575183024739,0.0,0.0,0.0,0.0,false,, 4.0
2025-07-18 12:08:56 +0000,Single Leg Romanian Deadlift, 10,15.87575183024739,0.0,0.0,0.0,0.0,false,, 4.0
2025-07-17 12:22:28 +0000,Barbell Bench Press, 8,61.235042773811365,0.0,0.0,0.0,0.0,true,, 1.0
2025-07-17 12:22:28 +0000,Barbell Bench Press, 5,95.25451098148434,0.0,0.0,0.0,0.0,false,, 1.0
2025-07-17 12:22:28 +0000,Barbell Bench Press, 5,95.25451098148434,0.0,0.0,0.0,0.0,false,, 1.0
2025-07-17 12:22:28 +0000,Barbell Bench Press, 4,95.25451098148434,0.0,0.0,0.0,0.0,false,, 1.0
2025-07-17 12:22:28 +0000,Barbell Bench Press, 4,95.25451098148434,0.0,0.0,0.0,0.0,false,, 1.0
2025-07-17 12:22:28 +0000,Dumbbell Shoulder Press, 9,18.14371637742559,0.0,0.0,0.0,0.0,false,, 2.0
2025-07-17 12:22:28 +0000,Dumbbell Shoulder Press, 9,18.14371637742559,0.0,0.0,0.0,0.0,false,, 2.0
2025-07-17 12:22:28 +0000,Dumbbell Shoulder Press, 9,18.14371637742559,0.0,0.0,0.0,0.0,false,, 2.0
2025-07-17 12:22:28 +0000,Dumbbell Shoulder Press, 9,18.14371637742559,0.0,0.0,0.0,0.0,false,, 2.0
2025-07-17 12:22:28 +0000,Cable Lateral Raise, 7,13.607787283069193,0.0,0.0,0.0,0.0,false,, 2.0
2025-07-17 12:22:28 +0000,Cable Lateral Raise, 7,13.607787283069193,0.0,0.0,0.0,0.0,false,, 2.0
2025-07-17 12:22:28 +0000,Cable Lateral Raise, 7,13.607787283069193,0.0,0.0,0.0,0.0,false,, 2.0
2025-07-17 12:22:28 +0000,Cable Lateral Raise, 7,13.607787283069193,0.0,0.0,0.0,0.0,false,, 2.0
2025-07-17 12:22:28 +0000,Dip, 13,0.0,0.0,0.0,0.0,0.0,false,, 1.0
2025-07-17 12:22:28 +0000,Dip, 13,0.0,0.0,0.0,0.0,0.0,false,, 1.0
2025-07-17 12:22:28 +0000,Dip, 13,0.0,0.0,0.0,0.0,0.0,false,, 1.0
2025-07-17 12:22:28 +0000,Dip, 13,0.0,0.0,0.0,0.0,0.0,false,, 1.0
2025-07-17 12:22:28 +0000,Push Up, 18,0.0,0.0,0.0,0.0,0.0,false,, 1.0
2025-07-17 12:22:28 +0000,Push Up, 18,0.0,0.0,0.0,0.0,0.0,false,, 1.0
2025-07-17 12:22:28 +0000,Push Up, 18,0.0,0.0,0.0,0.0,0.0,false,, 1.0
2025-07-16 12:10:41 +0000,Pull Up, 3,0.0,0.0,0.0,0.0,0.0,false,, 1.0
2025-07-16 12:10:41 +0000,Pull Up, 3,0.0,0.0,0.0,0.0,0.0,false,, 1.0
2025-07-16 12:10:41 +0000,Pull Up, 11,0.0,0.0,0.0,0.0,0.0,false,, 1.0
2025-07-16 12:10:41 +0000,Pull Up, 10,0.0,0.0,0.0,0.0,0.0,false,, 1.0
2025-07-16 12:10:41 +0000,Upright Row, 10,34.01946820767298,0.0,0.0,0.0,0.0,false,, 1.0
2025-07-16 12:10:41 +0000,Upright Row, 11,34.01946820767298,0.0,0.0,0.0,0.0,false,, 1.0
2025-07-16 12:10:41 +0000,Upright Row, 11,34.01946820767298,0.0,0.0,0.0,0.0,false,, 1.0
2025-07-16 12:10:41 +0000,Upright Row, 11,34.01946820767298,0.0,0.0,0.0,0.0,false,, 1.0
2025-07-16 12:10:41 +0000,Barbell Curl, 10,34.01946820767298,0.0,0.0,0.0,0.0,false,, 1.0
2025-07-16 12:10:41 +0000,Barbell Curl, 10,34.01946820767298,0.0,0.0,0.0,0.0,false,, 1.0
2025-07-16 12:10:41 +0000,Barbell Curl, 10,34.01946820767298,0.0,0.0,0.0,0.0,false,, 1.0
2025-07-16 12:10:41 +0000,Cable Face Pull, 6,20.41168092460379,0.0,0.0,0.0,0.0,false,, 1.0
2025-07-16 12:10:41 +0000,Cable Face Pull, 6,24.947610018960187,0.0,0.0,0.0,0.0,false,, 1.0
2025-07-16 12:10:41 +0000,Cable Face Pull, 10,29.483539113316585,0.0,0.0,0.0,0.0,false,, 1.0
2025-07-16 12:10:41 +0000,Cable Face Pull, 10,29.483539113316585,0.0,0.0,0.0,0.0,false,, 1.0
2025-07-16 12:10:41 +0000,Cable Row, 8,56.69911367945497,0.0,0.0,0.0,0.0,true,, 1.0
2025-07-16 12:10:41 +0000,Cable Row, 6,90.71858188712795,0.0,0.0,0.0,0.0,false,, 1.0
2025-07-16 12:10:41 +0000,Cable Row, 6,90.71858188712795,0.0,0.0,0.0,0.0,false,, 1.0
2025-07-16 12:10:41 +0000,Cable Row, 6,90.71858188712795,0.0,0.0,0.0,0.0,false,, 1.0
2025-07-16 12:10:41 +0000,Hammer Curls, 8,15.87575183024739,0.0,0.0,0.0,0.0,false,, 2.0
2025-07-16 12:10:41 +0000,Hammer Curls, 8,15.87575183024739,0.0,0.0,0.0,0.0,false,, 2.0
2025-07-16 12:10:41 +0000,Hammer Curls, 8,15.87575183024739,0.0,0.0,0.0,0.0,false,, 2.0
2025-07-16 12:10:41 +0000,Cable Crunch, 10,102.05840462301894,0.0,0.0,0.0,0.0,false,, 1.0
2025-07-16 12:10:41 +0000,Cable Crunch, 10,102.05840462301894,0.0,0.0,0.0,0.0,false,, 1.0
2025-07-16 12:10:41 +0000,Cable Crunch, 10,102.05840462301894,0.0,0.0,0.0,0.0,false,, 1.0
2025-07-15 12:00:43 +0000,Back Squat, 8,79.37875915123695,0.0,0.0,0.0,0.0,true,, 1.0
2025-07-15 12:00:43 +0000,Back Squat, 3,111.13026281173174,0.0,0.0,0.0,0.0,true,, 1.0
2025-07-15 12:00:43 +0000,Back Squat, 4,129.27397918915733,0.0,0.0,0.0,0.0,false,, 1.0
2025-07-15 12:00:43 +0000,Back Squat, 4,129.27397918915733,0.0,0.0,0.0,0.0,false,, 1.0
2025-07-15 12:00:43 +0000,Back Squat, 4,129.27397918915733,0.0,0.0,0.0,0.0,false,, 1.0
2025-07-15 12:00:43 +0000,Back Squat, 4,129.27397918915733,0.0,0.0,0.0,0.0,false,, 1.0
2025-07-15 12:00:43 +0000,Dumbbell Romanian Deadlift, 12,34.01946820767298,0.0,0.0,0.0,0.0,false,, 2.0
2025-07-15 12:00:43 +0000,Dumbbell Romanian Deadlift, 12,34.01946820767298,0.0,0.0,0.0,0.0,false,, 2.0
2025-07-15 12:00:43 +0000,Dumbbell Romanian Deadlift, 12,34.01946820767298,0.0,0.0,0.0,0.0,false,, 2.0
2025-07-15 12:00:43 +0000,Dumbbell Romanian Deadlift, 12,34.01946820767298,0.0,0.0,0.0,0.0,false,, 2.0
2025-07-15 12:00:43 +0000,Calf Raise, 27,0.0,0.0,0.0,0.0,0.0,false,, 1.0
2025-07-15 12:00:43 +0000,Calf Raise, 30,0.0,0.0,0.0,0.0,0.0,false,, 1.0
2025-07-15 12:00:43 +0000,Calf Raise, 30,0.0,0.0,0.0,0.0,0.0,false,, 1.0
2025-07-15 12:00:43 +0000,Calf Raise, 30,0.0,0.0,0.0,0.0,0.0,false,, 1.0
2025-07-15 12:00:43 +0000,Cable Pull Through, 6,56.69911367945497,0.0,0.0,0.0,0.0,false,, 1.0
2025-07-15 12:00:43 +0000,Cable Pull Through, 6,56.69911367945497,0.0,0.0,0.0,0.0,false,, 1.0
2025-07-15 12:00:43 +0000,Cable Pull Through, 7,56.69911367945497,0.0,0.0,0.0,0.0,false,, 1.0
2025-07-15 12:00:43 +0000,Cable Pull Through, 7,56.69911367945497,0.0,0.0,0.0,0.0,false,, 1.0
2025-07-15 12:00:43 +0000,Clam, 10,0.0,0.0,0.0,0.0,0.0,false,, 2.0
2025-07-15 12:00:43 +0000,Clam, 10,0.0,0.0,0.0,0.0,0.0,false,, 2.0
2025-07-15 12:00:43 +0000,Clam, 10,0.0,0.0,0.0,0.0,0.0,false,, 2.0
2025-07-15 12:00:43 +0000,Clam, 10,0.0,0.0,0.0,0.0,0.0,false,, 2.0
2025-07-15 12:00:43 +0000,Hanging Knee Raise, 12,0.0,0.0,0.0,0.0,0.0,false,, 1.0
2025-07-15 12:00:43 +0000,Hanging Knee Raise, 12,0.0,0.0,0.0,0.0,0.0,false,, 1.0
2025-07-15 12:00:43 +0000,Hanging Knee Raise, 12,0.0,0.0,0.0,0.0,0.0,false,, 1.0
2025-07-12 12:20:10 +0000,Barbell Bench Press, 8,61.235042773811365,0.0,0.0,0.0,0.0,true,, 1.0
2025-07-12 12:20:10 +0000,Barbell Bench Press, 3,92.98654643430615,0.0,0.0,0.0,0.0,true,, 1.0
2025-07-12 12:20:10 +0000,Barbell Bench Press, 2,104.32636917019714,0.0,0.0,0.0,0.0,false,, 1.0
2025-07-12 12:20:10 +0000,Barbell Bench Press, 4,97.52247552866254,0.0,0.0,0.0,0.0,false,, 1.0
2025-07-12 12:20:10 +0000,Barbell Bench Press, 3,97.52247552866254,0.0,0.0,0.0,0.0,false,, 1.0
2025-07-12 12:20:10 +0000,Dumbbell Shoulder Press, 8,18.14371637742559,0.0,0.0,0.0,0.0,false,, 2.0
2025-07-12 12:20:10 +0000,Dumbbell Shoulder Press, 12,18.14371637742559,0.0,0.0,0.0,0.0,false,, 2.0
2025-07-12 12:20:10 +0000,Dumbbell Shoulder Press, 12,18.14371637742559,0.0,0.0,0.0,0.0,false,, 2.0
2025-07-12 12:20:10 +0000,Cable Crossover Fly, 10,29.483539113316585,0.0,0.0,0.0,0.0,false,, 2.0
2025-07-12 12:20:10 +0000,Cable Crossover Fly, 10,29.483539113316585,0.0,0.0,0.0,0.0,false,, 2.0
2025-07-12 12:20:10 +0000,Cable Crossover Fly, 10,29.483539113316585,0.0,0.0,0.0,0.0,false,, 2.0
2025-07-12 12:20:10 +0000,Dip, 14,0.0,0.0,0.0,0.0,0.0,false,, 1.0
2025-07-12 12:20:10 +0000,Dip, 14,0.0,0.0,0.0,0.0,0.0,false,, 1.0
2025-07-12 12:20:10 +0000,Dip, 14,0.0,0.0,0.0,0.0,0.0,false,, 1.0
2025-07-12 12:20:10 +0000,Cable Crunch, 10,99.79044007584075,0.0,0.0,0.0,0.0,false,, 1.0
2025-07-12 12:20:10 +0000,Cable Crunch, 10,99.79044007584075,0.0,0.0,0.0,0.0,false,, 1.0
2025-07-12 12:20:10 +0000,Cable Crunch, 10,102.05840462301894,0.0,0.0,0.0,0.0,false,, 1.0
2025-07-12 12:20:10 +0000,Dumbbell Incline Bench Press, 6,31.75150366049478,0.0,0.0,0.0,0.0,false,, 2.0
2025-07-12 12:20:10 +0000,Dumbbell Incline Bench Press, 6,31.75150366049478,0.0,0.0,0.0,0.0,false,, 2.0
2025-07-12 12:20:10 +0000,Dumbbell Incline Bench Press, 6,31.75150366049478,0.0,0.0,0.0,0.0,false,, 2.0
2025-07-11 12:06:24 +0000,Pull Up, 8,0.0,0.0,0.0,0.0,0.0,false,, 1.0
2025-07-11 12:06:24 +0000,Pull Up, 8,0.0,0.0,0.0,0.0,0.0,false,, 1.0
2025-07-11 12:06:24 +0000,Pull Up, 8,0.0,0.0,0.0,0.0,0.0,false,, 1.0
2025-07-11 12:06:24 +0000,Pull Up, 8,0.0,0.0,0.0,0.0,0.0,false,, 1.0
2025-07-11 12:06:24 +0000,Pull Up, 8,0.0,0.0,0.0,0.0,0.0,false,, 1.0
2025-07-11 12:06:24 +0000,Barbell Shrug, 6,108.86229826455354,0.0,0.0,0.0,0.0,false,, 1.0
2025-07-11 12:06:24 +0000,Barbell Shrug, 6,108.86229826455354,0.0,0.0,0.0,0.0,false,, 1.0
2025-07-11 12:06:24 +0000,Barbell Shrug, 6,108.86229826455354,0.0,0.0,0.0,0.0,false,, 1.0
2025-07-11 12:06:24 +0000,Barbell Shrug, 6,108.86229826455354,0.0,0.0,0.0,0.0,false,, 1.0
2025-07-11 12:06:24 +0000,Barbell Shrug, 6,108.86229826455354,0.0,0.0,0.0,0.0,false,, 1.0
2025-07-11 12:06:24 +0000,EZ-Bar Curl, 8,18.14371637742559,0.0,0.0,0.0,0.0,true,, 1.0
2025-07-11 12:06:24 +0000,EZ-Bar Curl, 8,40.82336184920758,0.0,0.0,0.0,0.0,false,, 1.0
2025-07-11 12:06:24 +0000,EZ-Bar Curl, 6,40.82336184920758,0.0,0.0,0.0,0.0,false,, 1.0
2025-07-11 12:06:24 +0000,EZ-Bar Curl, 7,40.82336184920758,0.0,0.0,0.0,0.0,false,, 1.0
2025-07-11 12:06:24 +0000,EZ-Bar Curl, 7,40.82336184920758,0.0,0.0,0.0,0.0,false,, 1.0
2025-07-11 12:06:24 +0000,Cable Row, 10,83.91468824559335,0.0,0.0,0.0,0.0,false,, 1.0
2025-07-11 12:06:24 +0000,Cable Row, 10,83.91468824559335,0.0,0.0,0.0,0.0,false,, 1.0
2025-07-11 12:06:24 +0000,Cable Row, 10,83.91468824559335,0.0,0.0,0.0,0.0,false,, 1.0
2025-07-11 12:06:24 +0000,Cable Row, 10,83.91468824559335,0.0,0.0,0.0,0.0,false,, 1.0
2025-07-11 12:06:24 +0000,Dumbbell Bicep Curl, 7,18.14371637742559,0.0,0.0,0.0,0.0,false,, 2.0
2025-07-11 12:06:24 +0000,Dumbbell Bicep Curl, 6,18.14371637742559,0.0,0.0,0.0,0.0,false,, 2.0
2025-07-11 12:06:24 +0000,Dumbbell Bicep Curl, 6,18.14371637742559,0.0,0.0,0.0,0.0,false,, 2.0
2025-07-11 12:06:24 +0000,Hanging Knee Raise, 12,0.0,0.0,0.0,0.0,0.0,false,, 1.0
2025-07-10 12:35:23 +0000,Dumbbell Bulgarian Split Squat, 4,20.41168092460379,0.0,0.0,0.0,0.0,false,, 4.0
2025-07-10 12:35:23 +0000,Dumbbell Bulgarian Split Squat, 5,20.41168092460379,0.0,0.0,0.0,0.0,false,, 4.0
2025-07-10 12:35:23 +0000,Dumbbell Bulgarian Split Squat, 13,20.41168092460379,0.0,0.0,0.0,0.0,false,, 4.0
2025-07-10 12:35:23 +0000,Dumbbell Bulgarian Split Squat, 13,20.41168092460379,0.0,0.0,0.0,0.0,false,, 4.0
2025-07-10 12:35:23 +0000,Cable Pull Through, 8,47.62725549074217,0.0,0.0,0.0,0.0,false,, 1.0
2025-07-10 12:35:23 +0000,Cable Pull Through, 10,47.62725549074217,0.0,0.0,0.0,0.0,false,, 1.0
2025-07-10 12:35:23 +0000,Cable Pull Through, 10,47.62725549074217,0.0,0.0,0.0,0.0,false,, 1.0
2025-07-10 12:35:23 +0000,Cable Pull Through, 10,47.62725549074217,0.0,0.0,0.0,0.0,false,, 1.0
2025-07-10 12:35:23 +0000,Single Leg Leg Extension, 5,72.57486550970236,0.0,0.0,0.0,0.0,false,, 2.0
2025-07-10 12:35:23 +0000,Single Leg Leg Extension, 5,72.57486550970236,0.0,0.0,0.0,0.0,false,, 2.0
2025-07-10 12:35:23 +0000,Single Leg Leg Extension, 6,72.57486550970236,0.0,0.0,0.0,0.0,false,, 2.0
2025-07-10 12:35:23 +0000,Single Leg Leg Extension, 6,72.57486550970236,0.0,0.0,0.0,0.0,false,, 2.0
2025-07-10 12:35:23 +0000,Standing Leg Curl, 6,49.895220037920375,0.0,0.0,0.0,0.0,false,, 2.0
2025-07-10 12:35:23 +0000,Standing Leg Curl, 6,49.895220037920375,0.0,0.0,0.0,0.0,false,, 2.0
2025-07-10 12:35:23 +0000,Standing Leg Curl, 8,49.895220037920375,0.0,0.0,0.0,0.0,false,, 2.0
2025-07-10 12:35:23 +0000,Standing Leg Curl, 8,49.895220037920375,0.0,0.0,0.0,0.0,false,, 2.0
2025-07-08 12:09:58 +0000,Barbell Bench Press, 10,61.235042773811365,0.0,0.0,0.0,0.0,false,, 1.0
2025-07-08 12:09:58 +0000,Barbell Bench Press, 5,74.84283005688056,0.0,0.0,0.0,0.0,false,, 1.0
2025-07-08 12:09:58 +0000,Barbell Bench Press, 7,92.98654643430615,0.0,0.0,0.0,0.0,false,, 1.0
2025-07-08 12:09:58 +0000,Barbell Bench Press, 5,92.98654643430615,0.0,0.0,0.0,0.0,false,, 1.0
2025-07-08 12:09:58 +0000,Barbell Shoulder Press, 8,36.28743275485118,0.0,0.0,0.0,0.0,true,, 1.0
2025-07-08 12:09:58 +0000,Barbell Shoulder Press, 3,58.96707822663317,0.0,0.0,0.0,0.0,false,, 1.0
2025-07-08 12:09:58 +0000,Barbell Shoulder Press, 3,58.96707822663317,0.0,0.0,0.0,0.0,false,, 1.0
2025-07-08 12:09:58 +0000,Barbell Shoulder Press, 3,58.96707822663317,0.0,0.0,0.0,0.0,false,, 1.0
2025-07-08 12:09:58 +0000,Barbell Shoulder Press, 3,58.96707822663317,0.0,0.0,0.0,0.0,false,, 1.0
2025-07-08 12:09:58 +0000,Cable Lateral Raise, 6,13.607787283069193,0.0,0.0,0.0,0.0,false,, 2.0
2025-07-08 12:09:58 +0000,Cable Lateral Raise, 6,13.607787283069193,0.0,0.0,0.0,0.0,false,, 2.0
2025-07-08 12:09:58 +0000,Cable Lateral Raise, 6,13.607787283069193,0.0,0.0,0.0,0.0,false,, 2.0
2025-07-08 12:09:58 +0000,Cable Lateral Raise, 7,13.607787283069193,0.0,0.0,0.0,0.0,false,, 2.0
2025-07-08 12:09:58 +0000,Dip, 13,0.0,0.0,0.0,0.0,0.0,false,, 1.0
2025-07-08 12:09:58 +0000,Dip, 13,0.0,0.0,0.0,0.0,0.0,false,, 1.0
2025-07-08 12:09:58 +0000,Dip, 13,0.0,0.0,0.0,0.0,0.0,false,, 1.0
2025-07-08 12:09:58 +0000,Dip, 13,0.0,0.0,0.0,0.0,0.0,false,, 1.0
2025-07-08 12:09:58 +0000,Cable Crossover Fly, 8,31.75150366049478,0.0,0.0,0.0,0.0,false,, 2.0
2025-07-08 12:09:58 +0000,Cable Crossover Fly, 8,31.75150366049478,0.0,0.0,0.0,0.0,false,, 2.0
2025-07-08 12:09:58 +0000,Cable Crossover Fly, 8,31.75150366049478,0.0,0.0,0.0,0.0,false,, 2.0
2025-07-08 12:09:58 +0000,Dumbbell Skullcrusher, 8,4.535929094356398,0.0,0.0,0.0,0.0,false,, 2.0
2025-07-08 12:09:58 +0000,Dumbbell Skullcrusher, 8,6.8038936415345965,0.0,0.0,0.0,0.0,false,, 2.0
2025-07-08 12:09:58 +0000,Dumbbell Skullcrusher, 11,11.339822735890994,0.0,0.0,0.0,0.0,false,, 2.0
2025-07-08 12:09:58 +0000,Dumbbell Skullcrusher, 10,11.339822735890994,0.0,0.0,0.0,0.0,false,, 2.0
2025-07-08 12:09:58 +0000,Push Up, 15,0.0,0.0,0.0,0.0,0.0,false,, 1.0
2025-07-08 12:09:58 +0000,Push Up, 15,0.0,0.0,0.0,0.0,0.0,false,, 1.0
2025-07-07 12:13:03 +0000,Pull Up, 9,4.535929094356398,0.0,0.0,0.0,0.0,false,, 1.0
2025-07-07 12:13:03 +0000,Pull Up, 8,4.535929094356398,0.0,0.0,0.0,0.0,false,, 1.0
2025-07-07 12:13:03 +0000,Pull Up, 6,4.535929094356398,0.0,0.0,0.0,0.0,false,, 1.0
2025-07-07 12:13:03 +0000,EZ-Bar Curl, 10,36.28743275485118,0.0,0.0,0.0,0.0,false,, 1.0
2025-07-07 12:13:03 +0000,EZ-Bar Curl, 10,36.28743275485118,0.0,0.0,0.0,0.0,false,, 1.0
2025-07-07 12:13:03 +0000,EZ-Bar Curl, 10,36.28743275485118,0.0,0.0,0.0,0.0,false,, 1.0
2025-07-07 12:13:03 +0000,EZ-Bar Curl, 10,36.28743275485118,0.0,0.0,0.0,0.0,false,, 1.0
2025-07-07 12:13:03 +0000,Lat Pulldown, 8,70.30690096252415,0.0,0.0,0.0,0.0,false,, 1.0
2025-07-07 12:13:03 +0000,Lat Pulldown, 8,70.30690096252415,0.0,0.0,0.0,0.0,false,, 1.0
2025-07-07 12:13:03 +0000,Lat Pulldown, 8,70.30690096252415,0.0,0.0,0.0,0.0,false,, 1.0
2025-07-07 12:13:03 +0000,Lat Pulldown, 8,70.30690096252415,0.0,0.0,0.0,0.0,false,, 1.0
2025-07-07 12:13:03 +0000,Shotgun Row, 10,34.01946820767298,0.0,0.0,0.0,0.0,false,, 2.0
2025-07-07 12:13:03 +0000,Shotgun Row, 10,36.28743275485118,0.0,0.0,0.0,0.0,false,, 2.0
2025-07-07 12:13:03 +0000,Shotgun Row, 10,38.55539730202938,0.0,0.0,0.0,0.0,false,, 2.0
2025-07-07 12:13:03 +0000,Hammer Curls, 10,13.607787283069193,0.0,0.0,0.0,0.0,false,, 2.0
2025-07-07 12:13:03 +0000,Hammer Curls, 10,13.607787283069193,0.0,0.0,0.0,0.0,false,, 2.0
2025-07-07 12:13:03 +0000,Hammer Curls, 10,13.607787283069193,0.0,0.0,0.0,0.0,false,, 2.0
2025-07-07 12:13:03 +0000,Loop Band Negative Pull Up, 5,0.0,0.0,0.0,0.0,0.0,false,, 0.0
2025-07-05 15:19:23 +0000,Push Up, 25,0.0,0.0,0.0,0.0,0.0,false,, 1.0
2025-07-05 15:19:23 +0000,Push Up, 25,0.0,0.0,0.0,0.0,0.0,false,, 1.0
2025-07-05 15:19:23 +0000,Push Up, 25,0.0,0.0,0.0,0.0,0.0,false,, 1.0
2025-07-05 15:19:23 +0000,Push Up, 25,0.0,0.0,0.0,0.0,0.0,false,, 1.0
2025-07-05 15:19:23 +0000,Walking, 0,0.0,720.0,1609.344,0.0,0.0,false,, 0.0
2025-07-03 12:14:43 +0000,Barbell Bench Press, 8,61.235042773811365,0.0,0.0,0.0,0.0,true,, 1.0
2025-07-03 12:14:43 +0000,Barbell Bench Press, 3,99.79044007584075,0.0,0.0,0.0,0.0,false,, 1.0
2025-07-03 12:14:43 +0000,Barbell Bench Press, 2,99.79044007584075,0.0,0.0,0.0,0.0,false,, 1.0
2025-07-03 12:14:43 +0000,Barbell Bench Press, 2,99.79044007584075,0.0,0.0,0.0,0.0,false,, 1.0
2025-07-03 12:14:43 +0000,Barbell Bench Press, 2,99.79044007584075,0.0,0.0,0.0,0.0,false,, 1.0
2025-07-03 12:14:43 +0000,Cable Lateral Raise, 6,13.607787283069193,0.0,0.0,0.0,0.0,false,, 2.0
2025-07-03 12:14:43 +0000,Cable Lateral Raise, 6,13.607787283069193,0.0,0.0,0.0,0.0,false,, 2.0
2025-07-03 12:14:43 +0000,Cable Lateral Raise, 6,13.607787283069193,0.0,0.0,0.0,0.0,false,, 2.0
2025-07-03 12:14:43 +0000,Cable Lateral Raise, 6,13.607787283069193,0.0,0.0,0.0,0.0,false,, 2.0
2025-07-03 12:14:43 +0000,Dip, 13,0.0,0.0,0.0,0.0,0.0,false,, 1.0
2025-07-03 12:14:43 +0000,Dip, 13,0.0,0.0,0.0,0.0,0.0,false,, 1.0
2025-07-03 12:14:43 +0000,Dip, 13,0.0,0.0,0.0,0.0,0.0,false,, 1.0
2025-07-03 12:14:43 +0000,Dip, 14,0.0,0.0,0.0,0.0,0.0,false,, 1.0
2025-07-03 12:14:43 +0000,Barbell Incline Bench Press, 8,43.091326396385774,0.0,0.0,0.0,0.0,true,, 1.0
2025-07-03 12:14:43 +0000,Barbell Incline Bench Press, 6,72.57486550970236,0.0,0.0,0.0,0.0,false,, 1.0
2025-07-03 12:14:43 +0000,Barbell Incline Bench Press, 5,72.57486550970236,0.0,0.0,0.0,0.0,false,, 1.0
2025-07-03 12:14:43 +0000,Barbell Incline Bench Press, 5,72.57486550970236,0.0,0.0,0.0,0.0,false,, 1.0
2025-07-03 12:14:43 +0000,Barbell Incline Bench Press, 9,61.235042773811365,0.0,0.0,0.0,0.0,false,, 1.0
2025-07-03 12:14:43 +0000,Cable Crunch, 10,97.52247552866254,0.0,0.0,0.0,0.0,false,, 1.0
2025-07-03 12:14:43 +0000,Cable Crunch, 10,97.52247552866254,0.0,0.0,0.0,0.0,false,, 1.0
2025-07-03 12:14:43 +0000,Cable Crunch, 10,97.52247552866254,0.0,0.0,0.0,0.0,false,, 1.0
2025-07-03 12:14:43 +0000,Cable Crunch, 10,97.52247552866254,0.0,0.0,0.0,0.0,false,, 1.0
2025-07-02 12:06:44 +0000,Deadlift, 8,83.91468824559335,0.0,0.0,0.0,0.0,true,, 1.0
2025-07-02 12:06:44 +0000,Deadlift, 3,124.73805009480093,0.0,0.0,0.0,0.0,true,, 1.0
2025-07-02 12:06:44 +0000,Deadlift, 4,138.3458373778701,0.0,0.0,0.0,0.0,false,, 1.0
2025-07-02 12:06:44 +0000,Deadlift, 4,138.3458373778701,0.0,0.0,0.0,0.0,false,, 1.0
2025-07-02 12:06:44 +0000,Deadlift, 3,138.3458373778701,0.0,0.0,0.0,0.0,false,, 1.0
2025-07-02 12:06:44 +0000,Seated Leg Curl, 6,83.91468824559335,0.0,0.0,0.0,0.0,false,, 1.0
2025-07-02 12:06:44 +0000,Seated Leg Curl, 6,92.98654643430615,0.0,0.0,0.0,0.0,false,, 1.0
2025-07-02 12:06:44 +0000,Seated Leg Curl, 9,111.13026281173174,0.0,0.0,0.0,0.0,false,, 1.0
2025-07-02 12:06:44 +0000,Seated Leg Curl, 8,111.13026281173174,0.0,0.0,0.0,0.0,false,, 1.0
2025-07-02 12:06:44 +0000,Leg Extension, 10,58.96707822663317,0.0,0.0,0.0,0.0,false,, 1.0
2025-07-02 12:06:44 +0000,Leg Extension, 10,102.05840462301894,0.0,0.0,0.0,0.0,false,, 1.0
2025-07-02 12:06:44 +0000,Leg Extension, 20,111.13026281173174,0.0,0.0,0.0,0.0,false,, 1.0
2025-07-02 12:06:44 +0000,Leg Extension, 17,111.13026281173174,0.0,0.0,0.0,0.0,false,, 1.0
2025-07-02 12:06:44 +0000,Dumbbell Hip Thrust, 18,34.01946820767298,0.0,0.0,0.0,0.0,false,, 1.0
2025-07-02 12:06:44 +0000,Dumbbell Hip Thrust, 18,34.01946820767298,0.0,0.0,0.0,0.0,false,, 1.0
2025-07-02 12:06:44 +0000,Dumbbell Hip Thrust, 18,34.01946820767298,0.0,0.0,0.0,0.0,false,, 1.0
2025-07-02 12:06:44 +0000,Hanging Knee Raise, 12,0.0,0.0,0.0,0.0,0.0,false,, 1.0
2025-07-02 12:06:44 +0000,Hanging Knee Raise, 12,0.0,0.0,0.0,0.0,0.0,false,, 1.0
2025-07-02 12:06:44 +0000,Hanging Knee Raise, 12,0.0,0.0,0.0,0.0,0.0,false,, 1.0
2025-07-01 12:08:13 +0000,Pull Up, 9,0.0,0.0,0.0,0.0,0.0,false,, 1.0
2025-07-01 12:08:13 +0000,Pull Up, 9,0.0,0.0,0.0,0.0,0.0,false,, 1.0
2025-07-01 12:08:13 +0000,Pull Up, 9,0.0,0.0,0.0,0.0,0.0,false,, 1.0
2025-07-01 12:08:13 +0000,Pull Up, 8,0.0,0.0,0.0,0.0,0.0,false,, 1.0
2025-07-01 12:08:13 +0000,Barbell Shrug, 10,92.98654643430615,0.0,0.0,0.0,0.0,false,, 1.0
2025-07-01 12:08:13 +0000,Barbell Shrug, 10,92.98654643430615,0.0,0.0,0.0,0.0,false,, 1.0
2025-07-01 12:08:13 +0000,Barbell Shrug, 10,92.98654643430615,0.0,0.0,0.0,0.0,false,, 1.0
2025-07-01 12:08:13 +0000,Barbell Shrug, 10,92.98654643430615,0.0,0.0,0.0,0.0,false,, 1.0
2025-07-01 12:08:13 +0000,EZ-Bar Curl, 8,22.67964547178199,0.0,0.0,0.0,0.0,true,, 1.0
2025-07-01 12:08:13 +0000,EZ-Bar Curl, 7,40.82336184920758,0.0,0.0,0.0,0.0,false,, 1.0
2025-07-01 12:08:13 +0000,EZ-Bar Curl, 7,40.82336184920758,0.0,0.0,0.0,0.0,false,, 1.0
2025-07-01 12:08:13 +0000,EZ-Bar Curl, 6,40.82336184920758,0.0,0.0,0.0,0.0,false,, 1.0
2025-07-01 12:08:13 +0000,Cable Row, 8,47.62725549074217,0.0,0.0,0.0,0.0,false,, 1.0
2025-07-01 12:08:13 +0000,Cable Row, 8,65.77097186816776,0.0,0.0,0.0,0.0,false,, 1.0
2025-07-01 12:08:13 +0000,Cable Row, 10,86.18265279277155,0.0,0.0,0.0,0.0,false,, 1.0
2025-07-01 12:08:13 +0000,Cable Row, 9,86.18265279277155,0.0,0.0,0.0,0.0,false,, 1.0
2025-07-01 12:08:13 +0000,Incline Back Extension, 14,0.0,0.0,0.0,0.0,0.0,false,, 1.0
2025-07-01 12:08:13 +0000,Incline Back Extension, 18,0.0,0.0,0.0,0.0,0.0,false,, 1.0
2025-07-01 12:08:13 +0000,Incline Back Extension, 25,0.0,0.0,0.0,0.0,0.0,false,, 1.0
2025-07-01 12:08:13 +0000,Incline Back Extension, 26,0.0,0.0,0.0,0.0,0.0,false,, 1.0
2025-07-01 12:08:13 +0000,Lat Pulldown, 8,45.35929094356398,0.0,0.0,0.0,0.0,true,, 1.0
2025-07-01 12:08:13 +0000,Lat Pulldown, 6,74.84283005688056,0.0,0.0,0.0,0.0,false,, 1.0
2025-07-01 12:08:13 +0000,Lat Pulldown, 6,74.84283005688056,0.0,0.0,0.0,0.0,false,, 1.0
2025-07-01 12:08:13 +0000,Lat Pulldown, 6,74.84283005688056,0.0,0.0,0.0,0.0,false,, 1.0
2025-07-01 12:08:13 +0000,Dumbbell Bicep Curl, 10,15.87575183024739,0.0,0.0,0.0,0.0,false,, 2.0
2025-07-01 12:08:13 +0000,Dumbbell Bicep Curl, 10,15.87575183024739,0.0,0.0,0.0,0.0,false,, 2.0
2025-07-01 12:08:13 +0000,Dumbbell Bicep Curl, 10,15.87575183024739,0.0,0.0,0.0,0.0,false,, 2.0
2025-06-30 13:02:04 +0000,Back Squat, 10,20.41168092460379,0.0,0.0,0.0,0.0,true,, 1.0
2025-06-30 13:02:04 +0000,Back Squat, 10,61.235042773811365,0.0,0.0,0.0,0.0,true,, 1.0
2025-06-30 13:02:04 +0000,Back Squat, 3,106.59433371737533,0.0,0.0,0.0,0.0,true,, 1.0
2025-06-30 13:02:04 +0000,Back Squat, 6,120.20212100044454,0.0,0.0,0.0,0.0,false,, 1.0
2025-06-30 13:02:04 +0000,Back Squat, 6,120.20212100044454,0.0,0.0,0.0,0.0,false,, 1.0
2025-06-30 13:02:04 +0000,Back Squat, 7,120.20212100044454,0.0,0.0,0.0,0.0,false,, 1.0
2025-06-27 11:59:58 +0000,Barbell Bench Press, 8,61.235042773811365,0.0,0.0,0.0,0.0,true,, 1.0
2025-06-27 11:59:58 +0000,Barbell Bench Press, 3,90.71858188712795,0.0,0.0,0.0,0.0,true,, 1.0
2025-06-27 11:59:58 +0000,Barbell Bench Press, 2,102.05840462301894,0.0,0.0,0.0,0.0,false,, 1.0
2025-06-27 11:59:58 +0000,Barbell Bench Press, 2,102.05840462301894,0.0,0.0,0.0,0.0,false,, 1.0
2025-06-27 11:59:58 +0000,Barbell Bench Press, 2,102.05840462301894,0.0,0.0,0.0,0.0,false,, 1.0
2025-06-27 11:59:58 +0000,Barbell Bench Press, 2,102.05840462301894,0.0,0.0,0.0,0.0,false,, 1.0
2025-06-27 11:59:58 +0000,Barbell Shoulder Press, 4,56.69911367945497,0.0,0.0,0.0,0.0,false,, 1.0
2025-06-27 11:59:58 +0000,Barbell Shoulder Press, 3,56.69911367945497,0.0,0.0,0.0,0.0,false,, 1.0
2025-06-27 11:59:58 +0000,Barbell Shoulder Press, 4,56.69911367945497,0.0,0.0,0.0,0.0,false,, 1.0
2025-06-27 11:59:58 +0000,Cable Crossover Fly, 6,31.75150366049478,0.0,0.0,0.0,0.0,false,, 2.0
2025-06-27 11:59:58 +0000,Cable Crossover Fly, 6,31.75150366049478,0.0,0.0,0.0,0.0,false,, 2.0
2025-06-27 11:59:58 +0000,Cable Crossover Fly, 6,31.75150366049478,0.0,0.0,0.0,0.0,false,, 2.0
2025-06-27 11:59:58 +0000,Cable Crossover Fly, 6,31.75150366049478,0.0,0.0,0.0,0.0,false,, 2.0
2025-06-27 11:59:58 +0000,Cable Crossover Fly, 6,31.75150366049478,0.0,0.0,0.0,0.0,false,, 2.0
2025-06-27 11:59:58 +0000,Dip, 12,0.0,0.0,0.0,0.0,0.0,false,, 1.0
2025-06-27 11:59:58 +0000,Dip, 12,0.0,0.0,0.0,0.0,0.0,false,, 1.0
2025-06-27 11:59:58 +0000,Dip, 12,0.0,0.0,0.0,0.0,0.0,false,, 1.0
2025-06-27 11:59:58 +0000,Dip, 12,0.0,0.0,0.0,0.0,0.0,false,, 1.0
2025-06-27 11:59:58 +0000,Dip, 14,0.0,0.0,0.0,0.0,0.0,false,, 1.0
2025-06-26 12:47:00 +0000,Walking - Treadmill, 0,0.0,960.0,965.6064,15.0,0.0,false,, 0.0

2025-06-24 11:59:56 +0000,Pull Up, 9,4.535929094356398,0.0,0.0,0.0,0.0,false,, 1.0
2025-06-24 11:59:56 +0000,Pull Up, 7,4.535929094356398,0.0,0.0,0.0,0.0,false,, 1.0
2025-06-24 11:59:56 +0000,Pull Up, 7,4.535929094356398,0.0,0.0,0.0,0.0,false,, 1.0
2025-06-24 11:59:56 +0000,Barbell Shrug, 8,95.25451098148434,0.0,0.0,0.0,0.0,false,, 1.0
2025-06-24 11:59:56 +0000,Barbell Shrug, 8,95.25451098148434,0.0,0.0,0.0,0.0,false,, 1.0
2025-06-24 11:59:56 +0000,Barbell Shrug, 8,95.25451098148434,0.0,0.0,0.0,0.0,false,, 1.0
2025-06-24 11:59:56 +0000,Barbell Shrug, 8,95.25451098148434,0.0,0.0,0.0,0.0,false,, 1.0
2025-06-24 11:59:56 +0000,Barbell Shrug, 8,95.25451098148434,0.0,0.0,0.0,0.0,false,, 1.0
2025-06-24 11:59:56 +0000,EZ-Bar Curl, 8,22.67964547178199,0.0,0.0,0.0,0.0,true,, 1.0
2025-06-24 11:59:56 +0000,EZ-Bar Curl, 10,36.28743275485118,0.0,0.0,0.0,0.0,false,, 1.0
2025-06-24 11:59:56 +0000,EZ-Bar Curl, 10,36.28743275485118,0.0,0.0,0.0,0.0,false,, 1.0
2025-06-24 11:59:56 +0000,EZ-Bar Curl, 10,36.28743275485118,0.0,0.0,0.0,0.0,false,, 1.0
2025-06-24 11:59:56 +0000,EZ-Bar Curl, 10,36.28743275485118,0.0,0.0,0.0,0.0,false,, 1.0
2025-06-24 11:59:56 +0000,Cable Row, 6,92.98654643430615,0.0,0.0,0.0,0.0,false,, 1.0
2025-06-24 11:59:56 +0000,Cable Row, 6,90.71858188712795,0.0,0.0,0.0,0.0,false,, 1.0
2025-06-24 11:59:56 +0000,Cable Row, 7,90.71858188712795,0.0,0.0,0.0,0.0,false,, 1.0
2025-06-24 11:59:56 +0000,Dumbbell Bicep Curl, 8,18.14371637742559,0.0,0.0,0.0,0.0,false,, 2.0
2025-06-24 11:59:56 +0000,Dumbbell Bicep Curl, 7,18.14371637742559,0.0,0.0,0.0,0.0,false,, 2.0
2025-06-24 11:59:56 +0000,Dumbbell Bicep Curl, 7,18.14371637742559,0.0,0.0,0.0,0.0,false,, 2.0
2025-06-24 11:59:56 +0000,Cable Crunch, 10,90.71858188712795,0.0,0.0,0.0,0.0,false,, 1.0
2025-06-24 11:59:56 +0000,Cable Crunch, 10,92.98654643430615,0.0,0.0,0.0,0.0,false,, 1.0
2025-06-24 11:59:56 +0000,Cable Crunch, 10,95.25451098148434,0.0,0.0,0.0,0.0,false,, 1.0
2025-06-24 11:59:56 +0000,Cable Crunch, 10,97.52247552866254,0.0,0.0,0.0,0.0,false,, 1.0
2025-06-24 11:59:56 +0000,Incline Back Extension, 23,0.0,0.0,0.0,0.0,0.0,false,, 1.0
2025-06-24 11:59:56 +0000,Incline Back Extension, 23,0.0,0.0,0.0,0.0,0.0,false,, 1.0
2025-06-24 11:59:56 +0000,Incline Back Extension, 23,0.0,0.0,0.0,0.0,0.0,false,, 1.0
2025-06-24 11:59:56 +0000,Lat Pulldown, 10,61.235042773811365,0.0,0.0,0.0,0.0,false,, 1.0
2025-06-24 11:59:56 +0000,Lat Pulldown, 10,63.50300732098956,0.0,0.0,0.0,0.0,false,, 1.0
2025-06-24 11:59:56 +0000,Lat Pulldown, 10,65.77097186816776,0.0,0.0,0.0,0.0,false,, 1.0
2025-06-23 12:07:50 +0000,Barbell Bench Press, 8,61.235042773811365,0.0,0.0,0.0,0.0,true,, 1.0
2025-06-23 12:07:50 +0000,Barbell Bench Press, 3,97.52247552866254,0.0,0.0,0.0,0.0,false,, 1.0
2025-06-23 12:07:50 +0000,Barbell Bench Press, 3,97.52247552866254,0.0,0.0,0.0,0.0,false,, 1.0
2025-06-23 12:07:50 +0000,Barbell Bench Press, 3,97.52247552866254,0.0,0.0,0.0,0.0,false,, 1.0
2025-06-23 12:07:50 +0000,Barbell Bench Press, 3,97.52247552866254,0.0,0.0,0.0,0.0,false,, 1.0
2025-06-23 12:07:50 +0000,Barbell Shoulder Press, 4,38.55539730202938,0.0,0.0,0.0,0.0,false,, 1.0
2025-06-23 12:07:50 +0000,Barbell Shoulder Press, 4,45.35929094356398,0.0,0.0,0.0,0.0,false,, 1.0
2025-06-23 12:07:50 +0000,Barbell Shoulder Press, 5,54.43114913227677,0.0,0.0,0.0,0.0,false,, 1.0
2025-06-23 12:07:50 +0000,Barbell Shoulder Press, 5,54.43114913227677,0.0,0.0,0.0,0.0,false,, 1.0
2025-06-23 12:07:50 +0000,Cable Crossover Fly, 8,15.87575183024739,0.0,0.0,0.0,0.0,true,, 2.0
2025-06-23 12:07:50 +0000,Cable Crossover Fly, 10,27.215574566138386,0.0,0.0,0.0,0.0,false,, 2.0
2025-06-23 12:07:50 +0000,Cable Crossover Fly, 10,27.215574566138386,0.0,0.0,0.0,0.0,false,, 2.0
2025-06-23 12:07:50 +0000,Cable Crossover Fly, 11,27.215574566138386,0.0,0.0,0.0,0.0,false,, 2.0
2025-06-23 12:07:50 +0000,Dip, 12,0.0,0.0,0.0,0.0,0.0,false,, 1.0
2025-06-23 12:07:50 +0000,Dip, 12,0.0,0.0,0.0,0.0,0.0,false,, 1.0
2025-06-23 12:07:50 +0000,Dip, 12,0.0,0.0,0.0,0.0,0.0,false,, 1.0
2025-06-23 12:07:50 +0000,Dip, 12,0.0,0.0,0.0,0.0,0.0,false,, 1.0
2025-06-23 12:07:50 +0000,Dumbbell Incline Bench Press, 6,31.75150366049478,0.0,0.0,0.0,0.0,false,, 2.0
2025-06-23 12:07:50 +0000,Dumbbell Incline Bench Press, 6,31.75150366049478,0.0,0.0,0.0,0.0,false,, 2.0
2025-06-23 12:07:50 +0000,Dumbbell Incline Bench Press, 5,31.75150366049478,0.0,0.0,0.0,0.0,false,, 2.0
2025-06-23 12:07:50 +0000,Cable Lateral Raise, 6,13.607787283069193,0.0,0.0,0.0,0.0,false,, 2.0
2025-06-23 12:07:50 +0000,Cable Lateral Raise, 6,13.607787283069193,0.0,0.0,0.0,0.0,false,, 2.0
2025-06-23 12:07:50 +0000,Cable Lateral Raise, 6,13.607787283069193,0.0,0.0,0.0,0.0,false,, 2.0
2025-06-20 12:13:31 +0000,Back Squat, 8,70.30690096252415,0.0,0.0,0.0,0.0,true,, 1.0
2025-06-20 12:13:31 +0000,Back Squat, 3,113.39822735890993,0.0,0.0,0.0,0.0,true,, 1.0
2025-06-20 12:13:31 +0000,Back Squat, 5,124.73805009480093,0.0,0.0,0.0,0.0,false,, 1.0
2025-06-20 12:13:31 +0000,Back Squat, 5,124.73805009480093,0.0,0.0,0.0,0.0,false,, 1.0
2025-06-20 12:13:31 +0000,Back Squat, 4,124.73805009480093,0.0,0.0,0.0,0.0,false,, 1.0
2025-06-20 12:13:31 +0000,Back Squat, 5,124.73805009480093,0.0,0.0,0.0,0.0,false,, 1.0
2025-06-19 12:12:14 +0000,Pull Up, 9,0.0,0.0,0.0,0.0,0.0,false,, 1.0
2025-06-19 12:12:14 +0000,Pull Up, 9,0.0,0.0,0.0,0.0,0.0,false,, 1.0
2025-06-19 12:12:14 +0000,Pull Up, 9,0.0,0.0,0.0,0.0,0.0,false,, 1.0
2025-06-19 12:12:14 +0000,Pull Up, 7,0.0,0.0,0.0,0.0,0.0,false,, 1.0
2025-06-19 12:12:14 +0000,Barbell Shrug, 10,88.45061733994974,0.0,0.0,0.0,0.0,false,, 1.0
2025-06-19 12:12:14 +0000,Barbell Shrug, 10,88.45061733994974,0.0,0.0,0.0,0.0,false,, 1.0
2025-06-19 12:12:14 +0000,Barbell Shrug, 10,88.45061733994974,0.0,0.0,0.0,0.0,false,, 1.0
2025-06-19 12:12:14 +0000,Barbell Shrug, 10,88.45061733994974,0.0,0.0,0.0,0.0,false,, 1.0
2025-06-19 12:12:14 +0000,EZ-Bar Curl, 6,40.82336184920758,0.0,0.0,0.0,0.0,false,, 1.0
2025-06-19 12:12:14 +0000,EZ-Bar Curl, 6,40.82336184920758,0.0,0.0,0.0,0.0,false,, 1.0
2025-06-19 12:12:14 +0000,EZ-Bar Curl, 6,40.82336184920758,0.0,0.0,0.0,0.0,false,, 1.0
2025-06-19 12:12:14 +0000,Incline Back Extension, 10,20.41168092460379,0.0,0.0,0.0,0.0,false,, 1.0
2025-06-19 12:12:14 +0000,Incline Back Extension, 10,20.41168092460379,0.0,0.0,0.0,0.0,false,, 1.0
2025-06-19 12:12:14 +0000,Incline Back Extension, 10,20.41168092460379,0.0,0.0,0.0,0.0,false,, 1.0
2025-06-19 12:12:14 +0000,Dumbbell Bicep Curl, 10,15.87575183024739,0.0,0.0,0.0,0.0,false,, 2.0
2025-06-19 12:12:14 +0000,Dumbbell Bicep Curl, 12,15.87575183024739,0.0,0.0,0.0,0.0,false,, 2.0
2025-06-19 12:12:14 +0000,Dumbbell Bicep Curl, 12,15.87575183024739,0.0,0.0,0.0,0.0,false,, 2.0
2025-06-19 12:12:14 +0000,Cable Crunch, 11,92.98654643430615,0.0,0.0,0.0,0.0,false,, 1.0
2025-06-19 12:12:14 +0000,Cable Crunch, 11,90.71858188712795,0.0,0.0,0.0,0.0,false,, 1.0
2025-06-19 12:12:14 +0000,Cable Crunch, 11,90.71858188712795,0.0,0.0,0.0,0.0,false,, 1.0
2025-06-19 12:12:14 +0000,Lat Pulldown, 8,65.77097186816776,0.0,0.0,0.0,0.0,false,, 1.0
2025-06-19 12:12:14 +0000,Lat Pulldown, 8,65.77097186816776,0.0,0.0,0.0,0.0,false,, 1.0
2025-06-19 12:12:14 +0000,Lat Pulldown, 9,65.77097186816776,0.0,0.0,0.0,0.0,false,, 1.0
2025-06-18 12:11:47 +0000,Barbell Bench Press, 10,20.41168092460379,0.0,0.0,0.0,0.0,true,, 1.0
2025-06-18 12:11:47 +0000,Barbell Bench Press, 3,68.03893641534596,0.0,0.0,0.0,0.0,false,, 1.0
2025-06-18 12:11:47 +0000,Barbell Bench Press, 3,83.91468824559335,0.0,0.0,0.0,0.0,false,, 1.0
2025-06-18 12:11:47 +0000,Barbell Bench Press, 5,92.98654643430615,0.0,0.0,0.0,0.0,false,, 1.0
2025-06-18 12:11:47 +0000,Barbell Bench Press, 3,97.52247552866254,0.0,0.0,0.0,0.0,false,, 1.0
2025-06-18 12:11:47 +0000,Barbell Shoulder Press, 8,31.75150366049478,0.0,0.0,0.0,0.0,true,, 1.0
2025-06-18 12:11:47 +0000,Barbell Shoulder Press, 4,52.16318458509857,0.0,0.0,0.0,0.0,false,, 1.0
2025-06-18 12:11:47 +0000,Barbell Shoulder Press, 4,52.16318458509857,0.0,0.0,0.0,0.0,false,, 1.0
2025-06-18 12:11:47 +0000,Barbell Shoulder Press, 5,52.16318458509857,0.0,0.0,0.0,0.0,false,, 1.0
2025-06-18 12:11:47 +0000,Barbell Shoulder Press, 5,52.16318458509857,0.0,0.0,0.0,0.0,false,, 1.0
2025-06-18 12:11:47 +0000,Cable Crossover Fly, 10,27.215574566138386,0.0,0.0,0.0,0.0,false,, 2.0
2025-06-18 12:11:47 +0000,Cable Crossover Fly, 10,27.215574566138386,0.0,0.0,0.0,0.0,false,, 2.0
2025-06-18 12:11:47 +0000,Cable Crossover Fly, 10,27.215574566138386,0.0,0.0,0.0,0.0,false,, 2.0
2025-06-18 12:11:47 +0000,Bench Dip, 20,0.0,0.0,0.0,0.0,0.0,false,, 1.0
2025-06-18 12:11:47 +0000,Bench Dip, 20,0.0,0.0,0.0,0.0,0.0,false,, 1.0
2025-06-18 12:11:47 +0000,Bench Dip, 20,0.0,0.0,0.0,0.0,0.0,false,, 1.0
2025-06-18 12:11:47 +0000,Cable Tricep Pushdown, 6,61.235042773811365,0.0,0.0,0.0,0.0,false,, 1.0
2025-06-18 12:11:47 +0000,Cable Tricep Pushdown, 6,61.235042773811365,0.0,0.0,0.0,0.0,false,, 1.0
2025-06-18 12:11:47 +0000,Cable Tricep Pushdown, 6,61.235042773811365,0.0,0.0,0.0,0.0,false,, 1.0
2025-06-18 12:11:47 +0000,Cable Tricep Pushdown, 10,61.235042773811365,0.0,0.0,0.0,0.0,false,, 1.0
2025-06-18 12:11:47 +0000,Cable Tricep Pushdown, 10,61.235042773811365,0.0,0.0,0.0,0.0,false,, 1.0
2025-06-18 12:11:47 +0000,Cable Lateral Raise, 8,11.339822735890994,0.0,0.0,0.0,0.0,false,, 2.0
2025-06-18 12:11:47 +0000,Cable Lateral Raise, 8,11.339822735890994,0.0,0.0,0.0,0.0,false,, 2.0
2025-06-18 12:11:47 +0000,Cable Lateral Raise, 8,11.339822735890994,0.0,0.0,0.0,0.0,false,, 2.0
2025-06-18 12:11:47 +0000,Cable Lateral Raise, 8,11.339822735890994,0.0,0.0,0.0,0.0,false,, 2.0
2025-06-18 12:11:47 +0000,Cable Lateral Raise, 8,11.339822735890994,0.0,0.0,0.0,0.0,false,, 2.0
2025-06-17 12:25:30 +0000,Deadlift, 3,92.98654643430615,0.0,0.0,0.0,0.0,false,, 1.0
2025-06-17 12:25:30 +0000,Deadlift, 3,111.13026281173174,0.0,0.0,0.0,0.0,false,, 1.0
2025-06-17 12:25:30 +0000,Deadlift, 5,133.80990828351372,0.0,0.0,0.0,0.0,false,, 1.0
2025-06-17 12:25:30 +0000,Deadlift, 5,133.80990828351372,0.0,0.0,0.0,0.0,false,, 1.0
2025-06-17 12:25:30 +0000,Side Leg Hip Circle, 10,0.0,0.0,0.0,0.0,0.0,false,, 2.0
2025-06-17 12:25:30 +0000,Side Leg Hip Circle, 10,0.0,0.0,0.0,0.0,0.0,false,, 2.0
2025-06-17 12:25:30 +0000,Side Leg Hip Circle, 10,0.0,0.0,0.0,0.0,0.0,false,, 2.0
2025-06-17 12:25:30 +0000,Side Leg Hip Circle, 10,0.0,0.0,0.0,0.0,0.0,false,, 2.0
2025-06-17 12:25:30 +0000,Side Leg Hip Circle, 10,0.0,0.0,0.0,0.0,0.0,false,, 2.0
2025-06-17 12:25:30 +0000,Side Leg Hip Circle, 10,0.0,0.0,0.0,0.0,0.0,false,, 2.0
2025-06-17 12:25:30 +0000,Dumbbell Bulgarian Split Squat, 10,20.41168092460379,0.0,0.0,0.0,0.0,false,, 4.0
2025-06-17 12:25:30 +0000,Dumbbell Bulgarian Split Squat, 10,20.41168092460379,0.0,0.0,0.0,0.0,false,, 4.0
2025-06-17 12:25:30 +0000,Dumbbell Bulgarian Split Squat, 10,20.41168092460379,0.0,0.0,0.0,0.0,false,, 4.0
2025-06-17 12:25:30 +0000,Hip Thrust, 30,0.0,0.0,0.0,0.0,0.0,false,, 1.0
2025-06-17 12:25:30 +0000,Hip Thrust, 30,0.0,0.0,0.0,0.0,0.0,false,, 1.0
2025-06-17 12:25:30 +0000,Hip Thrust, 30,0.0,0.0,0.0,0.0,0.0,false,, 1.0
2025-06-17 12:25:30 +0000,Cable Crunch, 12,95.25451098148434,0.0,0.0,0.0,0.0,false,, 1.0
2025-06-17 12:25:30 +0000,Cable Crunch, 12,95.25451098148434,0.0,0.0,0.0,0.0,false,, 1.0
2025-06-16 12:18:28 +0000,Pull Up, 6,6.8038936415345965,0.0,0.0,0.0,0.0,false,, 1.0
2025-06-16 12:18:28 +0000,Pull Up, 6,6.8038936415345965,0.0,0.0,0.0,0.0,false,, 1.0
2025-06-16 12:18:28 +0000,Pull Up, 5,6.8038936415345965,0.0,0.0,0.0,0.0,false,, 1.0
2025-06-16 12:18:28 +0000,Barbell Curl, 10,34.01946820767298,0.0,0.0,0.0,0.0,false,, 1.0
2025-06-16 12:18:28 +0000,Barbell Curl, 10,34.01946820767298,0.0,0.0,0.0,0.0,false,, 1.0
2025-06-16 12:18:28 +0000,Barbell Curl, 10,34.01946820767298,0.0,0.0,0.0,0.0,false,, 1.0
2025-06-16 12:18:28 +0000,Dumbbell Shrug, 16,34.01946820767298,0.0,0.0,0.0,0.0,false,, 2.0
2025-06-16 12:18:28 +0000,Dumbbell Shrug, 16,34.01946820767298,0.0,0.0,0.0,0.0,false,, 2.0
2025-06-16 12:18:28 +0000,Dumbbell Shrug, 17,34.01946820767298,0.0,0.0,0.0,0.0,false,, 2.0
2025-06-16 12:18:28 +0000,Cable Row, 6,65.77097186816776,0.0,0.0,0.0,0.0,false,, 1.0
2025-06-16 12:18:28 +0000,Cable Row, 3,70.30690096252415,0.0,0.0,0.0,0.0,false,, 1.0
2025-06-16 12:18:28 +0000,Cable Row, 7,95.25451098148434,0.0,0.0,0.0,0.0,false,, 1.0
2025-06-16 12:18:28 +0000,Cable Row, 7,95.25451098148434,0.0,0.0,0.0,0.0,false,, 1.0
2025-06-16 12:18:28 +0000,Lat Pulldown, 10,58.96707822663317,0.0,0.0,0.0,0.0,false,, 1.0
2025-06-16 12:18:28 +0000,Lat Pulldown, 10,58.96707822663317,0.0,0.0,0.0,0.0,false,, 1.0
2025-06-16 12:18:28 +0000,Lat Pulldown, 10,58.96707822663317,0.0,0.0,0.0,0.0,false,, 1.0
2025-06-16 12:18:28 +0000,Lat Pulldown, 11,58.96707822663317,0.0,0.0,0.0,0.0,false,, 1.0
2025-06-16 12:18:28 +0000,Cable Bicep Curl, 6,36.28743275485118,0.0,0.0,0.0,0.0,false,, 1.0
2025-06-16 12:18:28 +0000,Cable Bicep Curl, 6,36.28743275485118,0.0,0.0,0.0,0.0,false,, 1.0
2025-06-16 12:18:28 +0000,Cable Bicep Curl, 6,36.28743275485118,0.0,0.0,0.0,0.0,false,, 1.0
2025-06-14 12:13:20 +0000,Barbell Bench Press, 8,61.235042773811365,0.0,0.0,0.0,0.0,true,, 1.0
2025-06-14 12:13:20 +0000,Barbell Bench Press, 4,92.98654643430615,0.0,0.0,0.0,0.0,false,, 1.0
2025-06-14 12:13:20 +0000,Barbell Bench Press, 4,92.98654643430615,0.0,0.0,0.0,0.0,false,, 1.0
2025-06-14 12:13:20 +0000,Barbell Bench Press, 4,92.98654643430615,0.0,0.0,0.0,0.0,false,, 1.0
2025-06-14 12:13:20 +0000,Barbell Bench Press, 4,92.98654643430615,0.0,0.0,0.0,0.0,false,, 1.0
2025-06-14 12:13:20 +0000,Barbell Shoulder Press, 8,20.41168092460379,0.0,0.0,0.0,0.0,false,, 1.0
2025-06-14 12:13:20 +0000,Barbell Shoulder Press, 3,43.091326396385774,0.0,0.0,0.0,0.0,false,, 1.0
2025-06-14 12:13:20 +0000,Barbell Shoulder Press, 6,49.895220037920375,0.0,0.0,0.0,0.0,false,, 1.0
2025-06-14 12:13:20 +0000,Barbell Shoulder Press, 6,49.895220037920375,0.0,0.0,0.0,0.0,false,, 1.0
2025-06-14 12:13:20 +0000,Push Up, 8,0.0,0.0,0.0,0.0,0.0,false,, 1.0
2025-06-14 12:13:20 +0000,Push Up, 8,0.0,0.0,0.0,0.0,0.0,false,, 1.0
2025-06-14 12:13:20 +0000,Push Up, 22,0.0,0.0,0.0,0.0,0.0,false,, 1.0
2025-06-14 12:13:20 +0000,Push Up, 20,0.0,0.0,0.0,0.0,0.0,false,, 1.0
2025-06-12 12:22:06 +0000,Back Squat, 9,70.30690096252415,0.0,0.0,0.0,0.0,true,, 1.0
2025-06-12 12:22:06 +0000,Back Squat, 3,111.13026281173174,0.0,0.0,0.0,0.0,true,, 1.0
2025-06-12 12:22:06 +0000,Back Squat, 4,124.73805009480093,0.0,0.0,0.0,0.0,false,, 1.0
2025-06-12 12:22:06 +0000,Back Squat, 4,124.73805009480093,0.0,0.0,0.0,0.0,false,, 1.0
2025-06-12 12:22:06 +0000,Back Squat, 4,124.73805009480093,0.0,0.0,0.0,0.0,false,, 1.0
2025-06-12 12:22:06 +0000,Back Squat, 4,124.73805009480093,0.0,0.0,0.0,0.0,false,, 1.0
2025-06-12 12:22:06 +0000,Cable Pull Through, 12,38.55539730202938,0.0,0.0,0.0,0.0,false,, 1.0
2025-06-12 12:22:06 +0000,Cable Pull Through, 12,38.55539730202938,0.0,0.0,0.0,0.0,false,, 1.0
2025-06-12 12:22:06 +0000,Cable Pull Through, 12,38.55539730202938,0.0,0.0,0.0,0.0,false,, 1.0
2025-06-12 12:22:06 +0000,Cable Pull Through, 13,38.55539730202938,0.0,0.0,0.0,0.0,false,, 1.0
2025-06-12 12:22:06 +0000,Dumbbell Romanian Deadlift, 12,34.01946820767298,0.0,0.0,0.0,0.0,false,, 2.0
2025-06-12 12:22:06 +0000,Dumbbell Romanian Deadlift, 12,34.01946820767298,0.0,0.0,0.0,0.0,false,, 2.0
2025-06-12 12:22:06 +0000,Dumbbell Romanian Deadlift, 13,34.01946820767298,0.0,0.0,0.0,0.0,false,, 2.0
2025-06-12 12:22:06 +0000,Dumbbell Walking Lunge, 4,34.01946820767298,0.0,0.0,0.0,0.0,false,, 4.0
2025-06-12 12:22:06 +0000,Dumbbell Walking Lunge, 4,34.01946820767298,0.0,0.0,0.0,0.0,false,, 4.0
2025-06-12 12:22:06 +0000,Dumbbell Walking Lunge, 5,34.01946820767298,0.0,0.0,0.0,0.0,false,, 4.0
2025-06-12 12:22:06 +0000,Standing Barbell Calf Raise, 10,124.73805009480093,0.0,0.0,0.0,0.0,false,, 1.0
2025-06-12 12:22:06 +0000,Standing Barbell Calf Raise, 10,124.73805009480093,0.0,0.0,0.0,0.0,false,, 1.0
2025-06-12 12:22:06 +0000,Standing Barbell Calf Raise, 12,124.73805009480093,0.0,0.0,0.0,0.0,false,, 1.0
2025-06-11 12:02:16 +0000,Pull Up, 8,0.0,0.0,0.0,0.0,0.0,false,, 1.0
2025-06-11 12:02:16 +0000,Pull Up, 8,0.0,0.0,0.0,0.0,0.0,false,, 1.0
2025-06-11 12:02:16 +0000,Pull Up, 8,0.0,0.0,0.0,0.0,0.0,false,, 1.0
2025-06-11 12:02:16 +0000,Pull Up, 8,0.0,0.0,0.0,0.0,0.0,false,, 1.0
2025-06-11 12:02:16 +0000,Pull Up, 8,0.0,0.0,0.0,0.0,0.0,false,, 1.0
2025-06-11 12:02:16 +0000,Barbell Shrug, 6,97.52247552866254,0.0,0.0,0.0,0.0,false,, 1.0
2025-06-11 12:02:16 +0000,Barbell Shrug, 6,97.52247552866254,0.0,0.0,0.0,0.0,false,, 1.0
2025-06-11 12:02:16 +0000,Barbell Shrug, 6,97.52247552866254,0.0,0.0,0.0,0.0,false,, 1.0
2025-06-11 12:02:16 +0000,Barbell Shrug, 6,97.52247552866254,0.0,0.0,0.0,0.0,false,, 1.0
2025-06-11 12:02:16 +0000,Barbell Shrug, 6,97.52247552866254,0.0,0.0,0.0,0.0,false,, 1.0
2025-06-11 12:02:16 +0000,EZ-Bar Curl, 8,36.28743275485118,0.0,0.0,0.0,0.0,false,, 1.0
2025-06-11 12:02:16 +0000,EZ-Bar Curl, 8,36.28743275485118,0.0,0.0,0.0,0.0,false,, 1.0
2025-06-11 12:02:16 +0000,EZ-Bar Curl, 8,36.28743275485118,0.0,0.0,0.0,0.0,false,, 1.0
2025-06-11 12:02:16 +0000,EZ-Bar Curl, 8,36.28743275485118,0.0,0.0,0.0,0.0,false,, 1.0
2025-06-11 12:02:16 +0000,Cable Row, 8,49.895220037920375,0.0,0.0,0.0,0.0,true,, 1.0
2025-06-11 12:02:16 +0000,Cable Row, 10,81.64672369841516,0.0,0.0,0.0,0.0,false,, 1.0
2025-06-11 12:02:16 +0000,Cable Row, 10,81.64672369841516,0.0,0.0,0.0,0.0,false,, 1.0
2025-06-11 12:02:16 +0000,Cable Row, 10,81.64672369841516,0.0,0.0,0.0,0.0,false,, 1.0
2025-06-11 12:02:16 +0000,Dumbbell Bicep Curl, 6,18.14371637742559,0.0,0.0,0.0,0.0,false,, 2.0
2025-06-11 12:02:16 +0000,Dumbbell Bicep Curl, 6,18.14371637742559,0.0,0.0,0.0,0.0,false,, 2.0
2025-06-11 12:02:16 +0000,Dumbbell Bicep Curl, 6,18.14371637742559,0.0,0.0,0.0,0.0,false,, 2.0
2025-06-11 12:02:16 +0000,Dumbbell Bicep Curl, 6,18.14371637742559,0.0,0.0,0.0,0.0,false,, 2.0
2025-06-11 12:02:16 +0000,Incline Back Extension, 12,4.535929094356398,0.0,0.0,0.0,0.0,false,, 1.0
2025-06-11 12:02:16 +0000,Incline Back Extension, 12,11.339822735890994,0.0,0.0,0.0,0.0,false,, 1.0
2025-06-11 12:02:16 +0000,Incline Back Extension, 12,15.87575183024739,0.0,0.0,0.0,0.0,false,, 1.0
2025-06-11 12:02:16 +0000,Lat Pulldown, 10,58.96707822663317,0.0,0.0,0.0,0.0,false,, 1.0
2025-06-11 12:02:16 +0000,Lat Pulldown, 10,58.96707822663317,0.0,0.0,0.0,0.0,false,, 1.0
2025-06-11 12:02:16 +0000,Lat Pulldown, 10,58.96707822663317,0.0,0.0,0.0,0.0,false,, 1.0
2025-06-10 12:12:19 +0000,Barbell Bench Press, 10,20.41168092460379,0.0,0.0,0.0,0.0,true,, 1.0
2025-06-10 12:12:19 +0000,Barbell Bench Press, 5,61.235042773811365,0.0,0.0,0.0,0.0,false,, 1.0
2025-06-10 12:12:19 +0000,Barbell Bench Press, 5,74.84283005688056,0.0,0.0,0.0,0.0,false,, 1.0
2025-06-10 12:12:19 +0000,Barbell Bench Press, 7,88.45061733994974,0.0,0.0,0.0,0.0,false,, 1.0
2025-06-10 12:12:19 +0000,Barbell Bench Press, 6,88.45061733994974,0.0,0.0,0.0,0.0,false,, 1.0
2025-06-10 12:12:19 +0000,Barbell Shoulder Press, 3,47.62725549074217,0.0,0.0,0.0,0.0,false,, 1.0
2025-06-10 12:12:19 +0000,Barbell Shoulder Press, 4,47.62725549074217,0.0,0.0,0.0,0.0,false,, 1.0
2025-06-10 12:12:19 +0000,Barbell Shoulder Press, 4,47.62725549074217,0.0,0.0,0.0,0.0,false,, 1.0
2025-06-10 12:12:19 +0000,Barbell Shoulder Press, 5,47.62725549074217,0.0,0.0,0.0,0.0,false,, 1.0
2025-06-10 12:12:19 +0000,Cable Crossover Fly, 7,29.483539113316585,0.0,0.0,0.0,0.0,false,, 2.0
2025-06-10 12:12:19 +0000,Cable Crossover Fly, 7,29.483539113316585,0.0,0.0,0.0,0.0,false,, 2.0
2025-06-10 12:12:19 +0000,Cable Crossover Fly, 7,29.483539113316585,0.0,0.0,0.0,0.0,false,, 2.0
2025-06-10 12:12:19 +0000,Cable Crossover Fly, 7,29.483539113316585,0.0,0.0,0.0,0.0,false,, 2.0
2025-06-10 12:12:19 +0000,Dip, 13,0.0,0.0,0.0,0.0,0.0,false,, 1.0
2025-06-10 12:12:19 +0000,Dip, 12,0.0,0.0,0.0,0.0,0.0,false,, 1.0
2025-06-10 12:12:19 +0000,Dip, 12,0.0,0.0,0.0,0.0,0.0,false,, 1.0
2025-06-10 12:12:19 +0000,Dip, 13,0.0,0.0,0.0,0.0,0.0,false,, 1.0
2025-06-10 12:12:19 +0000,Cable Lateral Raise, 13,9.071858188712795,0.0,0.0,0.0,0.0,false,, 2.0
2025-06-10 12:12:19 +0000,Cable Lateral Raise, 13,9.071858188712795,0.0,0.0,0.0,0.0,false,, 2.0
2025-06-10 12:12:19 +0000,Cable Lateral Raise, 13,9.071858188712795,0.0,0.0,0.0,0.0,false,, 2.0
2025-06-10 12:12:19 +0000,Cable Lateral Raise, 13,9.071858188712795,0.0,0.0,0.0,0.0,false,, 2.0
2025-06-10 12:12:19 +0000,Cable Crunch, 12,56.69911367945497,0.0,0.0,0.0,0.0,false,, 1.0
2025-06-10 12:12:19 +0000,Cable Crunch, 12,70.30690096252415,0.0,0.0,0.0,0.0,false,, 1.0
2025-06-10 12:12:19 +0000,Cable Crunch, 15,81.64672369841516,0.0,0.0,0.0,0.0,false,, 1.0
2025-06-10 12:12:19 +0000,Cable Crunch, 15,81.64672369841516,0.0,0.0,0.0,0.0,false,, 1.0
2025-06-10 12:12:19 +0000,Skullcrusher, 10,27.215574566138386,0.0,0.0,0.0,0.0,false,, 1.0
2025-06-10 12:12:19 +0000,Skullcrusher, 10,27.215574566138386,0.0,0.0,0.0,0.0,false,, 1.0
2025-06-10 12:12:19 +0000,Skullcrusher, 11,27.215574566138386,0.0,0.0,0.0,0.0,false,, 1.0
2025-06-10 12:12:19 +0000,Skullcrusher, 12,27.215574566138386,0.0,0.0,0.0,0.0,false,, 1.0
2025-06-09 12:21:33 +0000,Back Squat, 8,72.57486550970236,0.0,0.0,0.0,0.0,true,, 1.0
2025-06-09 12:21:33 +0000,Back Squat, 3,111.13026281173174,0.0,0.0,0.0,0.0,true,, 1.0
2025-06-09 12:21:33 +0000,Back Squat, 4,122.47008554762273,0.0,0.0,0.0,0.0,false,, 1.0
2025-06-09 12:21:33 +0000,Back Squat, 4,122.47008554762273,0.0,0.0,0.0,0.0,false,, 1.0
2025-06-09 12:21:33 +0000,Back Squat, 4,122.47008554762273,0.0,0.0,0.0,0.0,false,, 1.0
2025-06-09 12:21:33 +0000,Deadlift, 8,79.37875915123695,0.0,0.0,0.0,0.0,true,, 1.0
2025-06-09 12:21:33 +0000,Deadlift, 3,120.20212100044454,0.0,0.0,0.0,0.0,true,, 1.0
2025-06-09 12:21:33 +0000,Deadlift, 3,133.80990828351372,0.0,0.0,0.0,0.0,false,, 1.0
2025-06-09 12:21:33 +0000,Leg Extension, 8,90.71858188712795,0.0,0.0,0.0,0.0,true,, 1.0
2025-06-09 12:21:33 +0000,Leg Extension, 3,102.05840462301894,0.0,0.0,0.0,0.0,true,, 1.0
2025-06-09 12:21:33 +0000,Leg Extension, 17,111.13026281173174,0.0,0.0,0.0,0.0,false,, 1.0
2025-06-09 12:21:33 +0000,Leg Extension, 15,111.13026281173174,0.0,0.0,0.0,0.0,false,, 1.0
2025-06-09 12:21:33 +0000,Leg Extension, 15,111.13026281173174,0.0,0.0,0.0,0.0,false,, 1.0
2025-06-07 12:42:05 +0000,Pull Up, 8,0.0,0.0,0.0,0.0,0.0,false,, 1.0
2025-06-07 12:42:05 +0000,Pull Up, 8,0.0,0.0,0.0,0.0,0.0,false,, 1.0
2025-06-07 12:42:05 +0000,Pull Up, 8,0.0,0.0,0.0,0.0,0.0,false,, 1.0
2025-06-07 12:42:05 +0000,Pull Up, 8,0.0,0.0,0.0,0.0,0.0,false,, 1.0
2025-06-07 12:42:05 +0000,Barbell Shrug, 10,83.91468824559335,0.0,0.0,0.0,0.0,false,, 1.0
2025-06-07 12:42:05 +0000,Barbell Shrug, 10,83.91468824559335,0.0,0.0,0.0,0.0,false,, 1.0
2025-06-07 12:42:05 +0000,Barbell Shrug, 10,83.91468824559335,0.0,0.0,0.0,0.0,false,, 1.0
2025-06-07 12:42:05 +0000,Barbell Shrug, 10,83.91468824559335,0.0,0.0,0.0,0.0,false,, 1.0
2025-06-07 12:42:05 +0000,EZ-Bar Curl, 10,11.339822735890994,0.0,0.0,0.0,0.0,true,, 1.0
2025-06-07 12:42:05 +0000,EZ-Bar Curl, 6,38.55539730202938,0.0,0.0,0.0,0.0,false,, 1.0
2025-06-07 12:42:05 +0000,EZ-Bar Curl, 6,38.55539730202938,0.0,0.0,0.0,0.0,false,, 1.0
2025-06-07 12:42:05 +0000,EZ-Bar Curl, 7,38.55539730202938,0.0,0.0,0.0,0.0,false,, 1.0
2025-06-07 12:42:05 +0000,Dumbbell Row, 16,22.67964547178199,0.0,0.0,0.0,0.0,false,, 2.0
2025-06-07 12:42:05 +0000,Dumbbell Row, 16,22.67964547178199,0.0,0.0,0.0,0.0,false,, 2.0
2025-06-07 12:42:05 +0000,Dumbbell Row, 16,22.67964547178199,0.0,0.0,0.0,0.0,false,, 2.0
2025-06-07 12:42:05 +0000,Dumbbell Bicep Curl, 10,15.87575183024739,0.0,0.0,0.0,0.0,false,, 2.0
2025-06-07 12:42:05 +0000,Dumbbell Bicep Curl, 8,15.87575183024739,0.0,0.0,0.0,0.0,false,, 2.0
2025-06-07 12:42:05 +0000,Dumbbell Bicep Curl, 8,15.87575183024739,0.0,0.0,0.0,0.0,false,, 2.0
2025-06-07 12:42:05 +0000,Wide Grip Pull Up, 5,0.0,0.0,0.0,0.0,0.0,false,, 1.0
2025-06-07 12:42:05 +0000,Wide Grip Pull Up, 5,0.0,0.0,0.0,0.0,0.0,false,, 1.0
2025-06-06 12:04:16 +0000,Barbell Incline Bench Press, 8,52.16318458509857,0.0,0.0,0.0,0.0,true,, 1.0
2025-06-06 12:04:16 +0000,Barbell Incline Bench Press, 4,81.64672369841516,0.0,0.0,0.0,0.0,false,, 1.0
2025-06-06 12:04:16 +0000,Barbell Incline Bench Press, 4,81.64672369841516,0.0,0.0,0.0,0.0,false,, 1.0
2025-06-06 12:04:16 +0000,Barbell Incline Bench Press, 3,81.64672369841516,0.0,0.0,0.0,0.0,false,, 1.0
2025-06-06 12:04:16 +0000,Barbell Incline Bench Press, 3,81.64672369841516,0.0,0.0,0.0,0.0,false,, 1.0
2025-06-06 12:04:16 +0000,Barbell Shoulder Press, 8,24.947610018960187,0.0,0.0,0.0,0.0,true,, 1.0
2025-06-06 12:04:16 +0000,Barbell Shoulder Press, 5,43.091326396385774,0.0,0.0,0.0,0.0,false,, 1.0
2025-06-06 12:04:16 +0000,Barbell Shoulder Press, 6,43.091326396385774,0.0,0.0,0.0,0.0,false,, 1.0
2025-06-06 12:04:16 +0000,Barbell Shoulder Press, 7,43.091326396385774,0.0,0.0,0.0,0.0,false,, 1.0
2025-06-06 12:04:16 +0000,Barbell Shoulder Press, 7,43.091326396385774,0.0,0.0,0.0,0.0,false,, 1.0
2025-06-06 12:04:16 +0000,Dumbbell Bench Press, 7,34.01946820767298,0.0,0.0,0.0,0.0,false,, 2.0
2025-06-06 12:04:16 +0000,Dumbbell Bench Press, 7,34.01946820767298,0.0,0.0,0.0,0.0,false,, 2.0
2025-06-06 12:04:16 +0000,Dumbbell Bench Press, 7,34.01946820767298,0.0,0.0,0.0,0.0,false,, 2.0
2025-06-06 12:04:16 +0000,Cable Rope Tricep Extension, 6,45.35929094356398,0.0,0.0,0.0,0.0,false,, 1.0
2025-06-06 12:04:16 +0000,Cable Rope Tricep Extension, 6,45.35929094356398,0.0,0.0,0.0,0.0,false,, 1.0
2025-06-06 12:04:16 +0000,Cable Rope Tricep Extension, 6,45.35929094356398,0.0,0.0,0.0,0.0,false,, 1.0
2025-06-06 12:04:16 +0000,Dumbbell Skullcrusher, 10,9.071858188712795,0.0,0.0,0.0,0.0,false,, 2.0
2025-06-06 12:04:16 +0000,Dumbbell Skullcrusher, 11,9.071858188712795,0.0,0.0,0.0,0.0,false,, 2.0
2025-06-06 12:04:16 +0000,Dumbbell Skullcrusher, 11,9.071858188712795,0.0,0.0,0.0,0.0,false,, 2.0
2025-06-06 12:04:16 +0000,Dumbbell Lateral Raise, 10,6.8038936415345965,0.0,0.0,0.0,0.0,false,, 2.0
2025-06-06 12:04:16 +0000,Dumbbell Lateral Raise, 10,6.8038936415345965,0.0,0.0,0.0,0.0,false,, 2.0
2025-06-06 12:04:16 +0000,Dumbbell Lateral Raise, 10,6.8038936415345965,0.0,0.0,0.0,0.0,false,, 2.0
2025-06-06 12:04:16 +0000,Plank, 0,0.0,88.0,0.0,0.0,0.0,false,, 0.0
2025-06-06 12:04:16 +0000,Plank, 0,0.0,88.0,0.0,0.0,0.0,false,, 0.0
2025-06-06 12:04:16 +0000,Plank, 0,0.0,88.0,0.0,0.0,0.0,false,, 0.0
2025-06-06 12:04:16 +0000,Push Up, 16,0.0,0.0,0.0,0.0,0.0,false,, 1.0
2025-06-06 12:04:16 +0000,Push Up, 16,0.0,0.0,0.0,0.0,0.0,false,, 1.0
2025-06-06 12:04:16 +0000,Push Up, 18,0.0,0.0,0.0,0.0,0.0,false,, 1.0
2025-06-05 13:08:55 +0000,Back Squat, 10,61.235042773811365,0.0,0.0,0.0,0.0,true,, 1.0
2025-06-05 13:08:55 +0000,Back Squat, 3,106.59433371737533,0.0,0.0,0.0,0.0,true,, 1.0
2025-06-05 13:08:55 +0000,Back Squat, 3,122.47008554762273,0.0,0.0,0.0,0.0,false,, 1.0
2025-06-05 13:08:55 +0000,Back Squat, 3,122.47008554762273,0.0,0.0,0.0,0.0,false,, 1.0
2025-06-05 13:08:55 +0000,Back Squat, 3,122.47008554762273,0.0,0.0,0.0,0.0,false,, 1.0
2025-06-05 13:08:55 +0000,Back Squat, 2,122.47008554762273,0.0,0.0,0.0,0.0,false,, 1.0
2025-06-05 13:08:55 +0000,Single Leg Hip Thrust, 17,0.0,0.0,0.0,0.0,0.0,false,, 2.0
2025-06-05 13:08:55 +0000,Single Leg Hip Thrust, 17,0.0,0.0,0.0,0.0,0.0,false,, 2.0
2025-06-05 13:08:55 +0000,Single Leg Hip Thrust, 17,0.0,0.0,0.0,0.0,0.0,false,, 2.0
2025-06-05 13:08:55 +0000,Single Leg Hip Thrust, 17,0.0,0.0,0.0,0.0,0.0,false,, 2.0
2025-06-05 13:08:55 +0000,Dumbbell Bulgarian Split Squat, 8,13.607787283069193,0.0,0.0,0.0,0.0,false,, 4.0
2025-06-05 13:08:55 +0000,Dumbbell Bulgarian Split Squat, 8,13.607787283069193,0.0,0.0,0.0,0.0,false,, 4.0
2025-06-05 13:08:55 +0000,Dumbbell Bulgarian Split Squat, 8,13.607787283069193,0.0,0.0,0.0,0.0,false,, 4.0
2025-06-05 13:08:55 +0000,Dumbbell Bulgarian Split Squat, 10,13.607787283069193,0.0,0.0,0.0,0.0,false,, 4.0
2025-06-05 13:08:55 +0000,Dumbbell Romanian Deadlift, 12,34.01946820767298,0.0,0.0,0.0,0.0,false,, 2.0
2025-06-05 13:08:55 +0000,Dumbbell Romanian Deadlift, 12,34.01946820767298,0.0,0.0,0.0,0.0,false,, 2.0
2025-06-05 13:08:55 +0000,Dumbbell Romanian Deadlift, 12,34.01946820767298,0.0,0.0,0.0,0.0,false,, 2.0
2025-06-05 13:08:55 +0000,Standing Dumbbell Calf Raise, 13,34.01946820767298,0.0,0.0,0.0,0.0,false,, 2.0
2025-06-05 13:08:55 +0000,Standing Dumbbell Calf Raise, 13,34.01946820767298,0.0,0.0,0.0,0.0,false,, 2.0
2025-06-05 13:08:55 +0000,Standing Dumbbell Calf Raise, 13,34.01946820767298,0.0,0.0,0.0,0.0,false,, 2.0
2025-06-04 13:14:54 +0000,Side Leg Hip Circle, 10,0.0,0.0,0.0,0.0,0.0,false,, 2.0
2025-06-04 13:14:54 +0000,Side Leg Hip Circle, 10,0.0,0.0,0.0,0.0,0.0,false,, 2.0
2025-06-04 13:14:54 +0000,Side Leg Hip Circle, 10,0.0,0.0,0.0,0.0,0.0,false,, 2.0
2025-06-04 13:14:54 +0000,Side Leg Hip Circle, 10,0.0,0.0,0.0,0.0,0.0,false,, 2.0
2025-06-04 13:14:54 +0000,Side Leg Hip Circle, 10,0.0,0.0,0.0,0.0,0.0,false,, 2.0
2025-06-04 13:14:54 +0000,Side Leg Hip Circle, 10,0.0,0.0,0.0,0.0,0.0,false,, 2.0
2025-06-04 13:14:54 +0000,Running, 0,0.0,360.0,1207.008,0.0,0.0,false,, 0.0
2025-06-03 12:39:42 +0000,Pull Up, 5,11.339822735890994,0.0,0.0,0.0,0.0,false,, 1.0
2025-06-03 12:39:42 +0000,Pull Up, 4,11.339822735890994,0.0,0.0,0.0,0.0,false,, 1.0
2025-06-03 12:39:42 +0000,Pull Up, 3,11.339822735890994,0.0,0.0,0.0,0.0,false,, 1.0
2025-06-03 12:39:42 +0000,Cable Row, 8,56.69911367945497,0.0,0.0,0.0,0.0,true,, 1.0
2025-06-03 12:39:42 +0000,Cable Row, 5,92.98654643430615,0.0,0.0,0.0,0.0,false,, 1.0
2025-06-03 12:39:42 +0000,Cable Row, 5,92.98654643430615,0.0,0.0,0.0,0.0,false,, 1.0
2025-06-03 12:39:42 +0000,Cable Row, 6,92.98654643430615,0.0,0.0,0.0,0.0,false,, 1.0
2025-06-03 12:39:42 +0000,Cable Row, 6,92.98654643430615,0.0,0.0,0.0,0.0,false,, 1.0
2025-06-03 12:39:42 +0000,EZ-Bar Curl, 8,22.67964547178199,0.0,0.0,0.0,0.0,true,, 1.0
2025-06-03 12:39:42 +0000,EZ-Bar Curl, 10,31.75150366049478,0.0,0.0,0.0,0.0,false,, 1.0
2025-06-03 12:39:42 +0000,EZ-Bar Curl, 10,31.75150366049478,0.0,0.0,0.0,0.0,false,, 1.0
2025-06-03 12:39:42 +0000,EZ-Bar Curl, 10,31.75150366049478,0.0,0.0,0.0,0.0,false,, 1.0
2025-06-03 12:39:42 +0000,EZ-Bar Curl, 11,31.75150366049478,0.0,0.0,0.0,0.0,false,, 1.0
2025-06-03 12:39:42 +0000,Barbell Shrug, 8,83.91468824559335,0.0,0.0,0.0,0.0,false,, 1.0
2025-06-03 12:39:42 +0000,Barbell Shrug, 8,83.91468824559335,0.0,0.0,0.0,0.0,false,, 1.0
2025-06-03 12:39:42 +0000,Barbell Shrug, 8,83.91468824559335,0.0,0.0,0.0,0.0,false,, 1.0
2025-06-03 12:39:42 +0000,Shotgun Row, 6,38.55539730202938,0.0,0.0,0.0,0.0,false,, 2.0
2025-06-03 12:39:42 +0000,Shotgun Row, 6,38.55539730202938,0.0,0.0,0.0,0.0,false,, 2.0
2025-06-03 12:39:42 +0000,Shotgun Row, 7,38.55539730202938,0.0,0.0,0.0,0.0,false,, 2.0
2025-06-03 12:39:42 +0000,Dumbbell Bicep Curl, 10,15.87575183024739,0.0,0.0,0.0,0.0,false,, 2.0
2025-06-03 12:39:42 +0000,Dumbbell Bicep Curl, 10,15.87575183024739,0.0,0.0,0.0,0.0,false,, 2.0
2025-06-03 12:39:42 +0000,Dumbbell Bicep Curl, 10,15.87575183024739,0.0,0.0,0.0,0.0,false,, 2.0
2025-06-02 12:07:54 +0000,Barbell Bench Press, 10,20.41168092460379,0.0,0.0,0.0,0.0,true,, 1.0
2025-06-02 12:07:54 +0000,Barbell Bench Press, 7,61.235042773811365,0.0,0.0,0.0,0.0,true,, 1.0
2025-06-02 12:07:54 +0000,Barbell Bench Press, 4,92.98654643430615,0.0,0.0,0.0,0.0,false,, 1.0
2025-06-02 12:07:54 +0000,Barbell Bench Press, 4,92.98654643430615,0.0,0.0,0.0,0.0,false,, 1.0
2025-06-02 12:07:54 +0000,Barbell Bench Press, 3,92.98654643430615,0.0,0.0,0.0,0.0,false,, 1.0
2025-06-02 12:07:54 +0000,Barbell Bench Press, 2,92.98654643430615,0.0,0.0,0.0,0.0,false,, 1.0
2025-06-02 12:07:54 +0000,Dumbbell Shoulder Press, 8,15.87575183024739,0.0,0.0,0.0,0.0,false,, 2.0
2025-06-02 12:07:54 +0000,Dumbbell Shoulder Press, 8,15.87575183024739,0.0,0.0,0.0,0.0,false,, 2.0
2025-06-02 12:07:54 +0000,Dumbbell Shoulder Press, 12,15.87575183024739,0.0,0.0,0.0,0.0,false,, 2.0
2025-06-02 12:07:54 +0000,Dip, 11,0.0,0.0,0.0,0.0,0.0,false,, 1.0
2025-06-02 12:07:54 +0000,Dip, 11,0.0,0.0,0.0,0.0,0.0,false,, 1.0
2025-06-02 12:07:54 +0000,Dip, 12,0.0,0.0,0.0,0.0,0.0,false,, 1.0
2025-06-02 12:07:54 +0000,Cable Crossover Fly, 6,18.14371637742559,0.0,0.0,0.0,0.0,false,, 2.0
2025-06-02 12:07:54 +0000,Cable Crossover Fly, 6,22.67964547178199,0.0,0.0,0.0,0.0,false,, 2.0
2025-06-02 12:07:54 +0000,Cable Crossover Fly, 9,27.215574566138386,0.0,0.0,0.0,0.0,false,, 2.0
2025-06-02 12:07:54 +0000,Cable Crossover Fly, 10,27.215574566138386,0.0,0.0,0.0,0.0,false,, 2.0
2025-06-02 12:07:54 +0000,Dumbbell Rear Delt Raise, 8,11.339822735890994,0.0,0.0,0.0,0.0,false,, 2.0
2025-06-02 12:07:54 +0000,Dumbbell Rear Delt Raise, 8,11.339822735890994,0.0,0.0,0.0,0.0,false,, 2.0
2025-06-02 12:07:54 +0000,Dumbbell Rear Delt Raise, 8,11.339822735890994,0.0,0.0,0.0,0.0,false,, 2.0
2025-06-02 12:07:54 +0000,Dumbbell Rear Delt Raise, 8,11.339822735890994,0.0,0.0,0.0,0.0,false,, 2.0
2025-06-02 12:07:54 +0000,Cable Rope Tricep Extension, 10,38.55539730202938,0.0,0.0,0.0,0.0,false,, 1.0
2025-06-02 12:07:54 +0000,Cable Rope Tricep Extension, 10,38.55539730202938,0.0,0.0,0.0,0.0,false,, 1.0
2025-06-02 12:07:54 +0000,Cable Rope Tricep Extension, 11,38.55539730202938,0.0,0.0,0.0,0.0,false,, 1.0
2025-06-02 12:07:54 +0000,Dumbbell Lateral Raise, 11,6.8038936415345965,0.0,0.0,0.0,0.0,false,, 2.0
2025-06-02 12:07:54 +0000,Dumbbell Lateral Raise, 11,6.8038936415345965,0.0,0.0,0.0,0.0,false,, 2.0
2025-06-02 12:07:54 +0000,Dumbbell Lateral Raise, 11,6.8038936415345965,0.0,0.0,0.0,0.0,false,, 2.0
2025-06-02 12:07:54 +0000,Bicycle Crunch, 21,0.0,0.0,0.0,0.0,0.0,false,, 2.0
2025-06-02 12:07:54 +0000,Bicycle Crunch, 21,0.0,0.0,0.0,0.0,0.0,false,, 2.0
2025-06-02 12:07:54 +0000,Bicycle Crunch, 21,0.0,0.0,0.0,0.0,0.0,false,, 2.0
2025-06-02 12:07:54 +0000,Push Up, 18,0.0,0.0,0.0,0.0,0.0,false,, 1.0
2025-06-02 12:07:54 +0000,Push Up, 14,0.0,0.0,0.0,0.0,0.0,false,, 1.0
2025-06-02 12:07:54 +0000,Push Up, 14,0.0,0.0,0.0,0.0,0.0,false,, 1.0
2025-05-31 12:07:02 +0000,Back Squat, 8,70.30690096252415,0.0,0.0,0.0,0.0,true,, 1.0
2025-05-31 12:07:02 +0000,Back Squat, 3,102.05840462301894,0.0,0.0,0.0,0.0,true,, 1.0
2025-05-31 12:07:02 +0000,Back Squat, 3,120.20212100044454,0.0,0.0,0.0,0.0,false,, 1.0
2025-05-31 12:07:02 +0000,Back Squat, 3,120.20212100044454,0.0,0.0,0.0,0.0,false,, 1.0
2025-05-31 12:07:02 +0000,Back Squat, 3,120.20212100044454,0.0,0.0,0.0,0.0,false,, 1.0
2025-05-31 12:07:02 +0000,Romanian Deadlift, 6,61.235042773811365,0.0,0.0,0.0,0.0,true,, 1.0
2025-05-31 12:07:02 +0000,Romanian Deadlift, 8,92.98654643430615,0.0,0.0,0.0,0.0,false,, 1.0
2025-05-31 12:07:02 +0000,Romanian Deadlift, 8,92.98654643430615,0.0,0.0,0.0,0.0,false,, 1.0
2025-05-31 12:07:02 +0000,Romanian Deadlift, 8,92.98654643430615,0.0,0.0,0.0,0.0,false,, 1.0
2025-05-31 12:07:02 +0000,Romanian Deadlift, 12,92.98654643430615,0.0,0.0,0.0,0.0,false,, 1.0
2025-05-31 12:07:02 +0000,Single Leg Leg Extension, 10,61.235042773811365,0.0,0.0,0.0,0.0,false,, 2.0
2025-05-31 12:07:02 +0000,Single Leg Leg Extension, 10,61.235042773811365,0.0,0.0,0.0,0.0,false,, 2.0
2025-05-31 12:07:02 +0000,Single Leg Leg Extension, 11,61.235042773811365,0.0,0.0,0.0,0.0,false,, 2.0
2025-05-31 12:07:02 +0000,Standing Leg Curl, 10,43.091326396385774,0.0,0.0,0.0,0.0,false,, 2.0
2025-05-31 12:07:02 +0000,Standing Leg Curl, 10,43.091326396385774,0.0,0.0,0.0,0.0,false,, 2.0
2025-05-31 12:07:02 +0000,Standing Leg Curl, 10,43.091326396385774,0.0,0.0,0.0,0.0,false,, 2.0
2025-05-31 12:07:02 +0000,Standing Dumbbell Calf Raise, 6,15.87575183024739,0.0,0.0,0.0,0.0,false,, 2.0
2025-05-31 12:07:02 +0000,Standing Dumbbell Calf Raise, 6,18.14371637742559,0.0,0.0,0.0,0.0,false,, 2.0
2025-05-31 12:07:02 +0000,Standing Dumbbell Calf Raise, 20,22.67964547178199,0.0,0.0,0.0,0.0,false,, 2.0
2025-05-31 12:07:02 +0000,Standing Dumbbell Calf Raise, 20,24.947610018960187,0.0,0.0,0.0,0.0,false,, 2.0
2025-05-31 12:07:02 +0000,Cable Pull Through, 8,43.091326396385774,0.0,0.0,0.0,0.0,false,, 1.0
2025-05-31 12:07:02 +0000,Cable Pull Through, 8,43.091326396385774,0.0,0.0,0.0,0.0,false,, 1.0
2025-05-31 12:07:02 +0000,Cable Pull Through, 12,43.091326396385774,0.0,0.0,0.0,0.0,false,, 1.0
2025-05-30 12:02:11 +0000,Pull Up, 8,0.0,0.0,0.0,0.0,0.0,false,, 1.0
2025-05-30 12:02:11 +0000,Pull Up, 8,0.0,0.0,0.0,0.0,0.0,false,, 1.0
2025-05-30 12:02:11 +0000,Pull Up, 8,0.0,0.0,0.0,0.0,0.0,false,, 1.0
2025-05-30 12:02:11 +0000,Pull Up, 6,0.0,0.0,0.0,0.0,0.0,false,, 1.0
2025-05-30 12:02:11 +0000,Pull Up, 8,0.0,0.0,0.0,0.0,0.0,false,, 1.0
2025-05-30 12:02:11 +0000,Dumbbell Shrug, 16,34.01946820767298,0.0,0.0,0.0,0.0,false,, 2.0
2025-05-30 12:02:11 +0000,Dumbbell Shrug, 16,34.01946820767298,0.0,0.0,0.0,0.0,false,, 2.0
2025-05-30 12:02:11 +0000,Dumbbell Shrug, 16,34.01946820767298,0.0,0.0,0.0,0.0,false,, 2.0
2025-05-30 12:02:11 +0000,Dumbbell Shrug, 16,34.01946820767298,0.0,0.0,0.0,0.0,false,, 2.0
2025-05-30 12:02:11 +0000,Dumbbell Bicep Curl, 6,18.14371637742559,0.0,0.0,0.0,0.0,false,, 2.0
2025-05-30 12:02:11 +0000,Dumbbell Bicep Curl, 6,18.14371637742559,0.0,0.0,0.0,0.0,false,, 2.0
2025-05-30 12:02:11 +0000,Dumbbell Bicep Curl, 6,18.14371637742559,0.0,0.0,0.0,0.0,false,, 2.0
2025-05-30 12:02:11 +0000,Dumbbell Bicep Curl, 8,18.14371637742559,0.0,0.0,0.0,0.0,false,, 2.0
2025-05-30 12:02:11 +0000,Cable Row, 10,52.16318458509857,0.0,0.0,0.0,0.0,false,, 1.0
2025-05-30 12:02:11 +0000,Cable Row, 10,52.16318458509857,0.0,0.0,0.0,0.0,false,, 1.0
2025-05-30 12:02:11 +0000,Cable Row, 12,74.84283005688056,0.0,0.0,0.0,0.0,false,, 1.0
2025-05-30 12:02:11 +0000,Cable Row, 12,74.84283005688056,0.0,0.0,0.0,0.0,false,, 1.0
2025-05-30 12:02:11 +0000,Barbell Curl, 5,40.82336184920758,0.0,0.0,0.0,0.0,false,, 1.0
2025-05-30 12:02:11 +0000,Barbell Curl, 4,40.82336184920758,0.0,0.0,0.0,0.0,false,, 1.0
2025-05-30 12:02:11 +0000,Barbell Curl, 4,40.82336184920758,0.0,0.0,0.0,0.0,false,, 1.0
2025-05-30 12:02:11 +0000,Cable Bicep Curl, 8,31.75150366049478,0.0,0.0,0.0,0.0,false,, 1.0
2025-05-30 12:02:11 +0000,Cable Bicep Curl, 10,31.75150366049478,0.0,0.0,0.0,0.0,false,, 1.0
2025-05-30 12:02:11 +0000,Cable Bicep Curl, 10,31.75150366049478,0.0,0.0,0.0,0.0,false,, 1.0
2025-05-30 12:02:11 +0000,Lat Pulldown, 6,58.96707822663317,0.0,0.0,0.0,0.0,false,, 1.0
2025-05-30 12:02:11 +0000,Lat Pulldown, 7,58.96707822663317,0.0,0.0,0.0,0.0,false,, 1.0
2025-05-30 12:02:11 +0000,Lat Pulldown, 10,58.96707822663317,0.0,0.0,0.0,0.0,false,, 1.0
2025-05-30 12:02:11 +0000,Lat Pulldown, 10,58.96707822663317,0.0,0.0,0.0,0.0,false,, 1.0
2025-05-29 12:23:19 +0000,Barbell Incline Bench Press, 10,20.41168092460379,0.0,0.0,0.0,0.0,true,, 1.0
2025-05-29 12:23:19 +0000,Barbell Incline Bench Press, 5,43.091326396385774,0.0,0.0,0.0,0.0,true,, 1.0
2025-05-29 12:23:19 +0000,Barbell Incline Bench Press, 5,52.16318458509857,0.0,0.0,0.0,0.0,false,, 1.0
2025-05-29 12:23:19 +0000,Barbell Incline Bench Press, 5,61.235042773811365,0.0,0.0,0.0,0.0,false,, 1.0
2025-05-29 12:23:19 +0000,Barbell Incline Bench Press, 10,70.30690096252415,0.0,0.0,0.0,0.0,false,, 1.0
2025-05-29 12:23:19 +0000,Barbell Incline Bench Press, 9,70.30690096252415,0.0,0.0,0.0,0.0,false,, 1.0
2025-05-29 12:23:19 +0000,Dumbbell Front Raise, 4,9.071858188712795,0.0,0.0,0.0,0.0,false,, 2.0
2025-05-29 12:23:19 +0000,Dumbbell Front Raise, 4,9.071858188712795,0.0,0.0,0.0,0.0,false,, 2.0
2025-05-29 12:23:19 +0000,Dumbbell Front Raise, 4,9.071858188712795,0.0,0.0,0.0,0.0,false,, 2.0
2025-05-29 12:23:19 +0000,Dumbbell Front Raise, 4,9.071858188712795,0.0,0.0,0.0,0.0,false,, 2.0
2025-05-29 12:23:19 +0000,Dip, 11,0.0,0.0,0.0,0.0,0.0,false,, 1.0
2025-05-29 12:23:19 +0000,Dip, 11,0.0,0.0,0.0,0.0,0.0,false,, 1.0
2025-05-29 12:23:19 +0000,Dip, 11,0.0,0.0,0.0,0.0,0.0,false,, 1.0
2025-05-29 12:23:19 +0000,Dip, 12,0.0,0.0,0.0,0.0,0.0,false,, 1.0
2025-05-29 12:23:19 +0000,Barbell Shoulder Press, 10,31.75150366049478,0.0,0.0,0.0,0.0,false,, 1.0
2025-05-29 12:23:19 +0000,Barbell Shoulder Press, 10,31.75150366049478,0.0,0.0,0.0,0.0,false,, 1.0
2025-05-29 12:23:19 +0000,Barbell Shoulder Press, 10,31.75150366049478,0.0,0.0,0.0,0.0,false,, 1.0
2025-05-29 12:23:19 +0000,Barbell Shoulder Press, 11,31.75150366049478,0.0,0.0,0.0,0.0,false,, 1.0
2025-05-29 12:23:19 +0000,Tricep Push Up, 13,0.0,0.0,0.0,0.0,0.0,false,, 1.0
2025-05-29 12:23:19 +0000,Tricep Push Up, 13,0.0,0.0,0.0,0.0,0.0,false,, 1.0
2025-05-29 12:23:19 +0000,Tricep Push Up, 13,0.0,0.0,0.0,0.0,0.0,false,, 1.0
2025-05-29 12:23:19 +0000,Tricep Push Up, 14,0.0,0.0,0.0,0.0,0.0,false,, 1.0
2025-05-28 12:12:24 +0000,Back Squat, 8,70.30690096252415,0.0,0.0,0.0,0.0,true,, 1.0
2025-05-28 12:12:24 +0000,Back Squat, 3,104.32636917019714,0.0,0.0,0.0,0.0,true,, 1.0
2025-05-28 12:12:24 +0000,Back Squat, 3,115.66619190608813,0.0,0.0,0.0,0.0,false,, 1.0
2025-05-28 12:12:24 +0000,Back Squat, 3,115.66619190608813,0.0,0.0,0.0,0.0,false,, 1.0
2025-05-28 12:12:24 +0000,Back Squat, 3,115.66619190608813,0.0,0.0,0.0,0.0,false,, 1.0
2025-05-28 12:12:24 +0000,Back Squat, 4,115.66619190608813,0.0,0.0,0.0,0.0,false,, 1.0
2025-05-28 12:12:24 +0000,Seated Leg Curl, 8,65.77097186816776,0.0,0.0,0.0,0.0,true,, 1.0
2025-05-28 12:12:24 +0000,Seated Leg Curl, 3,99.79044007584075,0.0,0.0,0.0,0.0,true,, 1.0
2025-05-28 12:12:24 +0000,Seated Leg Curl, 8,111.13026281173174,0.0,0.0,0.0,0.0,false,, 1.0
2025-05-28 12:12:24 +0000,Seated Leg Curl, 7,111.13026281173174,0.0,0.0,0.0,0.0,false,, 1.0
2025-05-28 12:12:24 +0000,Seated Leg Curl, 8,111.13026281173174,0.0,0.0,0.0,0.0,false,, 1.0
2025-05-28 12:12:24 +0000,Leg Extension, 8,83.91468824559335,0.0,0.0,0.0,0.0,true,, 1.0
2025-05-28 12:12:24 +0000,Leg Extension, 3,104.32636917019714,0.0,0.0,0.0,0.0,true,, 1.0
2025-05-28 12:12:24 +0000,Leg Extension, 15,111.13026281173174,0.0,0.0,0.0,0.0,false,, 1.0
2025-05-28 12:12:24 +0000,Leg Extension, 15,111.13026281173174,0.0,0.0,0.0,0.0,false,, 1.0
2025-05-28 12:12:24 +0000,Leg Extension, 15,111.13026281173174,0.0,0.0,0.0,0.0,false,, 1.0
2025-05-28 12:12:24 +0000,Dumbbell Romanian Deadlift, 11,34.01946820767298,0.0,0.0,0.0,0.0,false,, 2.0
2025-05-28 12:12:24 +0000,Dumbbell Romanian Deadlift, 11,34.01946820767298,0.0,0.0,0.0,0.0,false,, 2.0
2025-05-28 12:12:24 +0000,Dumbbell Romanian Deadlift, 11,34.01946820767298,0.0,0.0,0.0,0.0,false,, 2.0
2025-05-28 12:12:24 +0000,Standing Dumbbell Calf Raise, 10,15.87575183024739,0.0,0.0,0.0,0.0,false,, 2.0
2025-05-28 12:12:24 +0000,Standing Dumbbell Calf Raise, 12,15.87575183024739,0.0,0.0,0.0,0.0,false,, 2.0
2025-05-28 12:12:24 +0000,Standing Dumbbell Calf Raise, 15,15.87575183024739,0.0,0.0,0.0,0.0,false,, 2.0
2025-05-28 12:12:24 +0000,Plank, 0,0.0,85.0,0.0,0.0,0.0,false,, 0.0
2025-05-28 12:12:24 +0000,Plank, 0,0.0,85.0,0.0,0.0,0.0,false,, 0.0
2025-05-28 12:12:24 +0000,Plank, 0,0.0,85.0,0.0,0.0,0.0,false,, 0.0
2025-05-27 12:39:15 +0000,Pull Up, 9,0.0,0.0,0.0,0.0,0.0,false,, 1.0
2025-05-27 12:39:15 +0000,Pull Up, 9,0.0,0.0,0.0,0.0,0.0,false,, 1.0
2025-05-27 12:39:15 +0000,Pull Up, 9,0.0,0.0,0.0,0.0,0.0,false,, 1.0
2025-05-27 12:39:15 +0000,Pull Up, 7,0.0,0.0,0.0,0.0,0.0,false,, 1.0
2025-05-27 12:39:15 +0000,Barbell Curl, 10,34.01946820767298,0.0,0.0,0.0,0.0,false,, 1.0
2025-05-27 12:39:15 +0000,Barbell Curl, 10,34.01946820767298,0.0,0.0,0.0,0.0,false,, 1.0
2025-05-27 12:39:15 +0000,Barbell Curl, 10,34.01946820767298,0.0,0.0,0.0,0.0,false,, 1.0
2025-05-27 12:39:15 +0000,Barbell Shrug, 6,83.91468824559335,0.0,0.0,0.0,0.0,false,, 1.0
2025-05-27 12:39:15 +0000,Barbell Shrug, 6,83.91468824559335,0.0,0.0,0.0,0.0,false,, 1.0
2025-05-27 12:39:15 +0000,Barbell Shrug, 6,83.91468824559335,0.0,0.0,0.0,0.0,false,, 1.0
2025-05-27 12:39:15 +0000,Barbell Shrug, 6,83.91468824559335,0.0,0.0,0.0,0.0,false,, 1.0
2025-05-27 12:39:15 +0000,Chin Up, 7,0.0,0.0,0.0,0.0,0.0,false,, 1.0
2025-05-26 12:32:00 +0000,Running, 0,0.0,393.0,1609.344,0.0,0.0,false,, 0.0
2025-05-26 12:32:00 +0000,Running, 0,0.0,420.0,804.672,0.0,0.0,false,, 0.0
2025-05-23 12:18:55 +0000,Barbell Bench Press, 8,52.16318458509857,0.0,0.0,0.0,0.0,true,, 1.0
2025-05-23 12:18:55 +0000,Barbell Bench Press, 5,83.91468824559335,0.0,0.0,0.0,0.0,false,, 1.0
2025-05-23 12:18:55 +0000,Barbell Bench Press, 5,83.91468824559335,0.0,0.0,0.0,0.0,false,, 1.0
2025-05-23 12:18:55 +0000,Barbell Bench Press, 5,83.91468824559335,0.0,0.0,0.0,0.0,false,, 1.0
2025-05-23 12:18:55 +0000,Barbell Bench Press, 5,83.91468824559335,0.0,0.0,0.0,0.0,false,, 1.0
2025-05-23 12:18:55 +0000,Barbell Bench Press, 5,83.91468824559335,0.0,0.0,0.0,0.0,false,, 1.0
2025-05-23 12:18:55 +0000,Dumbbell Skullcrusher, 10,9.071858188712795,0.0,0.0,0.0,0.0,false,, 2.0
2025-05-23 12:18:55 +0000,Dumbbell Skullcrusher, 10,9.071858188712795,0.0,0.0,0.0,0.0,false,, 2.0
2025-05-23 12:18:55 +0000,Dumbbell Skullcrusher, 10,9.071858188712795,0.0,0.0,0.0,0.0,false,, 2.0
2025-05-23 12:18:55 +0000,Dumbbell Rear Delt Raise, 8,11.339822735890994,0.0,0.0,0.0,0.0,false,, 2.0
2025-05-23 12:18:55 +0000,Dumbbell Rear Delt Raise, 6,11.339822735890994,0.0,0.0,0.0,0.0,false,, 2.0
2025-05-23 12:18:55 +0000,Dumbbell Rear Delt Raise, 7,11.339822735890994,0.0,0.0,0.0,0.0,false,, 2.0
2025-05-23 12:18:55 +0000,Cable Crossover Fly, 8,24.947610018960187,0.0,0.0,0.0,0.0,false,, 2.0
2025-05-23 12:18:55 +0000,Cable Crossover Fly, 8,24.947610018960187,0.0,0.0,0.0,0.0,false,, 2.0
2025-05-23 12:18:55 +0000,Cable Crossover Fly, 8,24.947610018960187,0.0,0.0,0.0,0.0,false,, 2.0
2025-05-23 12:18:55 +0000,Cable Crossover Fly, 9,24.947610018960187,0.0,0.0,0.0,0.0,false,, 2.0
2025-05-23 12:18:55 +0000,Cable Rope Tricep Extension, 10,36.28743275485118,0.0,0.0,0.0,0.0,false,, 1.0
2025-05-23 12:18:55 +0000,Cable Rope Tricep Extension, 10,36.28743275485118,0.0,0.0,0.0,0.0,false,, 1.0
2025-05-23 12:18:55 +0000,Cable Rope Tricep Extension, 10,36.28743275485118,0.0,0.0,0.0,0.0,false,, 1.0
2025-05-23 12:18:55 +0000,Cable Rope Tricep Extension, 11,36.28743275485118,0.0,0.0,0.0,0.0,false,, 1.0
2025-05-23 12:18:55 +0000,Push Up, 10,0.0,0.0,0.0,0.0,0.0,false,, 1.0
2025-05-23 12:18:55 +0000,Push Up, 10,0.0,0.0,0.0,0.0,0.0,false,, 1.0
2025-05-23 12:18:55 +0000,Push Up, 20,0.0,0.0,0.0,0.0,0.0,false,, 1.0
2025-05-23 12:18:55 +0000,Push Up, 21,0.0,0.0,0.0,0.0,0.0,false,, 1.0
2025-05-22 12:12:28 +0000,Back Squat, 10,20.41168092460379,0.0,0.0,0.0,0.0,true,, 1.0
2025-05-22 12:12:28 +0000,Back Squat, 7,52.16318458509857,0.0,0.0,0.0,0.0,true,, 1.0
2025-05-22 12:12:28 +0000,Back Squat, 1,83.91468824559335,0.0,0.0,0.0,0.0,false,, 1.0
2025-05-22 12:12:28 +0000,Back Squat, 1,102.05840462301894,0.0,0.0,0.0,0.0,false,, 1.0
2025-05-22 12:12:28 +0000,Back Squat, 1,113.39822735890993,0.0,0.0,0.0,0.0,false,, 1.0
2025-05-22 12:12:28 +0000,Back Squat, 1,124.73805009480093,0.0,0.0,0.0,0.0,false,, 1.0
2025-05-22 12:12:28 +0000,Dumbbell Walking Lunge, 8,20.41168092460379,0.0,0.0,0.0,0.0,false,, 4.0
2025-05-22 12:12:28 +0000,Dumbbell Walking Lunge, 8,20.41168092460379,0.0,0.0,0.0,0.0,false,, 4.0
2025-05-22 12:12:28 +0000,Dumbbell Walking Lunge, 9,20.41168092460379,0.0,0.0,0.0,0.0,false,, 4.0
2025-05-22 12:12:28 +0000,Single Leg Romanian Deadlift, 9,15.87575183024739,0.0,0.0,0.0,0.0,false,, 4.0
2025-05-22 12:12:28 +0000,Single Leg Romanian Deadlift, 9,15.87575183024739,0.0,0.0,0.0,0.0,false,, 4.0
2025-05-22 12:12:28 +0000,Single Leg Romanian Deadlift, 9,15.87575183024739,0.0,0.0,0.0,0.0,false,, 4.0
2025-05-22 12:12:28 +0000,Standing Barbell Calf Raise, 12,102.05840462301894,0.0,0.0,0.0,0.0,false,, 1.0
2025-05-22 12:12:28 +0000,Standing Barbell Calf Raise, 12,102.05840462301894,0.0,0.0,0.0,0.0,false,, 1.0
2025-05-22 12:12:28 +0000,Standing Barbell Calf Raise, 12,102.05840462301894,0.0,0.0,0.0,0.0,false,, 1.0
2025-05-22 12:12:28 +0000,Standing Barbell Calf Raise, 15,102.05840462301894,0.0,0.0,0.0,0.0,false,, 1.0
2025-05-22 12:12:28 +0000,Medicine Ball Curtsy Lunge, 11,3.628743275485118,0.0,0.0,0.0,0.0,false,, 2.0
2025-05-22 12:12:28 +0000,Medicine Ball Curtsy Lunge, 11,4.535929094356398,0.0,0.0,0.0,0.0,false,, 2.0
2025-05-22 12:12:28 +0000,Medicine Ball Curtsy Lunge, 11,5.443114913227677,0.0,0.0,0.0,0.0,false,, 2.0
2025-05-22 12:12:28 +0000,Medicine Ball Curtsy Lunge, 11,6.8038936415345965,0.0,0.0,0.0,0.0,false,, 2.0
2025-05-22 12:12:28 +0000,Plank, 0,0.0,83.0,0.0,0.0,0.0,false,, 0.0
2025-05-22 12:12:28 +0000,Plank, 0,0.0,83.0,0.0,0.0,0.0,false,, 0.0
2025-05-22 12:12:28 +0000,Plank, 0,0.0,83.0,0.0,0.0,0.0,false,, 0.0
2025-05-21 12:05:46 +0000,Pull Up, 1,9.071858188712795,0.0,0.0,0.0,0.0,false,, 1.0
2025-05-21 12:05:46 +0000,Pull Up, 1,18.14371637742559,0.0,0.0,0.0,0.0,false,, 1.0
2025-05-21 12:05:46 +0000,Pull Up, 1,20.41168092460379,0.0,0.0,0.0,0.0,false,, 1.0
2025-05-21 12:05:46 +0000,Pull Up, 1,22.67964547178199,0.0,0.0,0.0,0.0,false,, 1.0
2025-05-21 12:05:46 +0000,Pull Up, 9,0.0,0.0,0.0,0.0,0.0,false,, 1.0
2025-05-21 12:05:46 +0000,Pull Up, 8,0.0,0.0,0.0,0.0,0.0,false,, 1.0
2025-05-21 12:05:46 +0000,Pull Up, 7,0.0,0.0,0.0,0.0,0.0,false,, 1.0
2025-05-21 12:05:46 +0000,Dumbbell Shrug, 15,34.01946820767298,0.0,0.0,0.0,0.0,false,, 2.0
2025-05-21 12:05:46 +0000,Dumbbell Shrug, 15,34.01946820767298,0.0,0.0,0.0,0.0,false,, 2.0
2025-05-21 12:05:46 +0000,Dumbbell Shrug, 16,34.01946820767298,0.0,0.0,0.0,0.0,false,, 2.0
2025-05-21 12:05:46 +0000,Dumbbell Bicep Curl, 6,18.14371637742559,0.0,0.0,0.0,0.0,false,, 2.0
2025-05-21 12:05:46 +0000,Dumbbell Bicep Curl, 6,18.14371637742559,0.0,0.0,0.0,0.0,false,, 2.0
2025-05-21 12:05:46 +0000,Dumbbell Bicep Curl, 8,18.14371637742559,0.0,0.0,0.0,0.0,false,, 2.0
2025-05-21 12:05:46 +0000,Cable Row, 8,45.35929094356398,0.0,0.0,0.0,0.0,true,, 1.0
2025-05-21 12:05:46 +0000,Cable Row, 10,74.84283005688056,0.0,0.0,0.0,0.0,false,, 1.0
2025-05-21 12:05:46 +0000,Cable Row, 10,74.84283005688056,0.0,0.0,0.0,0.0,false,, 1.0
2025-05-21 12:05:46 +0000,Cable Row, 10,74.84283005688056,0.0,0.0,0.0,0.0,false,, 1.0
2025-05-21 12:05:46 +0000,EZ-Bar Curl, 6,36.28743275485118,0.0,0.0,0.0,0.0,false,, 1.0
2025-05-21 12:05:46 +0000,EZ-Bar Curl, 6,36.28743275485118,0.0,0.0,0.0,0.0,false,, 1.0
2025-05-21 12:05:46 +0000,EZ-Bar Curl, 6,36.28743275485118,0.0,0.0,0.0,0.0,false,, 1.0
2025-05-21 12:05:46 +0000,EZ-Bar Curl, 6,36.28743275485118,0.0,0.0,0.0,0.0,false,, 1.0
2025-05-21 12:05:46 +0000,Lat Pulldown, 7,65.77097186816776,0.0,0.0,0.0,0.0,false,, 1.0
2025-05-21 12:05:46 +0000,Lat Pulldown, 7,65.77097186816776,0.0,0.0,0.0,0.0,false,, 1.0
2025-05-21 12:05:46 +0000,Lat Pulldown, 7,65.77097186816776,0.0,0.0,0.0,0.0,false,, 1.0
2025-05-21 12:05:46 +0000,Cable Crunch, 12,79.37875915123695,0.0,0.0,0.0,0.0,false,, 1.0
2025-05-21 12:05:46 +0000,Cable Crunch, 12,79.37875915123695,0.0,0.0,0.0,0.0,false,, 1.0
2025-05-21 12:05:46 +0000,Cable Crunch, 12,79.37875915123695,0.0,0.0,0.0,0.0,false,, 1.0
2025-05-20 12:01:14 +0000,Barbell Bench Press, 10,20.41168092460379,0.0,0.0,0.0,0.0,true,, 1.0
2025-05-20 12:01:14 +0000,Barbell Bench Press, 8,43.091326396385774,0.0,0.0,0.0,0.0,true,, 1.0
2025-05-20 12:01:14 +0000,Barbell Bench Press, 1,61.235042773811365,0.0,0.0,0.0,0.0,false,, 1.0
2025-05-20 12:01:14 +0000,Barbell Bench Press, 1,83.91468824559335,0.0,0.0,0.0,0.0,false,, 1.0
2025-05-20 12:01:14 +0000,Barbell Bench Press, 1,92.98654643430615,0.0,0.0,0.0,0.0,false,, 1.0
2025-05-20 12:01:14 +0000,Barbell Bench Press, 1,97.52247552866254,0.0,0.0,0.0,0.0,false,, 1.0
2025-05-20 12:01:14 +0000,Barbell Shoulder Press, 10,20.41168092460379,0.0,0.0,0.0,0.0,true,, 1.0
2025-05-20 12:01:14 +0000,Barbell Shoulder Press, 11,31.75150366049478,0.0,0.0,0.0,0.0,false,, 1.0
2025-05-20 12:01:14 +0000,Barbell Shoulder Press, 11,31.75150366049478,0.0,0.0,0.0,0.0,false,, 1.0
2025-05-20 12:01:14 +0000,Barbell Shoulder Press, 12,31.75150366049478,0.0,0.0,0.0,0.0,false,, 1.0
2025-05-20 12:01:14 +0000,Tricep Push Up, 13,0.0,0.0,0.0,0.0,0.0,false,, 1.0
2025-05-20 12:01:14 +0000,Tricep Push Up, 13,0.0,0.0,0.0,0.0,0.0,false,, 1.0
2025-05-20 12:01:14 +0000,Tricep Push Up, 13,0.0,0.0,0.0,0.0,0.0,false,, 1.0
2025-05-20 12:01:14 +0000,Tricep Push Up, 16,0.0,0.0,0.0,0.0,0.0,false,, 1.0
2025-05-20 12:01:14 +0000,Cable Crossover Fly, 6,24.947610018960187,0.0,0.0,0.0,0.0,false,, 2.0
2025-05-20 12:01:14 +0000,Cable Crossover Fly, 7,24.947610018960187,0.0,0.0,0.0,0.0,false,, 2.0
2025-05-20 12:01:14 +0000,Cable Crossover Fly, 8,24.947610018960187,0.0,0.0,0.0,0.0,false,, 2.0
2025-05-20 12:01:14 +0000,Cable Rope Tricep Extension, 8,38.55539730202938,0.0,0.0,0.0,0.0,false,, 1.0
2025-05-20 12:01:14 +0000,Cable Rope Tricep Extension, 8,38.55539730202938,0.0,0.0,0.0,0.0,false,, 1.0
2025-05-20 12:01:14 +0000,Cable Rope Tricep Extension, 8,38.55539730202938,0.0,0.0,0.0,0.0,false,, 1.0
2025-05-20 12:01:14 +0000,Low Cable Chest Fly, 10,11.339822735890994,0.0,0.0,0.0,0.0,false,, 2.0
2025-05-20 12:01:14 +0000,Low Cable Chest Fly, 11,11.339822735890994,0.0,0.0,0.0,0.0,false,, 2.0
2025-05-20 12:01:14 +0000,Low Cable Chest Fly, 10,13.607787283069193,0.0,0.0,0.0,0.0,false,, 2.0
2025-05-20 12:01:14 +0000,Low Cable Chest Fly, 11,13.607787283069193,0.0,0.0,0.0,0.0,false,, 2.0
2025-05-20 12:01:14 +0000,Cable Lateral Raise, 9,11.339822735890994,0.0,0.0,0.0,0.0,false,, 2.0
2025-05-20 12:01:14 +0000,Cable Lateral Raise, 8,11.339822735890994,0.0,0.0,0.0,0.0,false,, 2.0
2025-05-20 12:01:14 +0000,Cable Lateral Raise, 8,11.339822735890994,0.0,0.0,0.0,0.0,false,, 2.0
2025-05-20 12:01:14 +0000,Cable Lateral Raise, 7,11.339822735890994,0.0,0.0,0.0,0.0,false,, 2.0
2025-05-19 11:57:36 +0000,Deadlift, 10,20.41168092460379,0.0,0.0,0.0,0.0,true,, 1.0
2025-05-19 11:57:36 +0000,Deadlift, 10,61.235042773811365,0.0,0.0,0.0,0.0,true,, 1.0
2025-05-19 11:57:36 +0000,Deadlift, 3,92.98654643430615,0.0,0.0,0.0,0.0,true,, 1.0
2025-05-19 11:57:36 +0000,Deadlift, 1,111.13026281173174,0.0,0.0,0.0,0.0,false,, 1.0
2025-05-19 11:57:36 +0000,Deadlift, 1,124.73805009480093,0.0,0.0,0.0,0.0,false,, 1.0
2025-05-19 11:57:36 +0000,Deadlift, 1,136.07787283069192,0.0,0.0,0.0,0.0,false,, 1.0
2025-05-19 11:57:36 +0000,Deadlift, 1,142.88176647222653,0.0,0.0,0.0,0.0,false,, 1.0
2025-05-19 11:57:36 +0000,Deadlift, 1,151.9536246609393,0.0,0.0,0.0,0.0,false,, 1.0
2025-05-19 11:57:36 +0000,Seated Leg Curl, 8,108.86229826455354,0.0,0.0,0.0,0.0,false,, 1.0
2025-05-19 11:57:36 +0000,Seated Leg Curl, 8,108.86229826455354,0.0,0.0,0.0,0.0,false,, 1.0
2025-05-19 11:57:36 +0000,Seated Leg Curl, 8,108.86229826455354,0.0,0.0,0.0,0.0,false,, 1.0
2025-05-19 11:57:36 +0000,Leg Extension, 15,111.13026281173174,0.0,0.0,0.0,0.0,false,, 1.0
2025-05-19 11:57:36 +0000,Leg Extension, 15,111.13026281173174,0.0,0.0,0.0,0.0,false,, 1.0
2025-05-19 11:57:36 +0000,Leg Extension, 15,111.13026281173174,0.0,0.0,0.0,0.0,false,, 1.0
2025-05-19 11:57:36 +0000,Dumbbell Hip Thrust, 12,34.01946820767298,0.0,0.0,0.0,0.0,false,, 1.0
2025-05-19 11:57:36 +0000,Dumbbell Hip Thrust, 13,34.01946820767298,0.0,0.0,0.0,0.0,false,, 1.0
2025-05-19 11:57:36 +0000,Dumbbell Hip Thrust, 15,34.01946820767298,0.0,0.0,0.0,0.0,false,, 1.0
2025-05-19 11:57:36 +0000,Dumbbell Hip Thrust, 16,34.01946820767298,0.0,0.0,0.0,0.0,false,, 1.0
2025-05-19 11:57:36 +0000,Calf Raise, 16,0.0,0.0,0.0,0.0,0.0,false,, 1.0
2025-05-19 11:57:36 +0000,Calf Raise, 19,0.0,0.0,0.0,0.0,0.0,false,, 1.0
2025-05-19 11:57:36 +0000,Calf Raise, 30,0.0,0.0,0.0,0.0,0.0,false,, 1.0
2025-05-19 11:57:36 +0000,Calf Raise, 33,0.0,0.0,0.0,0.0,0.0,false,, 1.0
2025-05-19 11:57:36 +0000,Hanging Knee Raise, 10,0.0,0.0,0.0,0.0,0.0,false,, 1.0
2025-05-19 11:57:36 +0000,Hanging Knee Raise, 10,0.0,0.0,0.0,0.0,0.0,false,, 1.0
2025-05-19 11:57:36 +0000,Hanging Knee Raise, 10,0.0,0.0,0.0,0.0,0.0,false,, 1.0
2025-05-19 11:57:36 +0000,Hanging Knee Raise, 12,0.0,0.0,0.0,0.0,0.0,false,, 1.0
2025-05-17 11:53:14 +0000,Pull Up, 2,0.0,0.0,0.0,0.0,0.0,false,, 1.0
2025-05-17 11:53:14 +0000,Pull Up, 3,0.0,0.0,0.0,0.0,0.0,false,, 1.0
2025-05-17 11:53:14 +0000,Pull Up, 10,0.0,0.0,0.0,0.0,0.0,false,, 1.0
2025-05-17 11:53:14 +0000,Pull Up, 9,0.0,0.0,0.0,0.0,0.0,false,, 1.0
2025-05-17 11:53:14 +0000,Pull Up, 1,15.87575183024739,0.0,0.0,0.0,0.0,false,, 1.0
2025-05-17 11:53:14 +0000,Barbell Curl, 10,34.01946820767298,0.0,0.0,0.0,0.0,false,, 1.0
2025-05-17 11:53:14 +0000,Barbell Curl, 10,34.01946820767298,0.0,0.0,0.0,0.0,false,, 1.0
2025-05-17 11:53:14 +0000,Barbell Curl, 10,34.01946820767298,0.0,0.0,0.0,0.0,false,, 1.0
2025-05-17 11:53:14 +0000,Barbell Shrug, 6,74.84283005688056,0.0,0.0,0.0,0.0,false,, 1.0
2025-05-17 11:53:14 +0000,Barbell Shrug, 6,74.84283005688056,0.0,0.0,0.0,0.0,false,, 1.0
2025-05-17 11:53:14 +0000,Barbell Shrug, 6,74.84283005688056,0.0,0.0,0.0,0.0,false,, 1.0
2025-05-17 11:53:14 +0000,Barbell Shrug, 10,74.84283005688056,0.0,0.0,0.0,0.0,false,, 1.0
2025-05-17 11:53:14 +0000,Cable Row, 8,52.16318458509857,0.0,0.0,0.0,0.0,true,, 1.0
2025-05-17 11:53:14 +0000,Cable Row, 6,86.18265279277155,0.0,0.0,0.0,0.0,false,, 1.0
2025-05-17 11:53:14 +0000,Cable Row, 5,86.18265279277155,0.0,0.0,0.0,0.0,false,, 1.0
2025-05-17 11:53:14 +0000,Cable Row, 5,86.18265279277155,0.0,0.0,0.0,0.0,false,, 1.0
2025-05-17 11:53:14 +0000,Cable Bicep Curl, 8,29.483539113316585,0.0,0.0,0.0,0.0,false,, 1.0
2025-05-17 11:53:14 +0000,Cable Bicep Curl, 8,29.483539113316585,0.0,0.0,0.0,0.0,false,, 1.0
2025-05-17 11:53:14 +0000,Cable Bicep Curl, 10,29.483539113316585,0.0,0.0,0.0,0.0,false,, 1.0
2025-05-17 11:53:14 +0000,Dumbbell Row, 8,31.75150366049478,0.0,0.0,0.0,0.0,false,, 2.0
2025-05-17 11:53:14 +0000,Dumbbell Row, 8,31.75150366049478,0.0,0.0,0.0,0.0,false,, 2.0
2025-05-17 11:53:14 +0000,Dumbbell Row, 8,31.75150366049478,0.0,0.0,0.0,0.0,false,, 2.0
2025-05-17 11:53:14 +0000,Dumbbell Bicep Curl, 10,15.87575183024739,0.0,0.0,0.0,0.0,false,, 2.0
2025-05-17 11:53:14 +0000,Dumbbell Bicep Curl, 10,15.87575183024739,0.0,0.0,0.0,0.0,false,, 2.0
2025-05-17 11:53:14 +0000,Dumbbell Bicep Curl, 10,15.87575183024739,0.0,0.0,0.0,0.0,false,, 2.0
2025-05-17 11:53:14 +0000,Cable Crunch, 10,83.91468824559335,0.0,0.0,0.0,0.0,false,, 1.0
2025-05-17 11:53:14 +0000,Cable Crunch, 10,83.91468824559335,0.0,0.0,0.0,0.0,false,, 1.0
2025-05-16 12:25:15 +0000,Barbell Bench Press, 10,20.41168092460379,0.0,0.0,0.0,0.0,true,, 1.0
2025-05-16 12:25:15 +0000,Barbell Bench Press, 10,43.091326396385774,0.0,0.0,0.0,0.0,true,, 1.0
2025-05-16 12:25:15 +0000,Barbell Bench Press, 10,72.57486550970236,0.0,0.0,0.0,0.0,false,, 1.0
2025-05-16 12:25:15 +0000,Barbell Bench Press, 10,72.57486550970236,0.0,0.0,0.0,0.0,false,, 1.0
2025-05-16 12:25:15 +0000,Barbell Bench Press, 9,72.57486550970236,0.0,0.0,0.0,0.0,false,, 1.0
2025-05-16 12:25:15 +0000,Dumbbell Tricep Extension, 8,18.14371637742559,0.0,0.0,0.0,0.0,false,, 1.0
2025-05-16 12:25:15 +0000,Dumbbell Tricep Extension, 8,18.14371637742559,0.0,0.0,0.0,0.0,false,, 1.0
2025-05-16 12:25:15 +0000,Dumbbell Tricep Extension, 9,18.14371637742559,0.0,0.0,0.0,0.0,false,, 1.0
2025-05-16 12:25:15 +0000,Dumbbell Rear Delt Raise, 10,9.071858188712795,0.0,0.0,0.0,0.0,false,, 2.0
2025-05-16 12:25:15 +0000,Dumbbell Rear Delt Raise, 10,9.071858188712795,0.0,0.0,0.0,0.0,false,, 2.0
2025-05-16 12:25:15 +0000,Dumbbell Rear Delt Raise, 10,9.071858188712795,0.0,0.0,0.0,0.0,false,, 2.0
2025-05-16 12:25:15 +0000,Cable Lateral Raise, 6,11.339822735890994,0.0,0.0,0.0,0.0,false,, 2.0
2025-05-16 12:25:15 +0000,Cable Lateral Raise, 6,11.339822735890994,0.0,0.0,0.0,0.0,false,, 2.0
2025-05-16 12:25:15 +0000,Cable Lateral Raise, 6,11.339822735890994,0.0,0.0,0.0,0.0,false,, 2.0
2025-05-16 12:25:15 +0000,Cable Lateral Raise, 6,11.339822735890994,0.0,0.0,0.0,0.0,false,, 2.0
2025-05-16 12:25:15 +0000,Dumbbell Fly, 10,13.607787283069193,0.0,0.0,0.0,0.0,false,, 2.0
2025-05-16 12:25:15 +0000,Dumbbell Fly, 10,13.607787283069193,0.0,0.0,0.0,0.0,false,, 2.0
2025-05-16 12:25:15 +0000,Dumbbell Fly, 10,13.607787283069193,0.0,0.0,0.0,0.0,false,, 2.0
2025-05-16 12:25:15 +0000,Dumbbell Fly, 10,13.607787283069193,0.0,0.0,0.0,0.0,false,, 2.0
2025-05-16 12:25:15 +0000,Dip, 14,0.0,0.0,0.0,0.0,0.0,false,, 1.0
2025-05-16 12:25:15 +0000,Dip, 14,0.0,0.0,0.0,0.0,0.0,false,, 1.0
2025-05-16 12:25:15 +0000,Dip, 13,0.0,0.0,0.0,0.0,0.0,false,, 1.0
2025-05-16 12:25:15 +0000,Barbell Shoulder Press, 8,34.01946820767298,0.0,0.0,0.0,0.0,false,, 1.0
2025-05-16 12:25:15 +0000,Barbell Shoulder Press, 8,34.01946820767298,0.0,0.0,0.0,0.0,false,, 1.0
2025-05-16 12:25:15 +0000,Barbell Shoulder Press, 8,34.01946820767298,0.0,0.0,0.0,0.0,false,, 1.0
2025-05-16 12:25:15 +0000,Push Up, 15,0.0,0.0,0.0,0.0,0.0,false,, 1.0
2025-05-16 12:25:15 +0000,Push Up, 15,0.0,0.0,0.0,0.0,0.0,false,, 1.0
2025-05-16 12:25:15 +0000,Push Up, 15,0.0,0.0,0.0,0.0,0.0,false,, 1.0
2025-05-15 12:12:41 +0000,Back Squat, 8,72.57486550970236,0.0,0.0,0.0,0.0,true,, 1.0
2025-05-15 12:12:41 +0000,Back Squat, 3,108.86229826455354,0.0,0.0,0.0,0.0,true,, 1.0
2025-05-15 12:12:41 +0000,Back Squat, 3,113.39822735890993,0.0,0.0,0.0,0.0,false,, 1.0
2025-05-15 12:12:41 +0000,Back Squat, 3,113.39822735890993,0.0,0.0,0.0,0.0,false,, 1.0
2025-05-15 12:12:41 +0000,Back Squat, 1,113.39822735890993,0.0,0.0,0.0,0.0,false,, 1.0
2025-05-15 12:12:41 +0000,Leg Extension, 8,92.98654643430615,0.0,0.0,0.0,0.0,true,, 1.0
2025-05-15 12:12:41 +0000,Leg Extension, 15,111.13026281173174,0.0,0.0,0.0,0.0,false,, 1.0
2025-05-15 12:12:41 +0000,Leg Extension, 15,111.13026281173174,0.0,0.0,0.0,0.0,false,, 1.0
2025-05-15 12:12:41 +0000,Leg Extension, 15,111.13026281173174,0.0,0.0,0.0,0.0,false,, 1.0
2025-05-15 12:12:41 +0000,Seated Leg Curl, 8,65.77097186816776,0.0,0.0,0.0,0.0,true,, 1.0
2025-05-15 12:12:41 +0000,Seated Leg Curl, 8,108.86229826455354,0.0,0.0,0.0,0.0,false,, 1.0
2025-05-15 12:12:41 +0000,Seated Leg Curl, 8,108.86229826455354,0.0,0.0,0.0,0.0,false,, 1.0
2025-05-15 12:12:41 +0000,Seated Leg Curl, 8,108.86229826455354,0.0,0.0,0.0,0.0,false,, 1.0
2025-05-15 12:12:41 +0000,Crunches, 16,0.0,0.0,0.0,0.0,0.0,false,, 1.0
2025-05-15 12:12:41 +0000,Crunches, 16,0.0,0.0,0.0,0.0,0.0,false,, 1.0
2025-05-15 12:12:41 +0000,Crunches, 16,0.0,0.0,0.0,0.0,0.0,false,, 1.0
2025-05-15 12:12:41 +0000,Crunches, 16,0.0,0.0,0.0,0.0,0.0,false,, 1.0
2025-05-15 12:12:41 +0000,Romanian Deadlift, 5,49.895220037920375,0.0,0.0,0.0,0.0,true,, 1.0
2025-05-15 12:12:41 +0000,Romanian Deadlift, 10,79.37875915123695,0.0,0.0,0.0,0.0,false,, 1.0
2025-05-15 12:12:41 +0000,Romanian Deadlift, 10,79.37875915123695,0.0,0.0,0.0,0.0,false,, 1.0
2025-05-15 12:12:41 +0000,Romanian Deadlift, 10,83.91468824559335,0.0,0.0,0.0,0.0,false,, 1.0
2025-05-15 12:12:41 +0000,Romanian Deadlift, 10,83.91468824559335,0.0,0.0,0.0,0.0,false,, 1.0
2025-05-14 12:18:26 +0000,Pull Up, 9,0.0,0.0,0.0,0.0,0.0,false,, 1.0
2025-05-14 12:18:26 +0000,Pull Up, 9,0.0,0.0,0.0,0.0,0.0,false,, 1.0
2025-05-14 12:18:26 +0000,Pull Up, 9,0.0,0.0,0.0,0.0,0.0,false,, 1.0
2025-05-14 12:18:26 +0000,Pull Up, 8,0.0,0.0,0.0,0.0,0.0,false,, 1.0
2025-05-14 12:18:26 +0000,Dumbbell Shrug, 13,34.01946820767298,0.0,0.0,0.0,0.0,false,, 2.0
2025-05-14 12:18:26 +0000,Dumbbell Shrug, 13,34.01946820767298,0.0,0.0,0.0,0.0,false,, 2.0
2025-05-14 12:18:26 +0000,Dumbbell Shrug, 15,34.01946820767298,0.0,0.0,0.0,0.0,false,, 2.0
2025-05-14 12:18:26 +0000,Dumbbell Bicep Curl, 10,15.87575183024739,0.0,0.0,0.0,0.0,false,, 2.0
2025-05-14 12:18:26 +0000,Dumbbell Bicep Curl, 10,15.87575183024739,0.0,0.0,0.0,0.0,false,, 2.0
2025-05-14 12:18:26 +0000,Dumbbell Bicep Curl, 11,15.87575183024739,0.0,0.0,0.0,0.0,false,, 2.0
2025-05-14 12:18:26 +0000,Cable Row, 8,43.091326396385774,0.0,0.0,0.0,0.0,true,, 1.0
2025-05-14 12:18:26 +0000,Cable Row, 10,72.57486550970236,0.0,0.0,0.0,0.0,false,, 1.0
2025-05-14 12:18:26 +0000,Cable Row, 10,72.57486550970236,0.0,0.0,0.0,0.0,false,, 1.0
2025-05-14 12:18:26 +0000,Cable Row, 10,72.57486550970236,0.0,0.0,0.0,0.0,false,, 1.0
2025-05-14 12:18:26 +0000,EZ-Bar Curl, 8,31.75150366049478,0.0,0.0,0.0,0.0,false,, 1.0
2025-05-14 12:18:26 +0000,EZ-Bar Curl, 9,31.75150366049478,0.0,0.0,0.0,0.0,false,, 1.0
2025-05-14 12:18:26 +0000,EZ-Bar Curl, 9,31.75150366049478,0.0,0.0,0.0,0.0,false,, 1.0
2025-05-14 12:18:26 +0000,Cable Crunch, 8,56.69911367945497,0.0,0.0,0.0,0.0,false,, 1.0
2025-05-14 12:18:26 +0000,Cable Crunch, 8,68.03893641534596,0.0,0.0,0.0,0.0,false,, 1.0
2025-05-14 12:18:26 +0000,Cable Crunch, 10,81.64672369841516,0.0,0.0,0.0,0.0,false,, 1.0
2025-05-14 12:18:26 +0000,Cable Crunch, 10,81.64672369841516,0.0,0.0,0.0,0.0,false,, 1.0
2025-05-14 12:18:26 +0000,Incline Back Extension, 27,0.0,0.0,0.0,0.0,0.0,false,, 1.0
2025-05-14 12:18:26 +0000,Incline Back Extension, 27,0.0,0.0,0.0,0.0,0.0,false,, 1.0
2025-05-14 12:18:26 +0000,Incline Back Extension, 28,0.0,0.0,0.0,0.0,0.0,false,, 1.0
2025-05-13 12:30:27 +0000,Barbell Incline Bench Press, 8,43.091326396385774,0.0,0.0,0.0,0.0,true,, 1.0
2025-05-13 12:30:27 +0000,Barbell Incline Bench Press, 5,72.57486550970236,0.0,0.0,0.0,0.0,false,, 1.0
2025-05-13 12:30:27 +0000,Barbell Incline Bench Press, 5,72.57486550970236,0.0,0.0,0.0,0.0,false,, 1.0
2025-05-13 12:30:27 +0000,Barbell Incline Bench Press, 5,72.57486550970236,0.0,0.0,0.0,0.0,false,, 1.0
2025-05-13 12:30:27 +0000,Barbell Incline Bench Press, 5,72.57486550970236,0.0,0.0,0.0,0.0,false,, 1.0
2025-05-13 12:30:27 +0000,Barbell Incline Bench Press, 5,72.57486550970236,0.0,0.0,0.0,0.0,false,, 1.0
2025-05-13 12:30:27 +0000,Barbell Incline Bench Press, 5,72.57486550970236,0.0,0.0,0.0,0.0,false,, 1.0
2025-05-13 12:30:27 +0000,Skullcrusher, 7,31.75150366049478,0.0,0.0,0.0,0.0,false,, 1.0
2025-05-13 12:30:27 +0000,Skullcrusher, 7,31.75150366049478,0.0,0.0,0.0,0.0,false,, 1.0
2025-05-13 12:30:27 +0000,Skullcrusher, 7,31.75150366049478,0.0,0.0,0.0,0.0,false,, 1.0
2025-05-13 12:30:27 +0000,Skullcrusher, 7,31.75150366049478,0.0,0.0,0.0,0.0,false,, 1.0
2025-05-13 12:30:27 +0000,Skullcrusher, 7,31.75150366049478,0.0,0.0,0.0,0.0,false,, 1.0
2025-05-13 12:30:27 +0000,Dumbbell Rear Delt Raise, 10,9.071858188712795,0.0,0.0,0.0,0.0,false,, 2.0
2025-05-13 12:30:27 +0000,Dumbbell Rear Delt Raise, 10,9.071858188712795,0.0,0.0,0.0,0.0,false,, 2.0
2025-05-13 12:30:27 +0000,Dumbbell Rear Delt Raise, 10,9.071858188712795,0.0,0.0,0.0,0.0,false,, 2.0
2025-05-13 12:30:27 +0000,Dumbbell Rear Delt Raise, 10,9.071858188712795,0.0,0.0,0.0,0.0,false,, 2.0
2025-05-13 12:30:27 +0000,Dumbbell Rear Delt Raise, 10,9.071858188712795,0.0,0.0,0.0,0.0,false,, 2.0
2025-05-13 12:30:27 +0000,Dumbbell Shoulder Press, 10,13.607787283069193,0.0,0.0,0.0,0.0,false,, 2.0
2025-05-13 12:30:27 +0000,Dumbbell Shoulder Press, 10,13.607787283069193,0.0,0.0,0.0,0.0,false,, 2.0
2025-05-13 12:30:27 +0000,Dumbbell Shoulder Press, 12,13.607787283069193,0.0,0.0,0.0,0.0,false,, 2.0
2025-05-13 12:30:27 +0000,Dip, 10,0.0,0.0,0.0,0.0,0.0,false,, 1.0
2025-05-13 12:30:27 +0000,Dip, 10,0.0,0.0,0.0,0.0,0.0,false,, 1.0
2025-05-13 12:30:27 +0000,Dip, 11,0.0,0.0,0.0,0.0,0.0,false,, 1.0
2025-05-13 12:30:27 +0000,Cable Lateral Raise, 7,11.339822735890994,0.0,0.0,0.0,0.0,false,, 2.0
2025-05-13 12:30:27 +0000,Cable Lateral Raise, 7,11.339822735890994,0.0,0.0,0.0,0.0,false,, 2.0
2025-05-13 12:30:27 +0000,Cable Lateral Raise, 7,11.339822735890994,0.0,0.0,0.0,0.0,false,, 2.0
2025-05-13 12:30:27 +0000,Tricep Push Up, 13,0.0,0.0,0.0,0.0,0.0,false,, 1.0
2025-05-13 12:30:27 +0000,Tricep Push Up, 14,0.0,0.0,0.0,0.0,0.0,false,, 1.0
2025-05-13 12:30:27 +0000,Tricep Push Up, 14,0.0,0.0,0.0,0.0,0.0,false,, 1.0
2025-05-12 12:11:20 +0000,Back Squat, 8,74.84283005688056,0.0,0.0,0.0,0.0,true,, 1.0
2025-05-12 12:11:20 +0000,Back Squat, 1,113.39822735890993,0.0,0.0,0.0,0.0,true,, 1.0
2025-05-12 12:11:20 +0000,Seated Leg Curl, 8,63.50300732098956,0.0,0.0,0.0,0.0,true,, 1.0
2025-05-12 12:11:20 +0000,Seated Leg Curl, 3,95.25451098148434,0.0,0.0,0.0,0.0,true,, 1.0
2025-05-12 12:11:20 +0000,Seated Leg Curl, 8,106.59433371737533,0.0,0.0,0.0,0.0,false,, 1.0
2025-05-12 12:11:20 +0000,Seated Leg Curl, 8,106.59433371737533,0.0,0.0,0.0,0.0,false,, 1.0
2025-05-12 12:11:20 +0000,Seated Leg Curl, 8,106.59433371737533,0.0,0.0,0.0,0.0,false,, 1.0
2025-05-12 12:11:20 +0000,Single Leg Leg Extension, 8,18.14371637742559,0.0,0.0,0.0,0.0,true,, 2.0
2025-05-12 12:11:20 +0000,Single Leg Leg Extension, 8,36.28743275485118,0.0,0.0,0.0,0.0,false,, 2.0
2025-05-12 12:11:20 +0000,Single Leg Leg Extension, 6,68.03893641534596,0.0,0.0,0.0,0.0,false,, 2.0
2025-05-12 12:11:20 +0000,Single Leg Leg Extension, 6,68.03893641534596,0.0,0.0,0.0,0.0,false,, 2.0
2025-05-12 12:11:20 +0000,Single Leg Leg Extension, 6,68.03893641534596,0.0,0.0,0.0,0.0,false,, 2.0
2025-05-12 12:11:20 +0000,Dumbbell Romanian Deadlift, 10,34.01946820767298,0.0,0.0,0.0,0.0,false,, 2.0
2025-05-12 12:11:20 +0000,Dumbbell Romanian Deadlift, 10,34.01946820767298,0.0,0.0,0.0,0.0,false,, 2.0
2025-05-12 12:11:20 +0000,Dumbbell Romanian Deadlift, 11,34.01946820767298,0.0,0.0,0.0,0.0,false,, 2.0
2025-05-12 12:11:20 +0000,Dumbbell Romanian Deadlift, 12,34.01946820767298,0.0,0.0,0.0,0.0,false,, 2.0
2025-05-12 12:11:20 +0000,Dumbbell Lunge, 3,34.01946820767298,0.0,0.0,0.0,0.0,false,, 4.0
2025-05-12 12:11:20 +0000,Dumbbell Lunge, 3,34.01946820767298,0.0,0.0,0.0,0.0,false,, 4.0
2025-05-12 12:11:20 +0000,Dumbbell Lunge, 3,34.01946820767298,0.0,0.0,0.0,0.0,false,, 4.0
2025-05-12 12:11:20 +0000,Dumbbell Lunge, 3,34.01946820767298,0.0,0.0,0.0,0.0,false,, 4.0
2025-05-12 12:11:20 +0000,Plank, 0,0.0,39.0,0.0,0.0,0.0,false,, 0.0
2025-05-12 12:11:20 +0000,Plank, 0,0.0,48.0,0.0,0.0,0.0,false,, 0.0
2025-05-12 12:11:20 +0000,Plank, 0,0.0,56.0,0.0,0.0,0.0,false,, 0.0
2025-05-12 12:11:20 +0000,Plank, 0,0.0,93.0,0.0,0.0,0.0,false,, 0.0
2025-05-09 12:48:06 +0000,Pull Up, 2,0.0,0.0,0.0,0.0,0.0,false,, 1.0
2025-05-09 12:48:06 +0000,Pull Up, 2,0.0,0.0,0.0,0.0,0.0,false,, 1.0
2025-05-09 12:48:06 +0000,Pull Up, 13,0.0,0.0,0.0,0.0,0.0,false,, 1.0
2025-05-09 12:48:06 +0000,Pull Up, 8,4.535929094356398,0.0,0.0,0.0,0.0,false,, 1.0
2025-05-09 12:48:06 +0000,Pull Up, 4,11.339822735890994,0.0,0.0,0.0,0.0,false,, 1.0
2025-05-09 12:48:06 +0000,Walking - Treadmill, 0,0.0,480.0,450.61632000000003,5.0,0.0,false,, 0.0
2025-05-08 12:10:17 +0000,Barbell Bench Press, 10,20.41168092460379,0.0,0.0,0.0,0.0,true,, 1.0
2025-05-08 12:10:17 +0000,Barbell Bench Press, 6,43.091326396385774,0.0,0.0,0.0,0.0,true,, 1.0
2025-05-08 12:10:17 +0000,Barbell Bench Press, 3,61.235042773811365,0.0,0.0,0.0,0.0,true,, 1.0
2025-05-08 12:10:17 +0000,Barbell Bench Press, 5,83.91468824559335,0.0,0.0,0.0,0.0,false,, 1.0
2025-05-08 12:10:17 +0000,Barbell Bench Press, 5,83.91468824559335,0.0,0.0,0.0,0.0,false,, 1.0
2025-05-08 12:10:17 +0000,Barbell Bench Press, 4,83.91468824559335,0.0,0.0,0.0,0.0,false,, 1.0
2025-05-08 12:10:17 +0000,Barbell Bench Press, 3,83.91468824559335,0.0,0.0,0.0,0.0,false,, 1.0
2025-05-08 12:10:17 +0000,Dumbbell Back Fly, 10,6.8038936415345965,0.0,0.0,0.0,0.0,false,, 2.0
2025-05-08 12:10:17 +0000,Dumbbell Back Fly, 10,6.8038936415345965,0.0,0.0,0.0,0.0,false,, 2.0
2025-05-08 12:10:17 +0000,Dumbbell Back Fly, 10,6.8038936415345965,0.0,0.0,0.0,0.0,false,, 2.0
2025-05-08 12:10:17 +0000,Dumbbell Front Raise, 12,6.8038936415345965,0.0,0.0,0.0,0.0,false,, 2.0
2025-05-08 12:10:17 +0000,Dumbbell Front Raise, 12,6.8038936415345965,0.0,0.0,0.0,0.0,false,, 2.0
2025-05-08 12:10:17 +0000,Dumbbell Front Raise, 12,6.8038936415345965,0.0,0.0,0.0,0.0,false,, 2.0
2025-05-08 12:10:17 +0000,Cable Rope Tricep Extension, 8,22.67964547178199,0.0,0.0,0.0,0.0,true,, 1.0
2025-05-08 12:10:17 +0000,Cable Rope Tricep Extension, 8,36.28743275485118,0.0,0.0,0.0,0.0,false,, 1.0
2025-05-08 12:10:17 +0000,Cable Rope Tricep Extension, 8,36.28743275485118,0.0,0.0,0.0,0.0,false,, 1.0
2025-05-08 12:10:17 +0000,Cable Rope Tricep Extension, 10,36.28743275485118,0.0,0.0,0.0,0.0,false,, 1.0
2025-05-08 12:10:17 +0000,Push Up, 16,0.0,0.0,0.0,0.0,0.0,false,, 1.0
2025-05-08 12:10:17 +0000,Push Up, 16,0.0,0.0,0.0,0.0,0.0,false,, 1.0
2025-05-08 12:10:17 +0000,Push Up, 16,0.0,0.0,0.0,0.0,0.0,false,, 1.0
2025-05-08 12:10:17 +0000,Push Up, 18,0.0,0.0,0.0,0.0,0.0,false,, 1.0
2025-05-08 12:10:17 +0000,Bicycle Crunch, 20,0.0,0.0,0.0,0.0,0.0,false,, 2.0
2025-05-08 12:10:17 +0000,Bicycle Crunch, 20,0.0,0.0,0.0,0.0,0.0,false,, 2.0
2025-05-08 12:10:17 +0000,Bicycle Crunch, 21,0.0,0.0,0.0,0.0,0.0,false,, 2.0
2025-05-08 12:10:17 +0000,Dip, 10,0.0,0.0,0.0,0.0,0.0,false,, 1.0
2025-05-08 12:10:17 +0000,Dip, 10,0.0,0.0,0.0,0.0,0.0,false,, 1.0
2025-05-08 12:10:17 +0000,Dip, 10,0.0,0.0,0.0,0.0,0.0,false,, 1.0
2025-05-07 12:16:23 +0000,Back Squat, 10,20.41168092460379,0.0,0.0,0.0,0.0,true,, 1.0
2025-05-07 12:16:23 +0000,Back Squat, 8,52.16318458509857,0.0,0.0,0.0,0.0,true,, 1.0
2025-05-07 12:16:23 +0000,Back Squat, 10,86.18265279277155,0.0,0.0,0.0,0.0,false,, 1.0
2025-05-07 12:16:23 +0000,Back Squat, 10,86.18265279277155,0.0,0.0,0.0,0.0,false,, 1.0
2025-05-07 12:16:23 +0000,Back Squat, 10,86.18265279277155,0.0,0.0,0.0,0.0,false,, 1.0
2025-05-07 12:16:23 +0000,Back Squat, 14,86.18265279277155,0.0,0.0,0.0,0.0,false,, 1.0
2025-05-07 12:16:23 +0000,Deadlift, 10,20.41168092460379,0.0,0.0,0.0,0.0,true,, 1.0
2025-05-07 12:16:23 +0000,Deadlift, 8,52.16318458509857,0.0,0.0,0.0,0.0,true,, 1.0
2025-05-07 12:16:23 +0000,Deadlift, 3,83.91468824559335,0.0,0.0,0.0,0.0,true,, 1.0
2025-05-07 12:16:23 +0000,Deadlift, 10,95.25451098148434,0.0,0.0,0.0,0.0,false,, 1.0
2025-05-07 12:16:23 +0000,Deadlift, 10,95.25451098148434,0.0,0.0,0.0,0.0,false,, 1.0
2025-05-07 12:16:23 +0000,Deadlift, 10,95.25451098148434,0.0,0.0,0.0,0.0,false,, 1.0
2025-05-07 12:16:23 +0000,Side Leg Hip Circle, 8,0.0,0.0,0.0,0.0,0.0,false,, 2.0
2025-05-07 12:16:23 +0000,Side Leg Hip Circle, 8,0.0,0.0,0.0,0.0,0.0,false,, 2.0
2025-05-07 12:16:23 +0000,Side Leg Hip Circle, 8,0.0,0.0,0.0,0.0,0.0,false,, 2.0
2025-05-07 12:16:23 +0000,Side Leg Hip Circle, 8,0.0,0.0,0.0,0.0,0.0,false,, 2.0
2025-05-07 12:16:23 +0000,Side Leg Hip Circle, 8,0.0,0.0,0.0,0.0,0.0,false,, 2.0
2025-05-07 12:16:23 +0000,Side Leg Hip Circle, 8,0.0,0.0,0.0,0.0,0.0,false,, 2.0
2025-05-07 12:16:23 +0000,Walking - Treadmill, 0,0.0,420.0,498.89664,0.0,0.0,false,, 0.0
2025-05-06 12:21:49 +0000,Lat Pulldown, 8,45.35929094356398,0.0,0.0,0.0,0.0,true,, 1.0
2025-05-06 12:21:49 +0000,Lat Pulldown, 5,74.84283005688056,0.0,0.0,0.0,0.0,false,, 1.0
2025-05-06 12:21:49 +0000,Lat Pulldown, 5,74.84283005688056,0.0,0.0,0.0,0.0,false,, 1.0
2025-05-06 12:21:49 +0000,Lat Pulldown, 5,74.84283005688056,0.0,0.0,0.0,0.0,false,, 1.0
2025-05-06 12:21:49 +0000,Lat Pulldown, 5,74.84283005688056,0.0,0.0,0.0,0.0,false,, 1.0
2025-05-06 12:21:49 +0000,Lat Pulldown, 7,74.84283005688056,0.0,0.0,0.0,0.0,false,, 1.0
2025-05-06 12:21:49 +0000,Barbell Curl, 8,20.41168092460379,0.0,0.0,0.0,0.0,true,, 1.0
2025-05-06 12:21:49 +0000,Barbell Curl, 6,36.28743275485118,0.0,0.0,0.0,0.0,false,, 1.0
2025-05-06 12:21:49 +0000,Barbell Curl, 6,36.28743275485118,0.0,0.0,0.0,0.0,false,, 1.0
2025-05-06 12:21:49 +0000,Barbell Curl, 6,36.28743275485118,0.0,0.0,0.0,0.0,false,, 1.0
2025-05-06 12:21:49 +0000,Barbell Curl, 7,36.28743275485118,0.0,0.0,0.0,0.0,false,, 1.0
2025-05-06 12:21:49 +0000,Upright Row, 8,36.28743275485118,0.0,0.0,0.0,0.0,false,, 1.0
2025-05-06 12:21:49 +0000,Upright Row, 8,36.28743275485118,0.0,0.0,0.0,0.0,false,, 1.0
2025-05-06 12:21:49 +0000,Upright Row, 8,36.28743275485118,0.0,0.0,0.0,0.0,false,, 1.0
2025-05-06 12:21:49 +0000,Upright Row, 8,36.28743275485118,0.0,0.0,0.0,0.0,false,, 1.0
2025-05-06 12:21:49 +0000,Upright Row, 10,36.28743275485118,0.0,0.0,0.0,0.0,false,, 1.0
2025-05-06 12:21:49 +0000,Dumbbell Row, 8,20.41168092460379,0.0,0.0,0.0,0.0,true,, 2.0
2025-05-06 12:21:49 +0000,Dumbbell Row, 6,34.01946820767298,0.0,0.0,0.0,0.0,false,, 2.0
2025-05-06 12:21:49 +0000,Dumbbell Row, 6,34.01946820767298,0.0,0.0,0.0,0.0,false,, 2.0
2025-05-06 12:21:49 +0000,Dumbbell Row, 7,34.01946820767298,0.0,0.0,0.0,0.0,false,, 2.0
2025-05-06 12:21:49 +0000,Dumbbell Bicep Curl, 10,15.87575183024739,0.0,0.0,0.0,0.0,false,, 2.0
2025-05-06 12:21:49 +0000,Dumbbell Bicep Curl, 9,15.87575183024739,0.0,0.0,0.0,0.0,false,, 2.0
2025-05-06 12:21:49 +0000,Dumbbell Bicep Curl, 10,15.87575183024739,0.0,0.0,0.0,0.0,false,, 2.0
2025-05-06 12:21:49 +0000,Dumbbell Bicep Curl, 9,15.87575183024739,0.0,0.0,0.0,0.0,false,, 2.0
2025-05-05 12:12:00 +0000,Dumbbell Bench Press, 8,20.41168092460379,0.0,0.0,0.0,0.0,true,, 2.0
2025-05-05 12:12:00 +0000,Dumbbell Bench Press, 10,34.01946820767298,0.0,0.0,0.0,0.0,false,, 2.0
2025-05-05 12:12:00 +0000,Dumbbell Bench Press, 10,34.01946820767298,0.0,0.0,0.0,0.0,false,, 2.0
2025-05-05 12:12:00 +0000,Dumbbell Bench Press, 9,34.01946820767298,0.0,0.0,0.0,0.0,false,, 2.0
2025-05-05 12:12:00 +0000,Dumbbell Skullcrusher, 10,9.071858188712795,0.0,0.0,0.0,0.0,false,, 2.0
2025-05-05 12:12:00 +0000,Dumbbell Skullcrusher, 10,9.071858188712795,0.0,0.0,0.0,0.0,false,, 2.0
2025-05-05 12:12:00 +0000,Dumbbell Skullcrusher, 10,9.071858188712795,0.0,0.0,0.0,0.0,false,, 2.0
2025-05-05 12:12:00 +0000,Dumbbell Skullcrusher, 10,9.071858188712795,0.0,0.0,0.0,0.0,false,, 2.0
2025-05-05 12:12:00 +0000,Dumbbell Lateral Raise, 10,6.8038936415345965,0.0,0.0,0.0,0.0,false,, 2.0
2025-05-05 12:12:00 +0000,Dumbbell Lateral Raise, 10,6.8038936415345965,0.0,0.0,0.0,0.0,false,, 2.0
2025-05-05 12:12:00 +0000,Dumbbell Lateral Raise, 10,6.8038936415345965,0.0,0.0,0.0,0.0,false,, 2.0
2025-05-05 12:12:00 +0000,Dumbbell Lateral Raise, 10,6.8038936415345965,0.0,0.0,0.0,0.0,false,, 2.0
2025-05-05 12:12:00 +0000,Tricep Push Up, 13,0.0,0.0,0.0,0.0,0.0,false,, 1.0
2025-05-05 12:12:00 +0000,Tricep Push Up, 13,0.0,0.0,0.0,0.0,0.0,false,, 1.0
2025-05-05 12:12:00 +0000,Tricep Push Up, 13,0.0,0.0,0.0,0.0,0.0,false,, 1.0
2025-05-05 12:12:00 +0000,Tricep Push Up, 15,0.0,0.0,0.0,0.0,0.0,false,, 1.0
2025-05-05 12:12:00 +0000,Dumbbell Fly, 10,13.607787283069193,0.0,0.0,0.0,0.0,false,, 2.0
2025-05-05 12:12:00 +0000,Dumbbell Fly, 10,13.607787283069193,0.0,0.0,0.0,0.0,false,, 2.0
2025-05-05 12:12:00 +0000,Dumbbell Fly, 10,13.607787283069193,0.0,0.0,0.0,0.0,false,, 2.0
2025-05-05 12:12:00 +0000,Dumbbell Fly, 11,13.607787283069193,0.0,0.0,0.0,0.0,false,, 2.0
2025-05-05 12:12:00 +0000,Bench Dip, 21,0.0,0.0,0.0,0.0,0.0,false,, 1.0
2025-05-05 12:12:00 +0000,Bench Dip, 21,0.0,0.0,0.0,0.0,0.0,false,, 1.0
2025-05-05 12:12:00 +0000,Bench Dip, 21,0.0,0.0,0.0,0.0,0.0,false,, 1.0
2025-05-05 12:12:00 +0000,Bench Dip, 22,0.0,0.0,0.0,0.0,0.0,false,, 1.0
2025-05-05 12:12:00 +0000,Walking - Treadmill, 0,0.0,300.0,418.42944,15.0,0.0,false,, 0.0
2025-05-03 11:47:45 +0000,Leg Extension, 8,77.11079460405875,0.0,0.0,0.0,0.0,true,, 1.0
2025-05-03 11:47:45 +0000,Leg Extension, 3,102.05840462301894,0.0,0.0,0.0,0.0,true,, 1.0
2025-05-03 11:47:45 +0000,Leg Extension, 14,111.13026281173174,0.0,0.0,0.0,0.0,false,, 1.0
2025-05-03 11:47:45 +0000,Leg Extension, 14,111.13026281173174,0.0,0.0,0.0,0.0,false,, 1.0
2025-05-03 11:47:45 +0000,Leg Extension, 15,111.13026281173174,0.0,0.0,0.0,0.0,false,, 1.0
2025-05-03 11:47:45 +0000,Seated Leg Curl, 8,70.30690096252415,0.0,0.0,0.0,0.0,true,, 1.0
2025-05-03 11:47:45 +0000,Seated Leg Curl, 3,92.98654643430615,0.0,0.0,0.0,0.0,true,, 1.0
2025-05-03 11:47:45 +0000,Seated Leg Curl, 6,111.13026281173174,0.0,0.0,0.0,0.0,false,, 1.0
2025-05-03 11:47:45 +0000,Seated Leg Curl, 6,111.13026281173174,0.0,0.0,0.0,0.0,false,, 1.0
2025-05-03 11:47:45 +0000,Seated Leg Curl, 6,111.13026281173174,0.0,0.0,0.0,0.0,false,, 1.0
2025-05-03 11:47:45 +0000,Dumbbell Glute Bridge, 0,13.607787283069193,15.0,0.0,0.0,0.0,false,, 0.0
2025-05-03 11:47:45 +0000,Dumbbell Glute Bridge, 0,13.607787283069193,15.0,0.0,0.0,0.0,false,, 0.0
2025-05-03 11:47:45 +0000,Dumbbell Glute Bridge, 0,13.607787283069193,30.0,0.0,0.0,0.0,false,, 0.0
2025-05-03 11:47:45 +0000,Dumbbell Glute Bridge, 0,13.607787283069193,45.0,0.0,0.0,0.0,false,, 0.0
2025-05-03 11:47:45 +0000,Single Leg Romanian Deadlift, 6,15.87575183024739,0.0,0.0,0.0,0.0,false,, 4.0
2025-05-03 11:47:45 +0000,Single Leg Romanian Deadlift, 6,15.87575183024739,0.0,0.0,0.0,0.0,false,, 4.0
2025-05-03 11:47:45 +0000,Single Leg Romanian Deadlift, 6,15.87575183024739,0.0,0.0,0.0,0.0,false,, 4.0
2025-05-03 11:47:45 +0000,Machine Leg Press, 8,58.96707822663317,0.0,0.0,0.0,0.0,true,, 1.0
2025-05-03 11:47:45 +0000,Machine Leg Press, 7,92.98654643430615,0.0,0.0,0.0,0.0,false,, 1.0
2025-05-03 11:47:45 +0000,Machine Leg Press, 7,92.98654643430615,0.0,0.0,0.0,0.0,false,, 1.0
2025-05-03 11:47:45 +0000,Machine Leg Press, 7,92.98654643430615,0.0,0.0,0.0,0.0,false,, 1.0
2025-05-03 11:47:45 +0000,Machine Leg Press, 7,92.98654643430615,0.0,0.0,0.0,0.0,false,, 1.0
2025-05-03 11:47:45 +0000,Scissor Crossover Kick, 24,0.0,0.0,0.0,0.0,0.0,false,, 2.0
2025-05-03 11:47:45 +0000,Scissor Crossover Kick, 24,0.0,0.0,0.0,0.0,0.0,false,, 2.0
2025-05-03 11:47:45 +0000,Scissor Crossover Kick, 24,0.0,0.0,0.0,0.0,0.0,false,, 2.0
2025-05-03 11:47:45 +0000,Scissor Crossover Kick, 27,0.0,0.0,0.0,0.0,0.0,false,, 2.0
2025-05-03 11:47:45 +0000,Single Leg Standing Calf Raise, 12,0.0,0.0,0.0,0.0,0.0,false,, 2.0
2025-05-03 11:47:45 +0000,Single Leg Standing Calf Raise, 13,0.0,0.0,0.0,0.0,0.0,false,, 2.0
2025-05-03 11:47:45 +0000,Single Leg Standing Calf Raise, 14,0.0,0.0,0.0,0.0,0.0,false,, 2.0
2025-05-03 11:47:45 +0000,Single Leg Standing Calf Raise, 15,0.0,0.0,0.0,0.0,0.0,false,, 2.0
2025-05-03 11:47:45 +0000,Walking - Treadmill, 0,0.0,360.0,531.08352,15.0,0.0,false,, 0.0
2025-05-02 11:59:44 +0000,Pull Up, 9,0.0,0.0,0.0,0.0,0.0,false,, 1.0
2025-05-02 11:59:44 +0000,Pull Up, 9,0.0,0.0,0.0,0.0,0.0,false,, 1.0
2025-05-02 11:59:44 +0000,Pull Up, 9,0.0,0.0,0.0,0.0,0.0,false,, 1.0
2025-05-02 11:59:44 +0000,Pull Up, 9,0.0,0.0,0.0,0.0,0.0,false,, 1.0
2025-05-02 11:59:44 +0000,Dumbbell Upright Row, 10,15.87575183024739,0.0,0.0,0.0,0.0,false,, 2.0
2025-05-02 11:59:44 +0000,Dumbbell Upright Row, 10,15.87575183024739,0.0,0.0,0.0,0.0,false,, 2.0
2025-05-02 11:59:44 +0000,Dumbbell Upright Row, 10,15.87575183024739,0.0,0.0,0.0,0.0,false,, 2.0
2025-05-02 11:59:44 +0000,Dumbbell Upright Row, 10,15.87575183024739,0.0,0.0,0.0,0.0,false,, 2.0
2025-05-02 11:59:44 +0000,Dumbbell Bicep Curl, 10,15.87575183024739,0.0,0.0,0.0,0.0,false,, 2.0
2025-05-02 11:59:44 +0000,Dumbbell Bicep Curl, 10,15.87575183024739,0.0,0.0,0.0,0.0,false,, 2.0
2025-05-02 11:59:44 +0000,Dumbbell Bicep Curl, 10,15.87575183024739,0.0,0.0,0.0,0.0,false,, 2.0
2025-05-02 11:59:44 +0000,Shotgun Row, 8,20.41168092460379,0.0,0.0,0.0,0.0,true,, 2.0
2025-05-02 11:59:44 +0000,Shotgun Row, 8,34.01946820767298,0.0,0.0,0.0,0.0,false,, 2.0
2025-05-02 11:59:44 +0000,Shotgun Row, 8,34.01946820767298,0.0,0.0,0.0,0.0,false,, 2.0
2025-05-02 11:59:44 +0000,Shotgun Row, 10,34.01946820767298,0.0,0.0,0.0,0.0,false,, 2.0
2025-05-02 11:59:44 +0000,Hammer Curls, 6,15.87575183024739,0.0,0.0,0.0,0.0,false,, 2.0
2025-05-02 11:59:44 +0000,Hammer Curls, 6,15.87575183024739,0.0,0.0,0.0,0.0,false,, 2.0
2025-05-02 11:59:44 +0000,Hammer Curls, 6,15.87575183024739,0.0,0.0,0.0,0.0,false,, 2.0
2025-05-02 11:59:44 +0000,Leg Raise, 15,0.0,0.0,0.0,0.0,0.0,false,, 1.0
2025-05-02 11:59:44 +0000,Leg Raise, 15,0.0,0.0,0.0,0.0,0.0,false,, 1.0
2025-05-02 11:59:44 +0000,Leg Raise, 17,0.0,0.0,0.0,0.0,0.0,false,, 1.0
2025-05-01 12:00:34 +0000,Dumbbell Bench Press, 8,20.41168092460379,0.0,0.0,0.0,0.0,true,, 2.0
2025-05-01 12:00:34 +0000,Dumbbell Bench Press, 10,34.01946820767298,0.0,0.0,0.0,0.0,false,, 2.0
2025-05-01 12:00:34 +0000,Dumbbell Bench Press, 10,34.01946820767298,0.0,0.0,0.0,0.0,false,, 2.0
2025-05-01 12:00:34 +0000,Dumbbell Bench Press, 8,34.01946820767298,0.0,0.0,0.0,0.0,false,, 2.0
2025-05-01 12:00:34 +0000,Dumbbell Bench Press, 7,34.01946820767298,0.0,0.0,0.0,0.0,false,, 2.0
2025-05-01 12:00:34 +0000,Dip, 5,0.0,0.0,0.0,0.0,0.0,false,, 1.0
2025-05-01 12:00:34 +0000,Dip, 7,0.0,0.0,0.0,0.0,0.0,false,, 1.0
2025-05-01 12:00:34 +0000,Dip, 16,0.0,0.0,0.0,0.0,0.0,false,, 1.0
2025-05-01 12:00:34 +0000,Dip, 13,0.0,0.0,0.0,0.0,0.0,false,, 1.0
2025-05-01 12:00:34 +0000,Dumbbell Rear Delt Raise, 8,9.071858188712795,0.0,0.0,0.0,0.0,false,, 2.0
2025-05-01 12:00:34 +0000,Dumbbell Rear Delt Raise, 8,9.071858188712795,0.0,0.0,0.0,0.0,false,, 2.0
2025-05-01 12:00:34 +0000,Dumbbell Rear Delt Raise, 8,9.071858188712795,0.0,0.0,0.0,0.0,false,, 2.0
2025-05-01 12:00:34 +0000,Dumbbell Rear Delt Raise, 8,9.071858188712795,0.0,0.0,0.0,0.0,false,, 2.0
2025-05-01 12:00:34 +0000,Dumbbell Rear Delt Raise, 9,9.071858188712795,0.0,0.0,0.0,0.0,false,, 2.0
2025-05-01 12:00:34 +0000,Cable One Arm Underhand Tricep Extension, 6,13.607787283069193,0.0,0.0,0.0,0.0,false,, 2.0
2025-05-01 12:00:34 +0000,Cable One Arm Underhand Tricep Extension, 6,15.87575183024739,0.0,0.0,0.0,0.0,false,, 2.0
2025-05-01 12:00:34 +0000,Cable One Arm Underhand Tricep Extension, 8,15.87575183024739,0.0,0.0,0.0,0.0,false,, 2.0
2025-05-01 12:00:34 +0000,Dumbbell Front Raise, 11,6.8038936415345965,0.0,0.0,0.0,0.0,false,, 2.0
2025-05-01 12:00:34 +0000,Dumbbell Front Raise, 11,6.8038936415345965,0.0,0.0,0.0,0.0,false,, 2.0
2025-05-01 12:00:34 +0000,Dumbbell Front Raise, 11,6.8038936415345965,0.0,0.0,0.0,0.0,false,, 2.0
2025-05-01 12:00:34 +0000,Push Up, 14,0.0,0.0,0.0,0.0,0.0,false,, 1.0
2025-05-01 12:00:34 +0000,Push Up, 14,0.0,0.0,0.0,0.0,0.0,false,, 1.0
2025-05-01 12:00:34 +0000,Push Up, 14,0.0,0.0,0.0,0.0,0.0,false,, 1.0
2025-05-01 12:00:34 +0000,Push Up, 14,0.0,0.0,0.0,0.0,0.0,false,, 1.0
2025-05-01 12:00:34 +0000,Push Up, 14,0.0,0.0,0.0,0.0,0.0,false,, 1.0
2025-04-30 12:15:12 +0000,Seated Leg Curl, 10,92.98654643430615,0.0,0.0,0.0,0.0,false,, 1.0
2025-04-30 12:15:12 +0000,Seated Leg Curl, 10,92.98654643430615,0.0,0.0,0.0,0.0,false,, 1.0
2025-04-30 12:15:12 +0000,Seated Leg Curl, 10,92.98654643430615,0.0,0.0,0.0,0.0,false,, 1.0
2025-04-30 12:15:12 +0000,Seated Leg Curl, 11,92.98654643430615,0.0,0.0,0.0,0.0,false,, 1.0
2025-04-30 12:15:12 +0000,Seated Leg Curl, 12,92.98654643430615,0.0,0.0,0.0,0.0,false,, 1.0
2025-04-30 12:15:12 +0000,Front Squat, 10,20.41168092460379,0.0,0.0,0.0,0.0,true,, 1.0
2025-04-30 12:15:12 +0000,Front Squat, 5,40.82336184920758,0.0,0.0,0.0,0.0,true,, 1.0
2025-04-30 12:15:12 +0000,Front Squat, 10,61.235042773811365,0.0,0.0,0.0,0.0,false,, 1.0
2025-04-30 12:15:12 +0000,Front Squat, 10,61.235042773811365,0.0,0.0,0.0,0.0,false,, 1.0
2025-04-30 12:15:12 +0000,Front Squat, 12,61.235042773811365,0.0,0.0,0.0,0.0,false,, 1.0
2025-04-30 12:15:12 +0000,Jump Squat, 7,0.0,0.0,0.0,0.0,0.0,false,, 1.0
2025-04-30 12:15:12 +0000,Jump Squat, 7,0.0,0.0,0.0,0.0,0.0,false,, 1.0
2025-04-30 12:15:12 +0000,Jump Squat, 7,0.0,0.0,0.0,0.0,0.0,false,, 1.0
2025-04-30 12:15:12 +0000,Jump Squat, 12,0.0,0.0,0.0,0.0,0.0,false,, 1.0
2025-04-30 12:15:12 +0000,Dumbbell Romanian Deadlift, 8,20.41168092460379,0.0,0.0,0.0,0.0,true,, 2.0
2025-04-30 12:15:12 +0000,Dumbbell Romanian Deadlift, 10,34.01946820767298,0.0,0.0,0.0,0.0,false,, 2.0
2025-04-30 12:15:12 +0000,Dumbbell Romanian Deadlift, 10,34.01946820767298,0.0,0.0,0.0,0.0,false,, 2.0
2025-04-30 12:15:12 +0000,Dumbbell Romanian Deadlift, 12,34.01946820767298,0.0,0.0,0.0,0.0,false,, 2.0
2025-04-30 12:15:12 +0000,Dumbbell Hip Thrust, 10,34.01946820767298,0.0,0.0,0.0,0.0,false,, 1.0
2025-04-30 12:15:12 +0000,Dumbbell Hip Thrust, 10,34.01946820767298,0.0,0.0,0.0,0.0,false,, 1.0
2025-04-30 12:15:12 +0000,Dumbbell Hip Thrust, 10,34.01946820767298,0.0,0.0,0.0,0.0,false,, 1.0
2025-04-30 12:15:12 +0000,Dumbbell Hip Thrust, 12,34.01946820767298,0.0,0.0,0.0,0.0,false,, 1.0
2025-04-30 12:15:12 +0000,Russian Twist, 15,11.339822735890994,0.0,0.0,0.0,0.0,false,, 2.0
2025-04-30 12:15:12 +0000,Russian Twist, 15,11.339822735890994,0.0,0.0,0.0,0.0,false,, 2.0
2025-04-30 12:15:12 +0000,Russian Twist, 18,15.87575183024739,0.0,0.0,0.0,0.0,false,, 2.0
2025-04-30 12:15:12 +0000,Russian Twist, 21,15.87575183024739,0.0,0.0,0.0,0.0,false,, 2.0
2025-04-29 12:08:45 +0000,Lat Pulldown, 8,36.28743275485118,0.0,0.0,0.0,0.0,true,, 1.0
2025-04-29 12:08:45 +0000,Lat Pulldown, 10,61.235042773811365,0.0,0.0,0.0,0.0,false,, 1.0
2025-04-29 12:08:45 +0000,Lat Pulldown, 10,61.235042773811365,0.0,0.0,0.0,0.0,false,, 1.0
2025-04-29 12:08:45 +0000,Lat Pulldown, 10,61.235042773811365,0.0,0.0,0.0,0.0,false,, 1.0
2025-04-29 12:08:45 +0000,Lat Pulldown, 12,61.235042773811365,0.0,0.0,0.0,0.0,false,, 1.0
2025-04-29 12:08:45 +0000,Barbell Curl, 10,20.41168092460379,0.0,0.0,0.0,0.0,true,, 1.0
2025-04-29 12:08:45 +0000,Barbell Curl, 6,36.28743275485118,0.0,0.0,0.0,0.0,false,, 1.0
2025-04-29 12:08:45 +0000,Barbell Curl, 6,36.28743275485118,0.0,0.0,0.0,0.0,false,, 1.0
2025-04-29 12:08:45 +0000,Barbell Curl, 6,36.28743275485118,0.0,0.0,0.0,0.0,false,, 1.0
2025-04-29 12:08:45 +0000,Barbell Curl, 6,36.28743275485118,0.0,0.0,0.0,0.0,false,, 1.0
2025-04-29 12:08:45 +0000,Barbell Shrug, 10,20.41168092460379,0.0,0.0,0.0,0.0,true,, 1.0
2025-04-29 12:08:45 +0000,Barbell Shrug, 10,58.96707822663317,0.0,0.0,0.0,0.0,false,, 1.0
2025-04-29 12:08:45 +0000,Barbell Shrug, 10,58.96707822663317,0.0,0.0,0.0,0.0,false,, 1.0
2025-04-29 12:08:45 +0000,Barbell Shrug, 10,58.96707822663317,0.0,0.0,0.0,0.0,false,, 1.0
2025-04-29 12:08:45 +0000,Barbell Shrug, 11,58.96707822663317,0.0,0.0,0.0,0.0,false,, 1.0
2025-04-29 12:08:45 +0000,Dumbbell Bent Over Row, 8,20.41168092460379,0.0,0.0,0.0,0.0,false,, 2.0
2025-04-29 12:08:45 +0000,Dumbbell Bent Over Row, 8,20.41168092460379,0.0,0.0,0.0,0.0,false,, 2.0
2025-04-29 12:08:45 +0000,Dumbbell Bent Over Row, 10,20.41168092460379,0.0,0.0,0.0,0.0,false,, 2.0
2025-04-29 12:08:45 +0000,Dumbbell Bicep Curl, 10,15.87575183024739,0.0,0.0,0.0,0.0,false,, 2.0
2025-04-29 12:08:45 +0000,Dumbbell Bicep Curl, 8,15.87575183024739,0.0,0.0,0.0,0.0,false,, 2.0
2025-04-29 12:08:45 +0000,Dumbbell Bicep Curl, 8,15.87575183024739,0.0,0.0,0.0,0.0,false,, 2.0
2025-04-29 12:08:45 +0000,Leg Pull-In, 22,0.0,0.0,0.0,0.0,0.0,false,, 1.0
2025-04-29 12:08:45 +0000,Leg Pull-In, 22,0.0,0.0,0.0,0.0,0.0,false,, 1.0
2025-04-29 12:08:45 +0000,Leg Pull-In, 25,0.0,0.0,0.0,0.0,0.0,false,, 1.0
2025-04-28 12:08:55 +0000,Dumbbell Incline Bench Press, 8,18.14371637742559,0.0,0.0,0.0,0.0,true,, 2.0
2025-04-28 12:08:55 +0000,Dumbbell Incline Bench Press, 10,29.483539113316585,0.0,0.0,0.0,0.0,false,, 2.0
2025-04-28 12:08:55 +0000,Dumbbell Incline Bench Press, 10,29.483539113316585,0.0,0.0,0.0,0.0,false,, 2.0
2025-04-28 12:08:55 +0000,Dumbbell Incline Bench Press, 10,29.483539113316585,0.0,0.0,0.0,0.0,false,, 2.0
2025-04-28 12:08:55 +0000,Dumbbell Incline Bench Press, 9,29.483539113316585,0.0,0.0,0.0,0.0,false,, 2.0
2025-04-28 12:08:55 +0000,Dumbbell Back Fly, 8,6.8038936415345965,0.0,0.0,0.0,0.0,false,, 2.0
2025-04-28 12:08:55 +0000,Dumbbell Back Fly, 8,6.8038936415345965,0.0,0.0,0.0,0.0,false,, 2.0
2025-04-28 12:08:55 +0000,Dumbbell Back Fly, 8,6.8038936415345965,0.0,0.0,0.0,0.0,false,, 2.0
2025-04-28 12:08:55 +0000,Dumbbell Back Fly, 9,6.8038936415345965,0.0,0.0,0.0,0.0,false,, 2.0
2025-04-28 12:08:55 +0000,Skullcrusher, 8,18.14371637742559,0.0,0.0,0.0,0.0,true,, 1.0
2025-04-28 12:08:55 +0000,Skullcrusher, 6,31.75150366049478,0.0,0.0,0.0,0.0,false,, 1.0
2025-04-28 12:08:55 +0000,Skullcrusher, 6,31.75150366049478,0.0,0.0,0.0,0.0,false,, 1.0
2025-04-28 12:08:55 +0000,Skullcrusher, 7,31.75150366049478,0.0,0.0,0.0,0.0,false,, 1.0
2025-04-28 12:08:55 +0000,Standing Dumbbell Shoulder Press, 7,11.339822735890994,0.0,0.0,0.0,0.0,false,, 2.0
2025-04-28 12:08:55 +0000,Standing Dumbbell Shoulder Press, 7,11.339822735890994,0.0,0.0,0.0,0.0,false,, 2.0
2025-04-28 12:08:55 +0000,Standing Dumbbell Shoulder Press, 7,11.339822735890994,0.0,0.0,0.0,0.0,false,, 2.0
2025-04-28 12:08:55 +0000,Standing Dumbbell Shoulder Press, 10,11.339822735890994,0.0,0.0,0.0,0.0,false,, 2.0
2025-04-28 12:08:55 +0000,Tricep Push Up, 12,0.0,0.0,0.0,0.0,0.0,false,, 1.0
2025-04-28 12:08:55 +0000,Tricep Push Up, 12,0.0,0.0,0.0,0.0,0.0,false,, 1.0
2025-04-28 12:08:55 +0000,Tricep Push Up, 13,0.0,0.0,0.0,0.0,0.0,false,, 1.0
2025-04-28 12:08:55 +0000,Tricep Push Up, 15,0.0,0.0,0.0,0.0,0.0,false,, 1.0
2025-04-28 12:08:55 +0000,Cable Crossover Fly, 8,22.67964547178199,0.0,0.0,0.0,0.0,false,, 2.0
2025-04-28 12:08:55 +0000,Cable Crossover Fly, 8,22.67964547178199,0.0,0.0,0.0,0.0,false,, 2.0
2025-04-28 12:08:55 +0000,Cable Crossover Fly, 8,22.67964547178199,0.0,0.0,0.0,0.0,false,, 2.0
2025-04-28 12:08:55 +0000,Cable Crossover Fly, 10,22.67964547178199,0.0,0.0,0.0,0.0,false,, 2.0
2025-04-26 12:27:01 +0000,Leg Extension, 8,74.84283005688056,0.0,0.0,0.0,0.0,true,, 1.0
2025-04-26 12:27:01 +0000,Leg Extension, 3,102.05840462301894,0.0,0.0,0.0,0.0,true,, 1.0
2025-04-26 12:27:01 +0000,Leg Extension, 13,111.13026281173174,0.0,0.0,0.0,0.0,false,, 1.0
2025-04-26 12:27:01 +0000,Leg Extension, 13,111.13026281173174,0.0,0.0,0.0,0.0,false,, 1.0
2025-04-26 12:27:01 +0000,Leg Extension, 14,111.13026281173174,0.0,0.0,0.0,0.0,false,, 1.0
2025-04-26 12:27:01 +0000,Seated Leg Curl, 8,68.03893641534596,0.0,0.0,0.0,0.0,true,, 1.0
2025-04-26 12:27:01 +0000,Seated Leg Curl, 3,92.98654643430615,0.0,0.0,0.0,0.0,true,, 1.0
2025-04-26 12:27:01 +0000,Seated Leg Curl, 7,106.59433371737533,0.0,0.0,0.0,0.0,false,, 1.0
2025-04-26 12:27:01 +0000,Seated Leg Curl, 6,106.59433371737533,0.0,0.0,0.0,0.0,false,, 1.0
2025-04-26 12:27:01 +0000,Seated Leg Curl, 7,106.59433371737533,0.0,0.0,0.0,0.0,false,, 1.0
2025-04-26 12:27:01 +0000,Hip Thrust, 23,0.0,0.0,0.0,0.0,0.0,false,, 1.0
2025-04-26 12:27:01 +0000,Hip Thrust, 23,0.0,0.0,0.0,0.0,0.0,false,, 1.0
2025-04-26 12:27:01 +0000,Hip Thrust, 25,0.0,0.0,0.0,0.0,0.0,false,, 1.0
2025-04-26 12:27:01 +0000,Hip Thrust, 35,0.0,0.0,0.0,0.0,0.0,false,, 1.0
2025-04-26 12:27:01 +0000,Dumbbell Lunge, 5,29.483539113316585,0.0,0.0,0.0,0.0,false,, 4.0
2025-04-26 12:27:01 +0000,Dumbbell Lunge, 5,29.483539113316585,0.0,0.0,0.0,0.0,false,, 4.0
2025-04-26 12:27:01 +0000,Dumbbell Lunge, 6,29.483539113316585,0.0,0.0,0.0,0.0,false,, 4.0
2025-04-26 12:27:01 +0000,Bicycle Crunch, 22,0.0,0.0,0.0,0.0,0.0,false,, 2.0
2025-04-26 12:27:01 +0000,Bicycle Crunch, 24,0.0,0.0,0.0,0.0,0.0,false,, 2.0
2025-04-26 12:27:01 +0000,Bicycle Crunch, 27,0.0,0.0,0.0,0.0,0.0,false,, 2.0
2025-04-24 12:12:40 +0000,Pull Up, 9,0.0,0.0,0.0,0.0,0.0,false,, 1.0
2025-04-24 12:12:40 +0000,Pull Up, 9,0.0,0.0,0.0,0.0,0.0,false,, 1.0
2025-04-24 12:12:40 +0000,Pull Up, 9,0.0,0.0,0.0,0.0,0.0,false,, 1.0
2025-04-24 12:12:40 +0000,Pull Up, 8,0.0,0.0,0.0,0.0,0.0,false,, 1.0
2025-04-24 12:12:40 +0000,Pull Up, 7,0.0,0.0,0.0,0.0,0.0,false,, 1.0
2025-04-24 12:12:40 +0000,Barbell Curl, 10,20.41168092460379,0.0,0.0,0.0,0.0,true,, 1.0
2025-04-24 12:12:40 +0000,Barbell Curl, 4,36.28743275485118,0.0,0.0,0.0,0.0,false,, 1.0
2025-04-24 12:12:40 +0000,Barbell Curl, 5,36.28743275485118,0.0,0.0,0.0,0.0,false,, 1.0
2025-04-24 12:12:40 +0000,Barbell Curl, 5,36.28743275485118,0.0,0.0,0.0,0.0,false,, 1.0
2025-04-24 12:12:40 +0000,Barbell Curl, 5,36.28743275485118,0.0,0.0,0.0,0.0,false,, 1.0
2025-04-24 12:12:40 +0000,Upright Row, 10,20.41168092460379,0.0,0.0,0.0,0.0,true,, 1.0
2025-04-24 12:12:40 +0000,Upright Row, 8,36.28743275485118,0.0,0.0,0.0,0.0,false,, 1.0
2025-04-24 12:12:40 +0000,Upright Row, 8,36.28743275485118,0.0,0.0,0.0,0.0,false,, 1.0
2025-04-24 12:12:40 +0000,Upright Row, 8,36.28743275485118,0.0,0.0,0.0,0.0,false,, 1.0
2025-04-24 12:12:40 +0000,Upright Row, 8,36.28743275485118,0.0,0.0,0.0,0.0,false,, 1.0
2025-04-24 12:12:40 +0000,Dumbbell Bent Over Row, 10,18.14371637742559,0.0,0.0,0.0,0.0,false,, 2.0
2025-04-24 12:12:40 +0000,Dumbbell Bent Over Row, 12,18.14371637742559,0.0,0.0,0.0,0.0,false,, 2.0
2025-04-24 12:12:40 +0000,Dumbbell Bent Over Row, 12,18.14371637742559,0.0,0.0,0.0,0.0,false,, 2.0
2025-04-24 12:12:40 +0000,Dumbbell Bicep Curl, 5,18.14371637742559,0.0,0.0,0.0,0.0,false,, 2.0
2025-04-24 12:12:40 +0000,Dumbbell Bicep Curl, 6,18.14371637742559,0.0,0.0,0.0,0.0,false,, 2.0
2025-04-24 12:12:40 +0000,Dumbbell Bicep Curl, 6,18.14371637742559,0.0,0.0,0.0,0.0,false,, 2.0
2025-04-24 12:12:40 +0000,Cable Crunch, 10,61.235042773811365,0.0,0.0,0.0,0.0,false,, 1.0
2025-04-24 12:12:40 +0000,Cable Crunch, 10,61.235042773811365,0.0,0.0,0.0,0.0,false,, 1.0
2025-04-24 12:12:40 +0000,Cable Crunch, 12,61.235042773811365,0.0,0.0,0.0,0.0,false,, 1.0
2025-04-24 12:12:40 +0000,Cable Crunch, 15,61.235042773811365,0.0,0.0,0.0,0.0,false,, 1.0
2025-04-23 12:06:57 +0000,Dumbbell Bench Press, 8,20.41168092460379,0.0,0.0,0.0,0.0,true,, 2.0
2025-04-23 12:06:57 +0000,Dumbbell Bench Press, 10,34.01946820767298,0.0,0.0,0.0,0.0,false,, 2.0
2025-04-23 12:06:57 +0000,Dumbbell Bench Press, 10,34.01946820767298,0.0,0.0,0.0,0.0,false,, 2.0
2025-04-23 12:06:57 +0000,Dumbbell Bench Press, 9,34.01946820767298,0.0,0.0,0.0,0.0,false,, 2.0
2025-04-23 12:06:57 +0000,Dumbbell Rear Delt Raise, 8,9.071858188712795,0.0,0.0,0.0,0.0,false,, 2.0
2025-04-23 12:06:57 +0000,Dumbbell Rear Delt Raise, 8,9.071858188712795,0.0,0.0,0.0,0.0,false,, 2.0
2025-04-23 12:06:57 +0000,Dumbbell Rear Delt Raise, 8,9.071858188712795,0.0,0.0,0.0,0.0,false,, 2.0
2025-04-23 12:06:57 +0000,Dumbbell Rear Delt Raise, 8,9.071858188712795,0.0,0.0,0.0,0.0,false,, 2.0
2025-04-23 12:06:57 +0000,Cable Tricep Pushdown, 8,40.82336184920758,0.0,0.0,0.0,0.0,false,, 1.0
2025-04-23 12:06:57 +0000,Cable Tricep Pushdown, 8,40.82336184920758,0.0,0.0,0.0,0.0,false,, 1.0
2025-04-23 12:06:57 +0000,Cable Tricep Pushdown, 11,45.35929094356398,0.0,0.0,0.0,0.0,false,, 1.0
2025-04-23 12:06:57 +0000,Cable Tricep Pushdown, 13,47.62725549074217,0.0,0.0,0.0,0.0,false,, 1.0
2025-04-23 12:06:57 +0000,Dumbbell Front Raise, 10,6.8038936415345965,0.0,0.0,0.0,0.0,false,, 2.0
2025-04-23 12:06:57 +0000,Dumbbell Front Raise, 10,6.8038936415345965,0.0,0.0,0.0,0.0,false,, 2.0
2025-04-23 12:06:57 +0000,Dumbbell Front Raise, 10,6.8038936415345965,0.0,0.0,0.0,0.0,false,, 2.0
2025-04-23 12:06:57 +0000,Dumbbell Front Raise, 12,6.8038936415345965,0.0,0.0,0.0,0.0,false,, 2.0
2025-04-23 12:06:57 +0000,Hand Release Push Up, 12,0.0,0.0,0.0,0.0,0.0,false,, 1.0
2025-04-23 12:06:57 +0000,Hand Release Push Up, 12,0.0,0.0,0.0,0.0,0.0,false,, 1.0
2025-04-23 12:06:57 +0000,Hand Release Push Up, 12,0.0,0.0,0.0,0.0,0.0,false,, 1.0
2025-04-23 12:06:57 +0000,Hand Release Push Up, 16,0.0,0.0,0.0,0.0,0.0,false,, 1.0
2025-04-23 12:06:57 +0000,Bench Dip, 21,0.0,0.0,0.0,0.0,0.0,false,, 1.0
2025-04-23 12:06:57 +0000,Bench Dip, 21,0.0,0.0,0.0,0.0,0.0,false,, 1.0
2025-04-23 12:06:57 +0000,Bench Dip, 25,0.0,0.0,0.0,0.0,0.0,false,, 1.0
2025-04-22 12:06:30 +0000,Back Squat, 10,20.41168092460379,0.0,0.0,0.0,0.0,true,, 1.0
2025-04-22 12:06:30 +0000,Back Squat, 8,49.895220037920375,0.0,0.0,0.0,0.0,true,, 1.0
2025-04-22 12:06:30 +0000,Back Squat, 8,83.91468824559335,0.0,0.0,0.0,0.0,false,, 1.0
2025-04-22 12:06:30 +0000,Back Squat, 8,83.91468824559335,0.0,0.0,0.0,0.0,false,, 1.0
2025-04-22 12:06:30 +0000,Back Squat, 11,83.91468824559335,0.0,0.0,0.0,0.0,false,, 1.0
2025-04-22 12:06:30 +0000,Deadlift, 10,20.41168092460379,0.0,0.0,0.0,0.0,true,, 1.0
2025-04-22 12:06:30 +0000,Deadlift, 6,61.235042773811365,0.0,0.0,0.0,0.0,true,, 1.0
2025-04-22 12:06:30 +0000,Deadlift, 3,83.91468824559335,0.0,0.0,0.0,0.0,true,, 1.0
2025-04-22 12:06:30 +0000,Deadlift, 8,92.98654643430615,0.0,0.0,0.0,0.0,false,, 1.0
2025-04-22 12:06:30 +0000,Deadlift, 8,92.98654643430615,0.0,0.0,0.0,0.0,false,, 1.0
2025-04-22 12:06:30 +0000,Deadlift, 11,92.98654643430615,0.0,0.0,0.0,0.0,false,, 1.0
2025-04-22 12:06:30 +0000,Single Leg Hip Thrust, 17,0.0,0.0,0.0,0.0,0.0,false,, 2.0
2025-04-22 12:06:30 +0000,Single Leg Hip Thrust, 17,0.0,0.0,0.0,0.0,0.0,false,, 2.0
2025-04-22 12:06:30 +0000,Single Leg Hip Thrust, 17,0.0,0.0,0.0,0.0,0.0,false,, 2.0
2025-04-22 12:06:30 +0000,Single Leg Hip Thrust, 18,0.0,0.0,0.0,0.0,0.0,false,, 2.0
2025-04-22 12:06:30 +0000,Scissor Kick, 14,0.0,0.0,0.0,0.0,0.0,false,, 2.0
2025-04-22 12:06:30 +0000,Scissor Kick, 18,0.0,0.0,0.0,0.0,0.0,false,, 2.0
2025-04-22 12:06:30 +0000,Scissor Kick, 30,0.0,0.0,0.0,0.0,0.0,false,, 2.0
2025-04-22 12:06:30 +0000,Scissor Kick, 30,0.0,0.0,0.0,0.0,0.0,false,, 2.0
2025-04-22 12:06:30 +0000,Calf Raise, 23,0.0,0.0,0.0,0.0,0.0,false,, 1.0
2025-04-22 12:06:30 +0000,Calf Raise, 23,0.0,0.0,0.0,0.0,0.0,false,, 1.0
2025-04-22 12:06:30 +0000,Calf Raise, 26,0.0,0.0,0.0,0.0,0.0,false,, 1.0
2025-04-22 12:06:30 +0000,Dumbbell Lunge, 3,29.483539113316585,0.0,0.0,0.0,0.0,false,, 4.0
2025-04-22 12:06:30 +0000,Dumbbell Lunge, 3,29.483539113316585,0.0,0.0,0.0,0.0,false,, 4.0
2025-04-22 12:06:30 +0000,Dumbbell Lunge, 5,29.483539113316585,0.0,0.0,0.0,0.0,false,, 4.0
2025-04-21 12:13:43 +0000,Cable Row, 8,40.82336184920758,0.0,0.0,0.0,0.0,true,, 1.0
2025-04-21 12:13:43 +0000,Cable Row, 10,68.03893641534596,0.0,0.0,0.0,0.0,false,, 1.0
2025-04-21 12:13:43 +0000,Cable Row, 10,68.03893641534596,0.0,0.0,0.0,0.0,false,, 1.0
2025-04-21 12:13:43 +0000,Cable Row, 13,68.03893641534596,0.0,0.0,0.0,0.0,false,, 1.0
2025-04-21 12:13:43 +0000,Dumbbell Bicep Curl, 10,15.87575183024739,0.0,0.0,0.0,0.0,false,, 2.0
2025-04-21 12:13:43 +0000,Dumbbell Bicep Curl, 10,15.87575183024739,0.0,0.0,0.0,0.0,false,, 2.0
2025-04-21 12:13:43 +0000,Dumbbell Bicep Curl, 10,15.87575183024739,0.0,0.0,0.0,0.0,false,, 2.0
2025-04-21 12:13:43 +0000,Upright Row, 10,20.41168092460379,0.0,0.0,0.0,0.0,true,, 1.0
2025-04-21 12:13:43 +0000,Upright Row, 7,36.28743275485118,0.0,0.0,0.0,0.0,false,, 1.0
2025-04-21 12:13:43 +0000,Upright Row, 7,36.28743275485118,0.0,0.0,0.0,0.0,false,, 1.0
2025-04-21 12:13:43 +0000,Upright Row, 7,36.28743275485118,0.0,0.0,0.0,0.0,false,, 1.0
2025-04-21 12:13:43 +0000,Reverse Grip Barbell Bent Over Row, 8,36.28743275485118,0.0,0.0,0.0,0.0,true,, 1.0
2025-04-21 12:13:43 +0000,Reverse Grip Barbell Bent Over Row, 10,49.895220037920375,0.0,0.0,0.0,0.0,false,, 1.0
2025-04-21 12:13:43 +0000,Reverse Grip Barbell Bent Over Row, 10,49.895220037920375,0.0,0.0,0.0,0.0,false,, 1.0
2025-04-21 12:13:43 +0000,Reverse Grip Barbell Bent Over Row, 12,49.895220037920375,0.0,0.0,0.0,0.0,false,, 1.0
2025-04-21 12:13:43 +0000,Hammer Curls, 6,15.87575183024739,0.0,0.0,0.0,0.0,false,, 2.0
2025-04-21 12:13:43 +0000,Hammer Curls, 6,15.87575183024739,0.0,0.0,0.0,0.0,false,, 2.0
2025-04-21 12:13:43 +0000,Hammer Curls, 7,15.87575183024739,0.0,0.0,0.0,0.0,false,, 2.0
2025-04-21 12:13:43 +0000,Plank, 0,0.0,55.0,0.0,0.0,0.0,false,, 0.0
2025-04-21 12:13:43 +0000,Plank, 0,0.0,55.0,0.0,0.0,0.0,false,, 0.0
2025-04-21 12:13:43 +0000,Plank, 0,0.0,55.0,0.0,0.0,0.0,false,, 0.0
2025-04-21 12:13:43 +0000,Dead Hang, 0,0.0,46.0,0.0,0.0,0.0,false,, 0.0
2025-04-21 12:13:43 +0000,Dead Hang, 0,0.0,46.0,0.0,0.0,0.0,false,, 0.0
2025-04-21 12:13:43 +0000,Dead Hang, 0,0.0,46.0,0.0,0.0,0.0,false,, 0.0
2025-04-19 11:50:21 +0000,Dumbbell Incline Bench Press, 6,18.14371637742559,0.0,0.0,0.0,0.0,false,, 2.0
2025-04-19 11:50:21 +0000,Dumbbell Incline Bench Press, 6,24.947610018960187,0.0,0.0,0.0,0.0,false,, 2.0
2025-04-19 11:50:21 +0000,Dumbbell Incline Bench Press, 7,34.01946820767298,0.0,0.0,0.0,0.0,false,, 2.0
2025-04-19 11:50:21 +0000,Dumbbell Incline Bench Press, 6,34.01946820767298,0.0,0.0,0.0,0.0,false,, 2.0
2025-04-19 11:50:21 +0000,Skullcrusher, 8,27.215574566138386,0.0,0.0,0.0,0.0,false,, 1.0
2025-04-19 11:50:21 +0000,Skullcrusher, 10,27.215574566138386,0.0,0.0,0.0,0.0,false,, 1.0
2025-04-19 11:50:21 +0000,Skullcrusher, 10,27.215574566138386,0.0,0.0,0.0,0.0,false,, 1.0
2025-04-19 11:50:21 +0000,Skullcrusher, 11,27.215574566138386,0.0,0.0,0.0,0.0,false,, 1.0
2025-04-19 11:50:21 +0000,Dumbbell Back Fly, 6,6.8038936415345965,0.0,0.0,0.0,0.0,false,, 2.0
2025-04-19 11:50:21 +0000,Dumbbell Back Fly, 6,6.8038936415345965,0.0,0.0,0.0,0.0,false,, 2.0
2025-04-19 11:50:21 +0000,Dumbbell Back Fly, 6,6.8038936415345965,0.0,0.0,0.0,0.0,false,, 2.0
2025-04-19 11:50:21 +0000,Dumbbell Back Fly, 6,6.8038936415345965,0.0,0.0,0.0,0.0,false,, 2.0
2025-04-19 11:50:21 +0000,Barbell Shoulder Press, 10,20.41168092460379,0.0,0.0,0.0,0.0,true,, 1.0
2025-04-19 11:50:21 +0000,Barbell Shoulder Press, 8,31.75150366049478,0.0,0.0,0.0,0.0,false,, 1.0
2025-04-19 11:50:21 +0000,Barbell Shoulder Press, 8,31.75150366049478,0.0,0.0,0.0,0.0,false,, 1.0
2025-04-19 11:50:21 +0000,Barbell Shoulder Press, 10,31.75150366049478,0.0,0.0,0.0,0.0,false,, 1.0
2025-04-19 11:50:21 +0000,Tricep Push Up, 12,0.0,0.0,0.0,0.0,0.0,false,, 1.0
2025-04-19 11:50:21 +0000,Tricep Push Up, 12,0.0,0.0,0.0,0.0,0.0,false,, 1.0
2025-04-19 11:50:21 +0000,Tricep Push Up, 12,0.0,0.0,0.0,0.0,0.0,false,, 1.0
2025-04-19 11:50:21 +0000,Tricep Push Up, 12,0.0,0.0,0.0,0.0,0.0,false,, 1.0
2025-04-19 11:50:21 +0000,Decline Push Up, 13,0.0,0.0,0.0,0.0,0.0,false,, 1.0
2025-04-19 11:50:21 +0000,Decline Push Up, 13,0.0,0.0,0.0,0.0,0.0,false,, 1.0
2025-04-19 11:50:21 +0000,Decline Push Up, 13,0.0,0.0,0.0,0.0,0.0,false,, 1.0
2025-04-19 11:50:21 +0000,Decline Push Up, 13,0.0,0.0,0.0,0.0,0.0,false,, 1.0
2025-04-18 12:14:21 +0000,Leg Extension, 8,79.37875915123695,0.0,0.0,0.0,0.0,true,, 1.0
2025-04-18 12:14:21 +0000,Leg Extension, 3,102.05840462301894,0.0,0.0,0.0,0.0,true,, 1.0
2025-04-18 12:14:21 +0000,Leg Extension, 12,111.13026281173174,0.0,0.0,0.0,0.0,false,, 1.0
2025-04-18 12:14:21 +0000,Leg Extension, 12,111.13026281173174,0.0,0.0,0.0,0.0,false,, 1.0
2025-04-18 12:14:21 +0000,Leg Extension, 13,111.13026281173174,0.0,0.0,0.0,0.0,false,, 1.0
2025-04-18 12:14:21 +0000,Seated Leg Curl, 10,92.98654643430615,0.0,0.0,0.0,0.0,false,, 1.0
2025-04-18 12:14:21 +0000,Seated Leg Curl, 10,92.98654643430615,0.0,0.0,0.0,0.0,false,, 1.0
2025-04-18 12:14:21 +0000,Seated Leg Curl, 10,92.98654643430615,0.0,0.0,0.0,0.0,false,, 1.0
2025-04-18 12:14:21 +0000,Seated Leg Curl, 10,92.98654643430615,0.0,0.0,0.0,0.0,false,, 1.0
2025-04-18 12:14:21 +0000,Seated Leg Curl, 10,92.98654643430615,0.0,0.0,0.0,0.0,false,, 1.0
2025-04-18 12:14:21 +0000,Single Leg Kickback, 10,0.0,0.0,0.0,0.0,0.0,false,, 2.0
2025-04-18 12:14:21 +0000,Single Leg Kickback, 10,0.0,0.0,0.0,0.0,0.0,false,, 2.0
2025-04-18 12:14:21 +0000,Single Leg Kickback, 15,0.0,0.0,0.0,0.0,0.0,false,, 2.0
2025-04-18 12:14:21 +0000,Single Leg Kickback, 20,0.0,0.0,0.0,0.0,0.0,false,, 2.0
2025-04-18 12:14:21 +0000,Dumbbell Romanian Deadlift, 10,31.75150366049478,0.0,0.0,0.0,0.0,false,, 2.0
2025-04-18 12:14:21 +0000,Dumbbell Romanian Deadlift, 10,31.75150366049478,0.0,0.0,0.0,0.0,false,, 2.0
2025-04-18 12:14:21 +0000,Dumbbell Romanian Deadlift, 10,31.75150366049478,0.0,0.0,0.0,0.0,false,, 2.0
2025-04-18 12:14:21 +0000,Dumbbell Romanian Deadlift, 12,31.75150366049478,0.0,0.0,0.0,0.0,false,, 2.0
2025-04-18 12:14:21 +0000,Machine Leg Press, 8,47.62725549074217,0.0,0.0,0.0,0.0,true,, 1.0
2025-04-18 12:14:21 +0000,Machine Leg Press, 10,79.37875915123695,0.0,0.0,0.0,0.0,false,, 1.0
2025-04-18 12:14:21 +0000,Machine Leg Press, 10,79.37875915123695,0.0,0.0,0.0,0.0,false,, 1.0
2025-04-18 12:14:21 +0000,Machine Leg Press, 11,79.37875915123695,0.0,0.0,0.0,0.0,false,, 1.0
2025-04-18 12:14:21 +0000,Dumbbell Hip Thrust, 10,27.215574566138386,0.0,0.0,0.0,0.0,false,, 1.0
2025-04-18 12:14:21 +0000,Dumbbell Hip Thrust, 10,27.215574566138386,0.0,0.0,0.0,0.0,false,, 1.0
2025-04-18 12:14:21 +0000,Dumbbell Hip Thrust, 10,27.215574566138386,0.0,0.0,0.0,0.0,false,, 1.0
2025-04-18 12:14:21 +0000,Dumbbell Hip Thrust, 13,27.215574566138386,0.0,0.0,0.0,0.0,false,, 1.0
2025-04-16 12:07:18 +0000,Dumbbell Bench Press, 8,20.41168092460379,0.0,0.0,0.0,0.0,true,, 2.0
2025-04-16 12:07:18 +0000,Dumbbell Bench Press, 10,34.01946820767298,0.0,0.0,0.0,0.0,false,, 2.0
2025-04-16 12:07:18 +0000,Dumbbell Bench Press, 9,34.01946820767298,0.0,0.0,0.0,0.0,false,, 2.0
2025-04-16 12:07:18 +0000,Dumbbell Bench Press, 9,34.01946820767298,0.0,0.0,0.0,0.0,false,, 2.0
2025-04-16 12:07:18 +0000,Dumbbell Lateral Raise, 10,6.8038936415345965,0.0,0.0,0.0,0.0,false,, 2.0
2025-04-16 12:07:18 +0000,Dumbbell Lateral Raise, 10,6.8038936415345965,0.0,0.0,0.0,0.0,false,, 2.0
2025-04-16 12:07:18 +0000,Dumbbell Lateral Raise, 10,6.8038936415345965,0.0,0.0,0.0,0.0,false,, 2.0
2025-04-16 12:07:18 +0000,Dumbbell Lateral Raise, 11,6.8038936415345965,0.0,0.0,0.0,0.0,false,, 2.0
2025-04-16 12:07:18 +0000,Dumbbell Back Fly, 5,6.8038936415345965,0.0,0.0,0.0,0.0,false,, 2.0
2025-04-16 12:07:18 +0000,Dumbbell Back Fly, 5,6.8038936415345965,0.0,0.0,0.0,0.0,false,, 2.0
2025-04-16 12:07:18 +0000,Dumbbell Back Fly, 5,6.8038936415345965,0.0,0.0,0.0,0.0,false,, 2.0
2025-04-16 12:07:18 +0000,Dumbbell Back Fly, 5,6.8038936415345965,0.0,0.0,0.0,0.0,false,, 2.0
2025-04-16 12:07:18 +0000,Push Up, 16,0.0,0.0,0.0,0.0,0.0,false,, 1.0
2025-04-16 12:07:18 +0000,Push Up, 16,0.0,0.0,0.0,0.0,0.0,false,, 1.0
2025-04-16 12:07:18 +0000,Push Up, 16,0.0,0.0,0.0,0.0,0.0,false,, 1.0
2025-04-16 12:07:18 +0000,Push Up, 17,0.0,0.0,0.0,0.0,0.0,false,, 1.0
2025-04-16 12:07:18 +0000,Cable Tricep Pushdown, 10,40.82336184920758,0.0,0.0,0.0,0.0,false,, 1.0
2025-04-16 12:07:18 +0000,Cable Tricep Pushdown, 10,40.82336184920758,0.0,0.0,0.0,0.0,false,, 1.0
2025-04-16 12:07:18 +0000,Cable Tricep Pushdown, 10,40.82336184920758,0.0,0.0,0.0,0.0,false,, 1.0
2025-04-16 12:07:18 +0000,Cable Tricep Pushdown, 12,40.82336184920758,0.0,0.0,0.0,0.0,false,, 1.0
2025-04-16 12:07:18 +0000,Bench Dip, 22,0.0,0.0,0.0,0.0,0.0,false,, 1.0
2025-04-16 12:07:18 +0000,Bench Dip, 20,0.0,0.0,0.0,0.0,0.0,false,, 1.0
2025-04-16 12:07:18 +0000,Bench Dip, 20,0.0,0.0,0.0,0.0,0.0,false,, 1.0
2025-04-15 12:12:37 +0000,Pull Up, 3,0.0,0.0,0.0,0.0,0.0,false,, 1.0
2025-04-15 12:12:37 +0000,Pull Up, 4,0.0,0.0,0.0,0.0,0.0,false,, 1.0
2025-04-15 12:12:37 +0000,Pull Up, 11,0.0,0.0,0.0,0.0,0.0,false,, 1.0
2025-04-15 12:12:37 +0000,Pull Up, 8,0.0,0.0,0.0,0.0,0.0,false,, 1.0
2025-04-15 12:12:37 +0000,Bent Over Barbell Row, 10,20.41168092460379,0.0,0.0,0.0,0.0,true,, 1.0
2025-04-15 12:12:37 +0000,Bent Over Barbell Row, 10,56.69911367945497,0.0,0.0,0.0,0.0,false,, 1.0
2025-04-15 12:12:37 +0000,Bent Over Barbell Row, 10,56.69911367945497,0.0,0.0,0.0,0.0,false,, 1.0
2025-04-15 12:12:37 +0000,Bent Over Barbell Row, 12,56.69911367945497,0.0,0.0,0.0,0.0,false,, 1.0
2025-04-15 12:12:37 +0000,Seated Dumbbell Curl, 6,15.87575183024739,0.0,0.0,0.0,0.0,false,, 2.0
2025-04-15 12:12:37 +0000,Seated Dumbbell Curl, 6,15.87575183024739,0.0,0.0,0.0,0.0,false,, 2.0
2025-04-15 12:12:37 +0000,Seated Dumbbell Curl, 7,15.87575183024739,0.0,0.0,0.0,0.0,false,, 2.0
2025-04-15 12:12:37 +0000,Reverse Grip Pull Down, 8,38.55539730202938,0.0,0.0,0.0,0.0,true,, 1.0
2025-04-15 12:12:37 +0000,Reverse Grip Pull Down, 4,63.50300732098956,0.0,0.0,0.0,0.0,false,, 1.0
2025-04-15 12:12:37 +0000,Reverse Grip Pull Down, 4,63.50300732098956,0.0,0.0,0.0,0.0,false,, 1.0
2025-04-15 12:12:37 +0000,Reverse Grip Pull Down, 4,63.50300732098956,0.0,0.0,0.0,0.0,false,, 1.0
2025-04-15 12:12:37 +0000,Reverse Grip Pull Down, 10,63.50300732098956,0.0,0.0,0.0,0.0,false,, 1.0
2025-04-15 12:12:37 +0000,Hammer Curls, 8,13.607787283069193,0.0,0.0,0.0,0.0,false,, 2.0
2025-04-15 12:12:37 +0000,Hammer Curls, 8,13.607787283069193,0.0,0.0,0.0,0.0,false,, 2.0
2025-04-15 12:12:37 +0000,Hammer Curls, 9,13.607787283069193,0.0,0.0,0.0,0.0,false,, 2.0
2025-04-15 12:12:37 +0000,Russian Twist, 16,11.793415645326633,0.0,0.0,0.0,0.0,false,, 2.0
2025-04-15 12:12:37 +0000,Russian Twist, 20,11.793415645326633,0.0,0.0,0.0,0.0,false,, 2.0
2025-04-15 12:12:37 +0000,Russian Twist, 25,11.793415645326633,0.0,0.0,0.0,0.0,false,, 2.0
2025-04-15 12:12:37 +0000,Cable Bicep Curl, 7,27.215574566138386,0.0,0.0,0.0,0.0,false,, 1.0
2025-04-15 12:12:37 +0000,Cable Bicep Curl, 8,27.215574566138386,0.0,0.0,0.0,0.0,false,, 1.0
2025-04-15 12:12:37 +0000,Cable Bicep Curl, 10,27.215574566138386,0.0,0.0,0.0,0.0,false,, 1.0
2025-04-14 12:13:18 +0000,Seated Leg Curl, 8,63.50300732098956,0.0,0.0,0.0,0.0,true,, 1.0
2025-04-14 12:13:18 +0000,Seated Leg Curl, 3,95.25451098148434,0.0,0.0,0.0,0.0,true,, 1.0
2025-04-14 12:13:18 +0000,Seated Leg Curl, 6,106.59433371737533,0.0,0.0,0.0,0.0,false,, 1.0
2025-04-14 12:13:18 +0000,Seated Leg Curl, 6,106.59433371737533,0.0,0.0,0.0,0.0,false,, 1.0
2025-04-14 12:13:18 +0000,Seated Leg Curl, 6,106.59433371737533,0.0,0.0,0.0,0.0,false,, 1.0
2025-04-14 12:13:18 +0000,Seated Leg Curl, 7,106.59433371737533,0.0,0.0,0.0,0.0,false,, 1.0
2025-04-14 12:13:18 +0000,Leg Extension, 8,72.57486550970236,0.0,0.0,0.0,0.0,true,, 1.0
2025-04-14 12:13:18 +0000,Leg Extension, 3,99.79044007584075,0.0,0.0,0.0,0.0,true,, 1.0
2025-04-14 12:13:18 +0000,Leg Extension, 11,111.13026281173174,0.0,0.0,0.0,0.0,false,, 1.0
2025-04-14 12:13:18 +0000,Leg Extension, 11,111.13026281173174,0.0,0.0,0.0,0.0,false,, 1.0
2025-04-14 12:13:18 +0000,Leg Extension, 11,111.13026281173174,0.0,0.0,0.0,0.0,false,, 1.0
2025-04-14 12:13:18 +0000,Leg Extension, 13,111.13026281173174,0.0,0.0,0.0,0.0,false,, 1.0
2025-04-14 12:13:18 +0000,Cable Pull Through, 8,18.14371637742559,0.0,0.0,0.0,0.0,true,, 1.0
2025-04-14 12:13:18 +0000,Cable Pull Through, 13,31.75150366049478,0.0,0.0,0.0,0.0,false,, 1.0
2025-04-14 12:13:18 +0000,Cable Pull Through, 15,31.75150366049478,0.0,0.0,0.0,0.0,false,, 1.0
2025-04-14 12:13:18 +0000,Cable Pull Through, 16,31.75150366049478,0.0,0.0,0.0,0.0,false,, 1.0
2025-04-14 12:13:18 +0000,Dumbbell Lunge, 4,24.947610018960187,0.0,0.0,0.0,0.0,false,, 4.0
2025-04-14 12:13:18 +0000,Dumbbell Lunge, 8,24.947610018960187,0.0,0.0,0.0,0.0,false,, 4.0
2025-04-14 12:13:18 +0000,Dumbbell Lunge, 10,24.947610018960187,0.0,0.0,0.0,0.0,false,, 4.0
2025-04-14 12:13:18 +0000,Dumbbell Romanian Deadlift, 8,15.87575183024739,0.0,0.0,0.0,0.0,true,, 2.0
2025-04-14 12:13:18 +0000,Dumbbell Romanian Deadlift, 12,27.215574566138386,0.0,0.0,0.0,0.0,false,, 2.0
2025-04-14 12:13:18 +0000,Dumbbell Romanian Deadlift, 13,27.215574566138386,0.0,0.0,0.0,0.0,false,, 2.0
2025-04-14 12:13:18 +0000,Dumbbell Romanian Deadlift, 14,27.215574566138386,0.0,0.0,0.0,0.0,false,, 2.0
2025-04-14 12:13:18 +0000,Leg Raise, 13,0.0,0.0,0.0,0.0,0.0,false,, 1.0
2025-04-14 12:13:18 +0000,Leg Raise, 13,0.0,0.0,0.0,0.0,0.0,false,, 1.0
2025-04-14 12:13:18 +0000,Leg Raise, 15,0.0,0.0,0.0,0.0,0.0,false,, 1.0
2025-04-14 12:13:18 +0000,Leg Raise, 16,0.0,0.0,0.0,0.0,0.0,false,, 1.0
2025-04-12 13:12:35 +0000,Dumbbell Incline Bench Press, 8,20.41168092460379,0.0,0.0,0.0,0.0,true,, 2.0
2025-04-12 13:12:35 +0000,Dumbbell Incline Bench Press, 6,34.01946820767298,0.0,0.0,0.0,0.0,false,, 2.0
2025-04-12 13:12:35 +0000,Dumbbell Incline Bench Press, 6,34.01946820767298,0.0,0.0,0.0,0.0,false,, 2.0
2025-04-12 13:12:35 +0000,Dumbbell Incline Bench Press, 6,34.01946820767298,0.0,0.0,0.0,0.0,false,, 2.0
2025-04-12 13:12:35 +0000,Dumbbell Incline Bench Press, 5,34.01946820767298,0.0,0.0,0.0,0.0,false,, 2.0
2025-04-12 13:12:35 +0000,Skullcrusher, 8,27.215574566138386,0.0,0.0,0.0,0.0,false,, 1.0
2025-04-12 13:12:35 +0000,Skullcrusher, 9,27.215574566138386,0.0,0.0,0.0,0.0,false,, 1.0
2025-04-12 13:12:35 +0000,Skullcrusher, 9,27.215574566138386,0.0,0.0,0.0,0.0,false,, 1.0
2025-04-12 13:12:35 +0000,Skullcrusher, 8,27.215574566138386,0.0,0.0,0.0,0.0,false,, 1.0
2025-04-12 13:12:35 +0000,Dumbbell Back Fly, 15,4.535929094356398,0.0,0.0,0.0,0.0,false,, 2.0
2025-04-12 13:12:35 +0000,Dumbbell Back Fly, 15,4.535929094356398,0.0,0.0,0.0,0.0,false,, 2.0
2025-04-12 13:12:35 +0000,Dumbbell Back Fly, 15,4.535929094356398,0.0,0.0,0.0,0.0,false,, 2.0
2025-04-12 13:12:35 +0000,Dumbbell Back Fly, 15,4.535929094356398,0.0,0.0,0.0,0.0,false,, 2.0
2025-04-12 13:12:35 +0000,Dumbbell Fly, 12,13.607787283069193,0.0,0.0,0.0,0.0,false,, 2.0
2025-04-12 13:12:35 +0000,Dumbbell Fly, 12,13.607787283069193,0.0,0.0,0.0,0.0,false,, 2.0
2025-04-12 13:12:35 +0000,Dumbbell Fly, 12,13.607787283069193,0.0,0.0,0.0,0.0,false,, 2.0
2025-04-12 13:12:35 +0000,Dumbbell Front Raise, 9,6.8038936415345965,0.0,0.0,0.0,0.0,false,, 2.0
2025-04-12 13:12:35 +0000,Dumbbell Front Raise, 9,6.8038936415345965,0.0,0.0,0.0,0.0,false,, 2.0
2025-04-12 13:12:35 +0000,Dumbbell Front Raise, 12,6.8038936415345965,0.0,0.0,0.0,0.0,false,, 2.0
2025-04-12 13:12:35 +0000,Tricep Push Up, 13,0.0,0.0,0.0,0.0,0.0,false,, 1.0
2025-04-12 13:12:35 +0000,Tricep Push Up, 13,0.0,0.0,0.0,0.0,0.0,false,, 1.0
2025-04-12 13:12:35 +0000,Tricep Push Up, 13,0.0,0.0,0.0,0.0,0.0,false,, 1.0
2025-04-10 12:24:19 +0000,Pull Up, 9,0.0,0.0,0.0,0.0,0.0,false,, 1.0
2025-04-10 12:24:19 +0000,Pull Up, 9,0.0,0.0,0.0,0.0,0.0,false,, 1.0
2025-04-10 12:24:19 +0000,Pull Up, 8,0.0,0.0,0.0,0.0,0.0,false,, 1.0
2025-04-10 12:24:19 +0000,Upright Row, 6,36.28743275485118,0.0,0.0,0.0,0.0,false,, 1.0
2025-04-10 12:24:19 +0000,Upright Row, 6,36.28743275485118,0.0,0.0,0.0,0.0,false,, 1.0
2025-04-10 12:24:19 +0000,Upright Row, 6,36.28743275485118,0.0,0.0,0.0,0.0,false,, 1.0
2025-04-10 12:24:19 +0000,Upright Row, 8,36.28743275485118,0.0,0.0,0.0,0.0,false,, 1.0
2025-04-10 12:24:19 +0000,Dumbbell Bicep Curl, 7,15.87575183024739,0.0,0.0,0.0,0.0,false,, 2.0
2025-04-10 12:24:19 +0000,Dumbbell Bicep Curl, 9,15.87575183024739,0.0,0.0,0.0,0.0,false,, 2.0
2025-04-10 12:24:19 +0000,Dumbbell Bicep Curl, 8,15.87575183024739,0.0,0.0,0.0,0.0,false,, 2.0
2025-04-10 12:24:19 +0000,Cross Body Hammer Curls, 7,11.339822735890994,0.0,0.0,0.0,0.0,false,, 2.0
2025-04-10 12:24:19 +0000,Cross Body Hammer Curls, 8,11.339822735890994,0.0,0.0,0.0,0.0,false,, 2.0
2025-04-10 12:24:19 +0000,Cross Body Hammer Curls, 8,11.339822735890994,0.0,0.0,0.0,0.0,false,, 2.0
2025-04-10 12:24:19 +0000,Reverse Grip Barbell Bent Over Row, 8,49.895220037920375,0.0,0.0,0.0,0.0,false,, 1.0
2025-04-10 12:24:19 +0000,Reverse Grip Barbell Bent Over Row, 10,49.895220037920375,0.0,0.0,0.0,0.0,false,, 1.0
2025-04-10 12:24:19 +0000,Reverse Grip Barbell Bent Over Row, 10,49.895220037920375,0.0,0.0,0.0,0.0,false,, 1.0
2025-04-10 12:24:19 +0000,Reverse Grip Barbell Bent Over Row, 10,49.895220037920375,0.0,0.0,0.0,0.0,false,, 1.0
2025-04-10 12:24:19 +0000,Hanging Knee Raise, 10,0.0,0.0,0.0,0.0,0.0,false,, 1.0
2025-04-10 12:24:19 +0000,Hanging Knee Raise, 10,0.0,0.0,0.0,0.0,0.0,false,, 1.0
2025-04-10 12:24:19 +0000,Hanging Knee Raise, 10,0.0,0.0,0.0,0.0,0.0,false,, 1.0
2025-04-09 13:12:48 +0000,Dumbbell Bench Press, 8,18.14371637742559,0.0,0.0,0.0,0.0,true,, 2.0
2025-04-09 13:12:48 +0000,Dumbbell Bench Press, 11,31.75150366049478,0.0,0.0,0.0,0.0,false,, 2.0
2025-04-09 13:12:48 +0000,Dumbbell Bench Press, 11,31.75150366049478,0.0,0.0,0.0,0.0,false,, 2.0
2025-04-09 13:12:48 +0000,Dumbbell Bench Press, 11,31.75150366049478,0.0,0.0,0.0,0.0,false,, 2.0
2025-04-09 13:12:48 +0000,Dumbbell Lateral Raise, 9,6.8038936415345965,0.0,0.0,0.0,0.0,false,, 2.0
2025-04-09 13:12:48 +0000,Dumbbell Lateral Raise, 9,6.8038936415345965,0.0,0.0,0.0,0.0,false,, 2.0
2025-04-09 13:12:48 +0000,Dumbbell Lateral Raise, 9,6.8038936415345965,0.0,0.0,0.0,0.0,false,, 2.0
2025-04-09 13:12:48 +0000,Dumbbell Lateral Raise, 11,6.8038936415345965,0.0,0.0,0.0,0.0,false,, 2.0
2025-04-09 13:12:48 +0000,Tricep Push Up, 12,0.0,0.0,0.0,0.0,0.0,false,, 1.0
2025-04-09 13:12:48 +0000,Tricep Push Up, 12,0.0,0.0,0.0,0.0,0.0,false,, 1.0
2025-04-09 13:12:48 +0000,Tricep Push Up, 12,0.0,0.0,0.0,0.0,0.0,false,, 1.0
2025-04-09 13:12:48 +0000,Tricep Push Up, 15,0.0,0.0,0.0,0.0,0.0,false,, 1.0
2025-04-09 13:12:48 +0000,Dumbbell Shoulder Press, 6,15.87575183024739,0.0,0.0,0.0,0.0,false,, 2.0
2025-04-09 13:12:48 +0000,Dumbbell Shoulder Press, 6,15.87575183024739,0.0,0.0,0.0,0.0,false,, 2.0
2025-04-09 13:12:48 +0000,Dumbbell Shoulder Press, 6,15.87575183024739,0.0,0.0,0.0,0.0,false,, 2.0
2025-04-09 13:12:48 +0000,Dumbbell Shoulder Press, 8,15.87575183024739,0.0,0.0,0.0,0.0,false,, 2.0
2025-04-09 13:12:48 +0000,Cable One Arm Underhand Tricep Extension, 12,9.071858188712795,0.0,0.0,0.0,0.0,false,, 2.0
2025-04-09 13:12:48 +0000,Cable One Arm Underhand Tricep Extension, 12,11.339822735890994,0.0,0.0,0.0,0.0,false,, 2.0
2025-04-09 13:12:48 +0000,Cable One Arm Underhand Tricep Extension, 13,11.339822735890994,0.0,0.0,0.0,0.0,false,, 2.0
2025-04-08 13:12:51 +0000,Leg Extension, 8,65.77097186816776,0.0,0.0,0.0,0.0,true,, 1.0
2025-04-08 13:12:51 +0000,Leg Extension, 3,99.79044007584075,0.0,0.0,0.0,0.0,true,, 1.0
2025-04-08 13:12:51 +0000,Leg Extension, 8,117.93415645326634,0.0,0.0,0.0,0.0,false,, 1.0
2025-04-08 13:12:51 +0000,Leg Extension, 8,117.93415645326634,0.0,0.0,0.0,0.0,false,, 1.0
2025-04-08 13:12:51 +0000,Leg Extension, 8,117.93415645326634,0.0,0.0,0.0,0.0,false,, 1.0
2025-04-08 13:12:51 +0000,Leg Extension, 10,117.93415645326634,0.0,0.0,0.0,0.0,false,, 1.0
2025-04-08 13:12:51 +0000,Seated Leg Curl, 10,86.18265279277155,0.0,0.0,0.0,0.0,false,, 1.0
2025-04-08 13:12:51 +0000,Seated Leg Curl, 10,86.18265279277155,0.0,0.0,0.0,0.0,false,, 1.0
2025-04-08 13:12:51 +0000,Seated Leg Curl, 10,86.18265279277155,0.0,0.0,0.0,0.0,false,, 1.0
2025-04-08 13:12:51 +0000,Seated Leg Curl, 11,86.18265279277155,0.0,0.0,0.0,0.0,false,, 1.0
2025-04-08 13:12:51 +0000,Seated Leg Curl, 11,86.18265279277155,0.0,0.0,0.0,0.0,false,, 1.0
2025-04-08 13:12:51 +0000,Seated Leg Curl, 13,86.18265279277155,0.0,0.0,0.0,0.0,false,, 1.0
2025-04-08 13:12:51 +0000,Glute Kickback Machine, 8,24.947610018960187,0.0,0.0,0.0,0.0,true,, 2.0
2025-04-08 13:12:51 +0000,Glute Kickback Machine, 10,45.35929094356398,0.0,0.0,0.0,0.0,false,, 2.0
2025-04-08 13:12:51 +0000,Glute Kickback Machine, 10,45.35929094356398,0.0,0.0,0.0,0.0,false,, 2.0
2025-04-08 13:12:51 +0000,Glute Kickback Machine, 14,45.35929094356398,0.0,0.0,0.0,0.0,false,, 2.0
2025-04-08 13:12:51 +0000,Dumbbell Lunge, 5,22.67964547178199,0.0,0.0,0.0,0.0,false,, 4.0
2025-04-08 13:12:51 +0000,Dumbbell Lunge, 5,22.67964547178199,0.0,0.0,0.0,0.0,false,, 4.0
2025-04-08 13:12:51 +0000,Dumbbell Lunge, 5,22.67964547178199,0.0,0.0,0.0,0.0,false,, 4.0
2025-04-08 13:12:51 +0000,Dumbbell Romanian Deadlift, 8,15.87575183024739,0.0,0.0,0.0,0.0,true,, 2.0
2025-04-08 13:12:51 +0000,Dumbbell Romanian Deadlift, 11,27.215574566138386,0.0,0.0,0.0,0.0,false,, 2.0
2025-04-08 13:12:51 +0000,Dumbbell Romanian Deadlift, 11,27.215574566138386,0.0,0.0,0.0,0.0,false,, 2.0
2025-04-08 13:12:51 +0000,Dumbbell Romanian Deadlift, 12,27.215574566138386,0.0,0.0,0.0,0.0,false,, 2.0
2025-04-07 13:19:46 +0000,Dumbbell Bicep Curl, 8,15.87575183024739,0.0,0.0,0.0,0.0,false,, 2.0
2025-04-07 13:19:46 +0000,Dumbbell Bicep Curl, 8,15.87575183024739,0.0,0.0,0.0,0.0,false,, 2.0
2025-04-07 13:19:46 +0000,Dumbbell Bicep Curl, 8,15.87575183024739,0.0,0.0,0.0,0.0,false,, 2.0
2025-04-07 13:19:46 +0000,Dumbbell Bicep Curl, 8,15.87575183024739,0.0,0.0,0.0,0.0,false,, 2.0
2025-04-07 13:19:46 +0000,Incline Dumbbell Row, 7,15.87575183024739,0.0,0.0,0.0,0.0,false,, 2.0
2025-04-07 13:19:46 +0000,Incline Dumbbell Row, 7,15.87575183024739,0.0,0.0,0.0,0.0,false,, 2.0
2025-04-07 13:19:46 +0000,Incline Dumbbell Row, 7,15.87575183024739,0.0,0.0,0.0,0.0,false,, 2.0
2025-04-07 13:19:46 +0000,Incline Dumbbell Row, 7,15.87575183024739,0.0,0.0,0.0,0.0,false,, 2.0
2025-04-07 13:19:46 +0000,Lat Pulldown, 8,43.091326396385774,0.0,0.0,0.0,0.0,true,, 1.0
2025-04-07 13:19:46 +0000,Lat Pulldown, 6,68.03893641534596,0.0,0.0,0.0,0.0,false,, 1.0
2025-04-07 13:19:46 +0000,Lat Pulldown, 7,68.03893641534596,0.0,0.0,0.0,0.0,false,, 1.0
2025-04-07 13:19:46 +0000,Lat Pulldown, 8,68.03893641534596,0.0,0.0,0.0,0.0,false,, 1.0
2025-04-07 13:19:46 +0000,Dumbbell Shrug, 11,31.75150366049478,0.0,0.0,0.0,0.0,false,, 2.0
2025-04-07 13:19:46 +0000,Dumbbell Shrug, 11,31.75150366049478,0.0,0.0,0.0,0.0,false,, 2.0
2025-04-07 13:19:46 +0000,Dumbbell Shrug, 11,31.75150366049478,0.0,0.0,0.0,0.0,false,, 2.0
2025-04-07 13:19:46 +0000,Dumbbell Shrug, 15,31.75150366049478,0.0,0.0,0.0,0.0,false,, 2.0
2025-04-07 13:19:46 +0000,Shotgun Row, 8,15.87575183024739,0.0,0.0,0.0,0.0,true,, 2.0
2025-04-07 13:19:46 +0000,Shotgun Row, 10,27.215574566138386,0.0,0.0,0.0,0.0,false,, 2.0
2025-04-07 13:19:46 +0000,Shotgun Row, 10,27.215574566138386,0.0,0.0,0.0,0.0,false,, 2.0
2025-04-07 13:19:46 +0000,Shotgun Row, 15,27.215574566138386,0.0,0.0,0.0,0.0,false,, 2.0
2025-04-07 13:19:46 +0000,Vertical Knee Raise, 12,0.0,0.0,0.0,0.0,0.0,false,, 1.0
2025-04-07 13:19:46 +0000,Vertical Knee Raise, 12,0.0,0.0,0.0,0.0,0.0,false,, 1.0
2025-04-07 13:19:46 +0000,Vertical Knee Raise, 12,0.0,0.0,0.0,0.0,0.0,false,, 1.0
2025-04-07 13:19:46 +0000,Vertical Knee Raise, 20,0.0,0.0,0.0,0.0,0.0,false,, 1.0
2025-04-05 13:08:51 +0000,Dumbbell Bench Press, 8,20.41168092460379,0.0,0.0,0.0,0.0,true,, 2.0
2025-04-05 13:08:51 +0000,Dumbbell Bench Press, 8,36.28743275485118,0.0,0.0,0.0,0.0,false,, 2.0
2025-04-05 13:08:51 +0000,Dumbbell Bench Press, 8,36.28743275485118,0.0,0.0,0.0,0.0,false,, 2.0
2025-04-05 13:08:51 +0000,Dumbbell Bench Press, 7,36.28743275485118,0.0,0.0,0.0,0.0,false,, 2.0
2025-04-05 13:08:51 +0000,Skullcrusher, 8,27.215574566138386,0.0,0.0,0.0,0.0,false,, 1.0
2025-04-05 13:08:51 +0000,Skullcrusher, 9,27.215574566138386,0.0,0.0,0.0,0.0,false,, 1.0
2025-04-05 13:08:51 +0000,Skullcrusher, 10,27.215574566138386,0.0,0.0,0.0,0.0,false,, 1.0
2025-04-05 13:08:51 +0000,Dumbbell Rear Delt Raise, 7,9.071858188712795,0.0,0.0,0.0,0.0,false,, 2.0
2025-04-05 13:08:51 +0000,Dumbbell Rear Delt Raise, 7,9.071858188712795,0.0,0.0,0.0,0.0,false,, 2.0
2025-04-05 13:08:51 +0000,Dumbbell Rear Delt Raise, 7,9.071858188712795,0.0,0.0,0.0,0.0,false,, 2.0
2025-04-05 13:08:51 +0000,Pike Push Up, 10,0.0,0.0,0.0,0.0,0.0,false,, 1.0
2025-04-05 13:08:51 +0000,Pike Push Up, 10,0.0,0.0,0.0,0.0,0.0,false,, 1.0
2025-04-05 13:08:51 +0000,Pike Push Up, 10,0.0,0.0,0.0,0.0,0.0,false,, 1.0
2025-04-05 13:08:51 +0000,Pike Push Up, 10,0.0,0.0,0.0,0.0,0.0,false,, 1.0
2025-04-05 13:08:51 +0000,Cable Tricep Pushdown, 11,38.55539730202938,0.0,0.0,0.0,0.0,false,, 1.0
2025-04-05 13:08:51 +0000,Cable Tricep Pushdown, 11,38.55539730202938,0.0,0.0,0.0,0.0,false,, 1.0
2025-04-05 13:08:51 +0000,Cable Tricep Pushdown, 11,38.55539730202938,0.0,0.0,0.0,0.0,false,, 1.0
2025-04-05 13:08:51 +0000,Cable Tricep Pushdown, 11,38.55539730202938,0.0,0.0,0.0,0.0,false,, 1.0
2025-04-05 13:08:51 +0000,Machine Fly, 8,36.28743275485118,0.0,0.0,0.0,0.0,true,, 1.0
2025-04-05 13:08:51 +0000,Machine Fly, 12,54.43114913227677,0.0,0.0,0.0,0.0,false,, 1.0
2025-04-05 13:08:51 +0000,Machine Fly, 12,54.43114913227677,0.0,0.0,0.0,0.0,false,, 1.0
2025-04-05 13:08:51 +0000,Machine Fly, 15,54.43114913227677,0.0,0.0,0.0,0.0,false,, 1.0
2025-04-04 12:31:03 +0000,Seated Leg Curl, 8,56.69911367945497,0.0,0.0,0.0,0.0,true,, 1.0
2025-04-04 12:31:03 +0000,Seated Leg Curl, 3,86.18265279277155,0.0,0.0,0.0,0.0,true,, 1.0
2025-04-04 12:31:03 +0000,Seated Leg Curl, 8,95.25451098148434,0.0,0.0,0.0,0.0,false,, 1.0
2025-04-04 12:31:03 +0000,Seated Leg Curl, 8,95.25451098148434,0.0,0.0,0.0,0.0,false,, 1.0
2025-04-04 12:31:03 +0000,Seated Leg Curl, 8,95.25451098148434,0.0,0.0,0.0,0.0,false,, 1.0
2025-04-04 12:31:03 +0000,Leg Extension, 8,79.37875915123695,0.0,0.0,0.0,0.0,true,, 1.0
2025-04-04 12:31:03 +0000,Leg Extension, 3,113.39822735890993,0.0,0.0,0.0,0.0,true,, 1.0
2025-04-04 12:31:03 +0000,Leg Extension, 8,117.93415645326634,0.0,0.0,0.0,0.0,false,, 1.0
2025-04-04 12:31:03 +0000,Leg Extension, 8,117.93415645326634,0.0,0.0,0.0,0.0,false,, 1.0
2025-04-04 12:31:03 +0000,Leg Extension, 8,117.93415645326634,0.0,0.0,0.0,0.0,false,, 1.0
2025-04-04 12:31:03 +0000,Dumbbell Goblet Squat, 10,11.339822735890994,0.0,0.0,0.0,0.0,false,, 1.0
2025-04-04 12:31:03 +0000,Dumbbell Goblet Squat, 10,15.87575183024739,0.0,0.0,0.0,0.0,false,, 1.0
2025-04-04 12:31:03 +0000,Dumbbell Goblet Squat, 20,15.87575183024739,0.0,0.0,0.0,0.0,false,, 1.0
2025-04-04 12:31:03 +0000,Single Leg Romanian Deadlift, 10,11.339822735890994,0.0,0.0,0.0,0.0,false,, 4.0
2025-04-04 12:31:03 +0000,Single Leg Romanian Deadlift, 10,15.87575183024739,0.0,0.0,0.0,0.0,false,, 4.0
2025-04-04 12:31:03 +0000,Single Leg Romanian Deadlift, 10,15.87575183024739,0.0,0.0,0.0,0.0,false,, 4.0
2025-04-04 12:31:03 +0000,Glute Kickback Machine, 8,29.483539113316585,0.0,0.0,0.0,0.0,true,, 2.0
2025-04-04 12:31:03 +0000,Glute Kickback Machine, 8,47.62725549074217,0.0,0.0,0.0,0.0,false,, 2.0
2025-04-04 12:31:03 +0000,Seated Machine Calf Press, 18,36.28743275485118,0.0,0.0,0.0,0.0,false,, 1.0
2025-04-04 12:31:03 +0000,Seated Machine Calf Press, 18,36.28743275485118,0.0,0.0,0.0,0.0,false,, 1.0
2025-04-03 12:05:54 +0000,Pull Up, 3,0.0,0.0,0.0,0.0,0.0,false,, 1.0
2025-04-03 12:05:54 +0000,Pull Up, 3,0.0,0.0,0.0,0.0,0.0,false,, 1.0
2025-04-03 12:05:54 +0000,Pull Up, 10,0.0,0.0,0.0,0.0,0.0,false,, 1.0
2025-04-03 12:05:54 +0000,Pull Up, 8,0.0,0.0,0.0,0.0,0.0,false,, 1.0
2025-04-03 12:05:54 +0000,Seated Dumbbell Curl, 5,15.87575183024739,0.0,0.0,0.0,0.0,false,, 2.0
2025-04-03 12:05:54 +0000,Seated Dumbbell Curl, 5,15.87575183024739,0.0,0.0,0.0,0.0,false,, 2.0
2025-04-03 12:05:54 +0000,Seated Dumbbell Curl, 5,15.87575183024739,0.0,0.0,0.0,0.0,false,, 2.0
2025-04-03 12:05:54 +0000,Cross Body Hammer Curls, 7,11.339822735890994,0.0,0.0,0.0,0.0,false,, 2.0
2025-04-03 12:05:54 +0000,Cross Body Hammer Curls, 7,11.339822735890994,0.0,0.0,0.0,0.0,false,, 2.0
2025-04-03 12:05:54 +0000,Cross Body Hammer Curls, 7,11.339822735890994,0.0,0.0,0.0,0.0,false,, 2.0
2025-04-03 12:05:54 +0000,Cable Row, 8,40.82336184920758,0.0,0.0,0.0,0.0,true,, 1.0
2025-04-03 12:05:54 +0000,Cable Row, 10,68.03893641534596,0.0,0.0,0.0,0.0,false,, 1.0
2025-04-03 12:05:54 +0000,Cable Row, 11,68.03893641534596,0.0,0.0,0.0,0.0,false,, 1.0
2025-04-03 12:05:54 +0000,Cable Row, 11,68.03893641534596,0.0,0.0,0.0,0.0,false,, 1.0
2025-04-03 12:05:54 +0000,EZ-Bar Curl, 8,31.75150366049478,0.0,0.0,0.0,0.0,false,, 1.0
2025-04-03 12:05:54 +0000,EZ-Bar Curl, 6,31.75150366049478,0.0,0.0,0.0,0.0,false,, 1.0
2025-04-02 12:15:39 +0000,Dumbbell Incline Bench Press, 8,18.14371637742559,0.0,0.0,0.0,0.0,true,, 2.0
2025-04-02 12:15:39 +0000,Dumbbell Incline Bench Press, 9,31.75150366049478,0.0,0.0,0.0,0.0,false,, 2.0
2025-04-02 12:15:39 +0000,Dumbbell Incline Bench Press, 8,31.75150366049478,0.0,0.0,0.0,0.0,false,, 2.0
2025-04-02 12:15:39 +0000,Dumbbell Incline Bench Press, 9,31.75150366049478,0.0,0.0,0.0,0.0,false,, 2.0
2025-04-02 12:15:39 +0000,Dumbbell Incline Bench Press, 7,31.75150366049478,0.0,0.0,0.0,0.0,false,, 2.0
2025-04-02 12:15:39 +0000,Dip, 10,0.0,0.0,0.0,0.0,0.0,false,, 1.0
2025-04-02 12:15:39 +0000,Dip, 10,0.0,0.0,0.0,0.0,0.0,false,, 1.0
2025-04-02 12:15:39 +0000,Dip, 15,0.0,0.0,0.0,0.0,0.0,false,, 1.0
2025-04-02 12:15:39 +0000,Dumbbell Front Raise, 7,6.8038936415345965,0.0,0.0,0.0,0.0,false,, 2.0
2025-04-02 12:15:39 +0000,Dumbbell Front Raise, 7,6.8038936415345965,0.0,0.0,0.0,0.0,false,, 2.0
2025-04-02 12:15:39 +0000,Dumbbell Front Raise, 9,6.8038936415345965,0.0,0.0,0.0,0.0,false,, 2.0
2025-04-02 12:15:39 +0000,Dumbbell Lateral Raise, 9,6.8038936415345965,0.0,0.0,0.0,0.0,false,, 2.0
2025-04-02 12:15:39 +0000,Dumbbell Lateral Raise, 9,6.8038936415345965,0.0,0.0,0.0,0.0,false,, 2.0
2025-04-02 12:15:39 +0000,Dumbbell Lateral Raise, 10,6.8038936415345965,0.0,0.0,0.0,0.0,false,, 2.0
2025-04-02 12:15:39 +0000,Push Up, 15,0.0,0.0,0.0,0.0,0.0,false,, 1.0
2025-04-02 12:15:39 +0000,Push Up, 15,0.0,0.0,0.0,0.0,0.0,false,, 1.0
2025-04-02 12:15:39 +0000,Push Up, 15,0.0,0.0,0.0,0.0,0.0,false,, 1.0
2025-04-02 12:15:39 +0000,Scissor Crossover Kick, 25,0.0,0.0,0.0,0.0,0.0,false,, 2.0
2025-04-02 12:15:39 +0000,Scissor Crossover Kick, 25,0.0,0.0,0.0,0.0,0.0,false,, 2.0
2025-04-02 12:15:39 +0000,Scissor Crossover Kick, 25,0.0,0.0,0.0,0.0,0.0,false,, 2.0
2025-04-02 12:15:39 +0000,Bench Dip, 20,0.0,0.0,0.0,0.0,0.0,false,, 1.0
2025-04-02 12:15:39 +0000,Bench Dip, 20,0.0,0.0,0.0,0.0,0.0,false,, 1.0
2025-04-02 12:15:39 +0000,Bench Dip, 20,0.0,0.0,0.0,0.0,0.0,false,, 1.0
2025-04-01 12:13:49 +0000,Side Leg Hip Circle, 8,0.0,0.0,0.0,0.0,0.0,false,, 2.0
2025-04-01 12:13:49 +0000,Side Leg Hip Circle, 8,0.0,0.0,0.0,0.0,0.0,false,, 2.0
2025-04-01 12:13:49 +0000,Side Leg Hip Circle, 8,0.0,0.0,0.0,0.0,0.0,false,, 2.0
2025-04-01 12:13:49 +0000,Side Leg Hip Circle, 8,0.0,0.0,0.0,0.0,0.0,false,, 2.0
2025-04-01 12:13:49 +0000,Seated Leg Curl, 8,63.50300732098956,0.0,0.0,0.0,0.0,true,, 1.0
2025-04-01 12:13:49 +0000,Seated Leg Curl, 3,92.98654643430615,0.0,0.0,0.0,0.0,true,, 1.0
2025-04-01 12:13:49 +0000,Seated Leg Curl, 6,104.32636917019714,0.0,0.0,0.0,0.0,false,, 1.0
2025-04-01 12:13:49 +0000,Seated Leg Curl, 6,104.32636917019714,0.0,0.0,0.0,0.0,false,, 1.0
2025-04-01 12:13:49 +0000,Seated Leg Curl, 6,104.32636917019714,0.0,0.0,0.0,0.0,false,, 1.0
2025-04-01 12:13:49 +0000,Seated Leg Curl, 7,104.32636917019714,0.0,0.0,0.0,0.0,false,, 1.0
2025-04-01 12:13:49 +0000,Leg Extension, 8,77.11079460405875,0.0,0.0,0.0,0.0,true,, 1.0
2025-04-01 12:13:49 +0000,Leg Extension, 3,102.05840462301894,0.0,0.0,0.0,0.0,true,, 1.0
2025-04-01 12:13:49 +0000,Leg Extension, 10,111.13026281173174,0.0,0.0,0.0,0.0,false,, 1.0
2025-04-01 12:13:49 +0000,Leg Extension, 10,111.13026281173174,0.0,0.0,0.0,0.0,false,, 1.0
2025-04-01 12:13:49 +0000,Leg Extension, 10,111.13026281173174,0.0,0.0,0.0,0.0,false,, 1.0
2025-04-01 12:13:49 +0000,Leg Extension, 10,111.13026281173174,0.0,0.0,0.0,0.0,false,, 1.0
2025-04-01 12:13:49 +0000,Single Leg Hip Thrust, 19,0.0,0.0,0.0,0.0,0.0,false,, 2.0
2025-04-01 12:13:49 +0000,Single Leg Hip Thrust, 19,0.0,0.0,0.0,0.0,0.0,false,, 2.0
2025-04-01 12:13:49 +0000,Single Leg Hip Thrust, 21,0.0,0.0,0.0,0.0,0.0,false,, 2.0
2025-04-01 12:13:49 +0000,Dumbbell Lunge, 5,22.67964547178199,0.0,0.0,0.0,0.0,false,, 4.0
2025-04-01 12:13:49 +0000,Dumbbell Lunge, 5,22.67964547178199,0.0,0.0,0.0,0.0,false,, 4.0
2025-04-01 12:13:49 +0000,Dumbbell Lunge, 6,22.67964547178199,0.0,0.0,0.0,0.0,false,, 4.0
2025-04-01 12:13:49 +0000,Russian Twist, 15,11.339822735890994,0.0,0.0,0.0,0.0,false,, 2.0
2025-04-01 12:13:49 +0000,Russian Twist, 15,11.339822735890994,0.0,0.0,0.0,0.0,false,, 2.0
2025-04-01 12:13:49 +0000,Russian Twist, 18,11.339822735890994,0.0,0.0,0.0,0.0,false,, 2.0
2025-04-01 12:13:49 +0000,Calf Raise, 20,0.0,0.0,0.0,0.0,0.0,false,, 1.0
2025-04-01 12:13:49 +0000,Calf Raise, 22,0.0,0.0,0.0,0.0,0.0,false,, 1.0
2025-04-01 12:13:49 +0000,Calf Raise, 25,0.0,0.0,0.0,0.0,0.0,false,, 1.0
2025-03-31 12:20:03 +0000,Dumbbell Bicep Curl, 8,15.87575183024739,0.0,0.0,0.0,0.0,false,, 2.0
2025-03-31 12:20:03 +0000,Dumbbell Bicep Curl, 8,15.87575183024739,0.0,0.0,0.0,0.0,false,, 2.0
2025-03-31 12:20:03 +0000,Dumbbell Bicep Curl, 8,15.87575183024739,0.0,0.0,0.0,0.0,false,, 2.0
2025-03-31 12:20:03 +0000,Dumbbell Bicep Curl, 8,15.87575183024739,0.0,0.0,0.0,0.0,false,, 2.0
2025-03-31 12:20:03 +0000,Bent Over Barbell Row, 10,20.41168092460379,0.0,0.0,0.0,0.0,true,, 1.0
2025-03-31 12:20:03 +0000,Bent Over Barbell Row, 8,58.96707822663317,0.0,0.0,0.0,0.0,false,, 1.0
2025-03-31 12:20:03 +0000,Bent Over Barbell Row, 8,58.96707822663317,0.0,0.0,0.0,0.0,false,, 1.0
2025-03-31 12:20:03 +0000,Bent Over Barbell Row, 8,58.96707822663317,0.0,0.0,0.0,0.0,false,, 1.0
2025-03-31 12:20:03 +0000,Bent Over Barbell Row, 8,58.96707822663317,0.0,0.0,0.0,0.0,false,, 1.0
2025-03-31 12:20:03 +0000,Dumbbell Row, 6,20.41168092460379,0.0,0.0,0.0,0.0,true,, 2.0
2025-03-31 12:20:03 +0000,Dumbbell Row, 6,34.01946820767298,0.0,0.0,0.0,0.0,false,, 2.0
2025-03-31 12:20:03 +0000,Dumbbell Row, 6,34.01946820767298,0.0,0.0,0.0,0.0,false,, 2.0
2025-03-31 12:20:03 +0000,Dumbbell Row, 6,34.01946820767298,0.0,0.0,0.0,0.0,false,, 2.0
2025-03-31 12:20:03 +0000,Upright Row, 6,34.01946820767298,0.0,0.0,0.0,0.0,false,, 1.0
2025-03-31 12:20:03 +0000,Upright Row, 6,34.01946820767298,0.0,0.0,0.0,0.0,false,, 1.0
2025-03-31 12:20:03 +0000,Upright Row, 6,34.01946820767298,0.0,0.0,0.0,0.0,false,, 1.0
2025-03-31 12:20:03 +0000,Upright Row, 6,34.01946820767298,0.0,0.0,0.0,0.0,false,, 1.0
2025-03-31 12:20:03 +0000,V-Bar Pulldown, 8,43.091326396385774,0.0,0.0,0.0,0.0,true,, 1.0
2025-03-31 12:20:03 +0000,V-Bar Pulldown, 6,70.30690096252415,0.0,0.0,0.0,0.0,false,, 1.0
2025-03-31 12:20:03 +0000,V-Bar Pulldown, 6,70.30690096252415,0.0,0.0,0.0,0.0,false,, 1.0
2025-03-31 12:20:03 +0000,V-Bar Pulldown, 7,70.30690096252415,0.0,0.0,0.0,0.0,false,, 1.0
2025-03-31 12:20:03 +0000,EZ-Bar Curl, 8,27.215574566138386,0.0,0.0,0.0,0.0,false,, 1.0
2025-03-31 12:20:03 +0000,EZ-Bar Curl, 8,27.215574566138386,0.0,0.0,0.0,0.0,false,, 1.0
2025-03-31 12:20:03 +0000,EZ-Bar Curl, 8,27.215574566138386,0.0,0.0,0.0,0.0,false,, 1.0
2025-03-31 12:20:03 +0000,EZ-Bar Curl, 8,27.215574566138386,0.0,0.0,0.0,0.0,false,, 1.0
2025-03-29 12:06:51 +0000,Dumbbell Bench Press, 8,20.41168092460379,0.0,0.0,0.0,0.0,true,, 2.0
2025-03-29 12:06:51 +0000,Dumbbell Bench Press, 6,34.01946820767298,0.0,0.0,0.0,0.0,false,, 2.0
2025-03-29 12:06:51 +0000,Dumbbell Bench Press, 7,34.01946820767298,0.0,0.0,0.0,0.0,false,, 2.0
2025-03-29 12:06:51 +0000,Dumbbell Bench Press, 9,34.01946820767298,0.0,0.0,0.0,0.0,false,, 2.0
2025-03-29 12:06:51 +0000,Cable Rope Tricep Extension, 8,18.14371637742559,0.0,0.0,0.0,0.0,true,, 1.0
2025-03-29 12:06:51 +0000,Cable Rope Tricep Extension, 8,31.75150366049478,0.0,0.0,0.0,0.0,false,, 1.0
2025-03-29 12:06:51 +0000,Cable Rope Tricep Extension, 8,31.75150366049478,0.0,0.0,0.0,0.0,false,, 1.0
2025-03-29 12:06:51 +0000,Cable Rope Tricep Extension, 13,31.75150366049478,0.0,0.0,0.0,0.0,false,, 1.0
2025-03-29 12:06:51 +0000,Dumbbell Shoulder Press, 11,13.607787283069193,0.0,0.0,0.0,0.0,false,, 2.0
2025-03-29 12:06:51 +0000,Dumbbell Shoulder Press, 11,13.607787283069193,0.0,0.0,0.0,0.0,false,, 2.0
2025-03-29 12:06:51 +0000,Dumbbell Shoulder Press, 10,13.607787283069193,0.0,0.0,0.0,0.0,false,, 2.0
2025-03-29 12:06:51 +0000,Push Up, 19,0.0,0.0,0.0,0.0,0.0,false,, 1.0
2025-03-29 12:06:51 +0000,Push Up, 19,0.0,0.0,0.0,0.0,0.0,false,, 1.0
2025-03-29 12:06:51 +0000,Push Up, 19,0.0,0.0,0.0,0.0,0.0,false,, 1.0
2025-03-29 12:06:51 +0000,Dumbbell Rear Delt Raise, 10,6.8038936415345965,0.0,0.0,0.0,0.0,false,, 2.0
2025-03-29 12:06:51 +0000,Dumbbell Rear Delt Raise, 10,6.8038936415345965,0.0,0.0,0.0,0.0,false,, 2.0
2025-03-29 12:06:51 +0000,Dumbbell Rear Delt Raise, 10,6.8038936415345965,0.0,0.0,0.0,0.0,false,, 2.0
2025-03-29 12:06:51 +0000,Dumbbell Rear Delt Raise, 15,6.8038936415345965,0.0,0.0,0.0,0.0,false,, 2.0
2025-03-29 12:06:51 +0000,Dumbbell Skullcrusher, 10,9.071858188712795,0.0,0.0,0.0,0.0,false,, 2.0
2025-03-29 12:06:51 +0000,Dumbbell Skullcrusher, 10,9.071858188712795,0.0,0.0,0.0,0.0,false,, 2.0
2025-03-29 12:06:51 +0000,Dumbbell Skullcrusher, 10,9.071858188712795,0.0,0.0,0.0,0.0,false,, 2.0
2025-03-29 12:06:51 +0000,Dumbbell Skullcrusher, 9,9.071858188712795,0.0,0.0,0.0,0.0,false,, 2.0
2025-03-28 12:07:23 +0000,Leg Extension, 8,77.11079460405875,0.0,0.0,0.0,0.0,true,, 1.0
2025-03-28 12:07:23 +0000,Leg Extension, 3,104.32636917019714,0.0,0.0,0.0,0.0,true,, 1.0
2025-03-28 12:07:23 +0000,Leg Extension, 9,111.13026281173174,0.0,0.0,0.0,0.0,false,, 1.0
2025-03-28 12:07:23 +0000,Leg Extension, 9,111.13026281173174,0.0,0.0,0.0,0.0,false,, 1.0
2025-03-28 12:07:23 +0000,Leg Extension, 13,111.13026281173174,0.0,0.0,0.0,0.0,false,, 1.0
2025-03-28 12:07:23 +0000,Seated Leg Curl, 8,61.235042773811365,0.0,0.0,0.0,0.0,true,, 1.0
2025-03-28 12:07:23 +0000,Seated Leg Curl, 3,90.71858188712795,0.0,0.0,0.0,0.0,true,, 1.0
2025-03-28 12:07:23 +0000,Seated Leg Curl, 6,102.05840462301894,0.0,0.0,0.0,0.0,false,, 1.0
2025-03-28 12:07:23 +0000,Seated Leg Curl, 6,102.05840462301894,0.0,0.0,0.0,0.0,false,, 1.0
2025-03-28 12:07:23 +0000,Seated Leg Curl, 8,102.05840462301894,0.0,0.0,0.0,0.0,false,, 1.0
2025-03-28 12:07:23 +0000,Cable Hip Extension, 10,13.607787283069193,0.0,0.0,0.0,0.0,false,, 2.0
2025-03-28 12:07:23 +0000,Cable Hip Extension, 10,13.607787283069193,0.0,0.0,0.0,0.0,false,, 2.0
2025-03-28 12:07:23 +0000,Cable Hip Extension, 12,13.607787283069193,0.0,0.0,0.0,0.0,false,, 2.0
2025-03-28 12:07:23 +0000,Air Squats, 15,0.0,0.0,0.0,0.0,0.0,false,, 1.0
2025-03-28 12:07:23 +0000,Air Squats, 15,0.0,0.0,0.0,0.0,0.0,false,, 1.0
2025-03-28 12:07:23 +0000,Air Squats, 15,0.0,0.0,0.0,0.0,0.0,false,, 1.0
2025-03-28 12:07:23 +0000,Kettlebell Swing American, 7,15.87575183024739,0.0,0.0,0.0,0.0,false,, 1.0
2025-03-28 12:07:23 +0000,Kettlebell Swing American, 7,15.87575183024739,0.0,0.0,0.0,0.0,false,, 1.0
2025-03-28 12:07:23 +0000,Kettlebell Swing American, 7,15.87575183024739,0.0,0.0,0.0,0.0,false,, 1.0
2025-03-28 12:07:23 +0000,Kettlebell Swing American, 12,15.87575183024739,0.0,0.0,0.0,0.0,false,, 1.0
2025-03-28 12:07:23 +0000,Dumbbell Bulgarian Split Squat, 9,11.339822735890994,0.0,0.0,0.0,0.0,false,, 4.0
2025-03-28 12:07:23 +0000,Dumbbell Bulgarian Split Squat, 9,11.339822735890994,0.0,0.0,0.0,0.0,false,, 4.0
2025-03-28 12:07:23 +0000,Dumbbell Bulgarian Split Squat, 10,11.339822735890994,0.0,0.0,0.0,0.0,false,, 4.0
2025-03-28 12:07:23 +0000,Dumbbell Bulgarian Split Squat, 15,11.339822735890994,0.0,0.0,0.0,0.0,false,, 4.0
2025-03-28 12:07:23 +0000,Leg Pull-In, 10,0.0,0.0,0.0,0.0,0.0,false,, 1.0
2025-03-28 12:07:23 +0000,Leg Pull-In, 10,0.0,0.0,0.0,0.0,0.0,false,, 1.0
2025-03-28 12:07:23 +0000,Leg Pull-In, 18,0.0,0.0,0.0,0.0,0.0,false,, 1.0
2025-03-28 12:07:23 +0000,Leg Pull-In, 25,0.0,0.0,0.0,0.0,0.0,false,, 1.0
2025-03-27 12:20:12 +0000,Dumbbell Bicep Curl, 4,18.14371637742559,0.0,0.0,0.0,0.0,false,, 2.0
2025-03-27 12:20:12 +0000,Dumbbell Bicep Curl, 4,18.14371637742559,0.0,0.0,0.0,0.0,false,, 2.0
2025-03-27 12:20:12 +0000,Dumbbell Bicep Curl, 5,18.14371637742559,0.0,0.0,0.0,0.0,false,, 2.0
2025-03-27 12:20:12 +0000,Dumbbell Bicep Curl, 5,18.14371637742559,0.0,0.0,0.0,0.0,false,, 2.0
2025-03-27 12:20:12 +0000,Shotgun Row, 10,18.14371637742559,0.0,0.0,0.0,0.0,true,, 2.0
2025-03-27 12:20:12 +0000,Shotgun Row, 7,29.483539113316585,0.0,0.0,0.0,0.0,false,, 2.0
2025-03-27 12:20:12 +0000,Shotgun Row, 8,29.483539113316585,0.0,0.0,0.0,0.0,false,, 2.0
2025-03-27 12:20:12 +0000,Shotgun Row, 10,29.483539113316585,0.0,0.0,0.0,0.0,false,, 2.0
2025-03-27 12:20:12 +0000,Hammer Curls, 10,13.607787283069193,0.0,0.0,0.0,0.0,false,, 2.0
2025-03-27 12:20:12 +0000,Hammer Curls, 11,11.339822735890994,0.0,0.0,0.0,0.0,false,, 2.0
2025-03-27 12:20:12 +0000,Hammer Curls, 11,11.339822735890994,0.0,0.0,0.0,0.0,false,, 2.0
2025-03-27 12:20:12 +0000,Hammer Curls, 11,11.339822735890994,0.0,0.0,0.0,0.0,false,, 2.0
2025-03-27 12:20:12 +0000,Upright Row, 10,29.483539113316585,0.0,0.0,0.0,0.0,false,, 1.0
2025-03-27 12:20:12 +0000,Upright Row, 10,29.483539113316585,0.0,0.0,0.0,0.0,false,, 1.0
2025-03-27 12:20:12 +0000,Upright Row, 10,29.483539113316585,0.0,0.0,0.0,0.0,false,, 1.0
2025-03-27 12:20:12 +0000,Toe Touchers, 22,0.0,0.0,0.0,0.0,0.0,false,, 1.0
2025-03-27 12:20:12 +0000,Toe Touchers, 22,0.0,0.0,0.0,0.0,0.0,false,, 1.0
2025-03-27 12:20:12 +0000,Toe Touchers, 22,0.0,0.0,0.0,0.0,0.0,false,, 1.0
2025-03-27 12:20:12 +0000,Toe Touchers, 33,0.0,0.0,0.0,0.0,0.0,false,, 1.0
2025-03-27 12:20:12 +0000,21's, 7,9.071858188712795,0.0,0.0,0.0,0.0,false,, 1.0
2025-03-27 12:20:12 +0000,21's, 7,9.071858188712795,0.0,0.0,0.0,0.0,false,, 1.0
2025-03-27 12:20:12 +0000,21's, 7,9.071858188712795,0.0,0.0,0.0,0.0,false,, 1.0
2025-03-27 12:20:12 +0000,21's, 11,9.071858188712795,0.0,0.0,0.0,0.0,false,, 1.0
2025-03-27 12:20:12 +0000,Reverse Grip Barbell Bent Over Row, 8,52.16318458509857,0.0,0.0,0.0,0.0,false,, 1.0
2025-03-27 12:20:12 +0000,Reverse Grip Barbell Bent Over Row, 8,52.16318458509857,0.0,0.0,0.0,0.0,false,, 1.0
2025-03-27 12:20:12 +0000,Reverse Grip Barbell Bent Over Row, 8,52.16318458509857,0.0,0.0,0.0,0.0,false,, 1.0
2025-03-26 12:15:03 +0000,Barbell Incline Bench Press, 3,52.16318458509857,0.0,0.0,0.0,0.0,false,, 1.0
2025-03-26 12:15:03 +0000,Barbell Incline Bench Press, 3,70.30690096252415,0.0,0.0,0.0,0.0,false,, 1.0
2025-03-26 12:15:03 +0000,Barbell Incline Bench Press, 3,81.64672369841516,0.0,0.0,0.0,0.0,false,, 1.0
2025-03-26 12:15:03 +0000,Barbell Incline Bench Press, 3,81.64672369841516,0.0,0.0,0.0,0.0,false,, 1.0
2025-03-26 12:15:03 +0000,Skullcrusher, 10,27.215574566138386,0.0,0.0,0.0,0.0,false,, 1.0
2025-03-26 12:15:03 +0000,Skullcrusher, 12,27.215574566138386,0.0,0.0,0.0,0.0,false,, 1.0
2025-03-26 12:15:03 +0000,Skullcrusher, 11,27.215574566138386,0.0,0.0,0.0,0.0,false,, 1.0
2025-03-26 12:15:03 +0000,Skullcrusher, 11,27.215574566138386,0.0,0.0,0.0,0.0,false,, 1.0
2025-03-26 12:15:03 +0000,Cable Face Pull, 10,24.947610018960187,0.0,0.0,0.0,0.0,false,, 1.0
2025-03-26 12:15:03 +0000,Cable Face Pull, 10,24.947610018960187,0.0,0.0,0.0,0.0,false,, 1.0
2025-03-26 12:15:03 +0000,Cable Face Pull, 10,24.947610018960187,0.0,0.0,0.0,0.0,false,, 1.0
2025-03-26 12:15:03 +0000,Cable Face Pull, 10,24.947610018960187,0.0,0.0,0.0,0.0,false,, 1.0
2025-03-26 12:15:03 +0000,Dumbbell Fly, 13,11.339822735890994,0.0,0.0,0.0,0.0,false,, 2.0
2025-03-26 12:15:03 +0000,Dumbbell Fly, 13,11.339822735890994,0.0,0.0,0.0,0.0,false,, 2.0
2025-03-26 12:15:03 +0000,Dumbbell Fly, 13,11.339822735890994,0.0,0.0,0.0,0.0,false,, 2.0
2025-03-26 12:15:03 +0000,Dumbbell Rear Delt Raise, 10,9.071858188712795,0.0,0.0,0.0,0.0,false,, 2.0
2025-03-26 12:15:03 +0000,Dumbbell Rear Delt Raise, 10,9.071858188712795,0.0,0.0,0.0,0.0,false,, 2.0
2025-03-26 12:15:03 +0000,Dumbbell Rear Delt Raise, 10,9.071858188712795,0.0,0.0,0.0,0.0,false,, 2.0
2025-03-26 12:15:03 +0000,Dip, 4,0.0,0.0,0.0,0.0,0.0,false,, 1.0
2025-03-26 12:15:03 +0000,Dip, 5,0.0,0.0,0.0,0.0,0.0,false,, 1.0
2025-03-26 12:15:03 +0000,Dip, 10,0.0,0.0,0.0,0.0,0.0,false,, 1.0
2025-03-26 12:15:03 +0000,Dip, 10,0.0,0.0,0.0,0.0,0.0,false,, 1.0
2025-03-26 12:15:03 +0000,Superman, 14,0.0,0.0,0.0,0.0,0.0,false,, 1.0
2025-03-26 12:15:03 +0000,Superman, 14,0.0,0.0,0.0,0.0,0.0,false,, 1.0
2025-03-26 12:15:03 +0000,Superman, 14,0.0,0.0,0.0,0.0,0.0,false,, 1.0
2025-03-26 12:15:03 +0000,Incline Push Up, 12,0.0,0.0,0.0,0.0,0.0,false,, 1.0
2025-03-26 12:15:03 +0000,Incline Push Up, 12,0.0,0.0,0.0,0.0,0.0,false,, 1.0
2025-03-26 12:15:03 +0000,Incline Push Up, 12,0.0,0.0,0.0,0.0,0.0,false,, 1.0
2025-03-25 12:04:09 +0000,Pulse Back Squat, 5,52.16318458509857,0.0,0.0,0.0,0.0,false,, 1.0
2025-03-25 12:04:09 +0000,Pulse Back Squat, 5,52.16318458509857,0.0,0.0,0.0,0.0,false,, 1.0
2025-03-25 12:04:09 +0000,Pulse Back Squat, 5,52.16318458509857,0.0,0.0,0.0,0.0,false,, 1.0
2025-03-25 12:04:09 +0000,Pulse Back Squat, 8,52.16318458509857,0.0,0.0,0.0,0.0,false,, 1.0
2025-03-25 12:04:09 +0000,Pulse Back Squat, 8,52.16318458509857,0.0,0.0,0.0,0.0,false,, 1.0
2025-03-25 12:04:09 +0000,Single Leg Hip Thrust, 16,0.0,0.0,0.0,0.0,0.0,false,, 2.0
2025-03-25 12:04:09 +0000,Single Leg Hip Thrust, 16,0.0,0.0,0.0,0.0,0.0,false,, 2.0
2025-03-25 12:04:09 +0000,Single Leg Hip Thrust, 16,0.0,0.0,0.0,0.0,0.0,false,, 2.0
2025-03-25 12:04:09 +0000,Single Leg Hip Thrust, 16,0.0,0.0,0.0,0.0,0.0,false,, 2.0
2025-03-25 12:04:09 +0000,Single Leg Hip Thrust, 16,0.0,0.0,0.0,0.0,0.0,false,, 2.0
2025-03-25 12:04:09 +0000,Single Leg Hip Thrust, 16,0.0,0.0,0.0,0.0,0.0,false,, 2.0
2025-03-25 12:04:09 +0000,Romanian Deadlift, 8,52.16318458509857,0.0,0.0,0.0,0.0,true,, 1.0
2025-03-25 12:04:09 +0000,Romanian Deadlift, 3,61.235042773811365,0.0,0.0,0.0,0.0,true,, 1.0
2025-03-25 12:04:09 +0000,Romanian Deadlift, 8,74.84283005688056,0.0,0.0,0.0,0.0,false,, 1.0
2025-03-25 12:04:09 +0000,Romanian Deadlift, 8,74.84283005688056,0.0,0.0,0.0,0.0,false,, 1.0
2025-03-25 12:04:09 +0000,Romanian Deadlift, 8,74.84283005688056,0.0,0.0,0.0,0.0,false,, 1.0
2025-03-25 12:04:09 +0000,Romanian Deadlift, 8,74.84283005688056,0.0,0.0,0.0,0.0,false,, 1.0
2025-03-25 12:04:09 +0000,Barbell Lunge, 6,31.75150366049478,0.0,0.0,0.0,0.0,false,, 2.0
2025-03-25 12:04:09 +0000,Barbell Lunge, 6,31.75150366049478,0.0,0.0,0.0,0.0,false,, 2.0
2025-03-25 12:04:09 +0000,Barbell Lunge, 6,31.75150366049478,0.0,0.0,0.0,0.0,false,, 2.0
2025-03-25 12:04:09 +0000,Seated Leg Curl, 8,61.235042773811365,0.0,0.0,0.0,0.0,true,, 1.0
2025-03-25 12:04:09 +0000,Seated Leg Curl, 3,92.98654643430615,0.0,0.0,0.0,0.0,true,, 1.0
2025-03-25 12:04:09 +0000,Seated Leg Curl, 6,102.05840462301894,0.0,0.0,0.0,0.0,false,, 1.0
2025-03-25 12:04:09 +0000,Seated Leg Curl, 6,102.05840462301894,0.0,0.0,0.0,0.0,false,, 1.0
2025-03-25 12:04:09 +0000,Seated Leg Curl, 6,102.05840462301894,0.0,0.0,0.0,0.0,false,, 1.0
2025-03-25 12:04:09 +0000,Cable Crunch, 8,31.75150366049478,0.0,0.0,0.0,0.0,false,, 1.0
2025-03-25 12:04:09 +0000,Cable Crunch, 8,40.82336184920758,0.0,0.0,0.0,0.0,false,, 1.0
2025-03-25 12:04:09 +0000,Cable Crunch, 10,49.895220037920375,0.0,0.0,0.0,0.0,false,, 1.0
2025-03-25 12:04:09 +0000,Cable Crunch, 10,58.96707822663317,0.0,0.0,0.0,0.0,false,, 1.0
2025-03-24 12:07:58 +0000,Barbell Curl, 5,38.55539730202938,0.0,0.0,0.0,0.0,false,, 1.0
2025-03-24 12:07:58 +0000,Barbell Curl, 5,36.28743275485118,0.0,0.0,0.0,0.0,false,, 1.0
2025-03-24 12:07:58 +0000,Barbell Curl, 5,36.28743275485118,0.0,0.0,0.0,0.0,false,, 1.0
2025-03-24 12:07:58 +0000,Barbell Curl, 5,36.28743275485118,0.0,0.0,0.0,0.0,false,, 1.0
2025-03-24 12:07:58 +0000,Barbell Curl, 5,36.28743275485118,0.0,0.0,0.0,0.0,false,, 1.0
2025-03-24 12:07:58 +0000,Bent Over Barbell Row, 8,38.55539730202938,0.0,0.0,0.0,0.0,true,, 1.0
2025-03-24 12:07:58 +0000,Bent Over Barbell Row, 6,61.235042773811365,0.0,0.0,0.0,0.0,false,, 1.0
2025-03-24 12:07:58 +0000,Bent Over Barbell Row, 6,61.235042773811365,0.0,0.0,0.0,0.0,false,, 1.0
2025-03-24 12:07:58 +0000,Bent Over Barbell Row, 6,61.235042773811365,0.0,0.0,0.0,0.0,false,, 1.0
2025-03-24 12:07:58 +0000,Bent Over Barbell Row, 6,61.235042773811365,0.0,0.0,0.0,0.0,false,, 1.0
2025-03-24 12:07:58 +0000,V-Bar Pull Up, 6,0.0,0.0,0.0,0.0,0.0,false,, 1.0
2025-03-24 12:07:58 +0000,V-Bar Pull Up, 6,0.0,0.0,0.0,0.0,0.0,false,, 1.0
2025-03-24 12:07:58 +0000,V-Bar Pull Up, 6,0.0,0.0,0.0,0.0,0.0,false,, 1.0
2025-03-24 12:07:58 +0000,V-Bar Pull Up, 6,0.0,0.0,0.0,0.0,0.0,false,, 1.0
2025-03-24 12:07:58 +0000,Barbell Shrug, 6,52.16318458509857,0.0,0.0,0.0,0.0,false,, 1.0
2025-03-24 12:07:58 +0000,Barbell Shrug, 8,52.16318458509857,0.0,0.0,0.0,0.0,false,, 1.0
2025-03-24 12:07:58 +0000,Barbell Shrug, 10,52.16318458509857,0.0,0.0,0.0,0.0,false,, 1.0
2025-03-24 12:07:58 +0000,Dumbbell Drag Pause Curl, 11,6.8038936415345965,0.0,0.0,0.0,0.0,false,, 2.0
2025-03-24 12:07:58 +0000,Dumbbell Drag Pause Curl, 11,6.8038936415345965,0.0,0.0,0.0,0.0,false,, 2.0
2025-03-24 12:07:58 +0000,Dumbbell Drag Pause Curl, 11,6.8038936415345965,0.0,0.0,0.0,0.0,false,, 2.0
2025-03-24 12:07:58 +0000,Dumbbell Drag Pause Curl, 11,6.8038936415345965,0.0,0.0,0.0,0.0,false,, 2.0
2025-03-24 12:07:58 +0000,Sit Up, 11,0.0,0.0,0.0,0.0,0.0,false,, 1.0
2025-03-24 12:07:58 +0000,Sit Up, 11,0.0,0.0,0.0,0.0,0.0,false,, 1.0
2025-03-24 12:07:58 +0000,Sit Up, 11,0.0,0.0,0.0,0.0,0.0,false,, 1.0
2025-03-24 12:07:58 +0000,Sit Up, 11,0.0,0.0,0.0,0.0,0.0,false,, 1.0
2025-03-24 12:07:58 +0000,Sit Up, 11,0.0,0.0,0.0,0.0,0.0,false,, 1.0
2025-03-23 01:54:19 +0000,Decline Push Up, 14,0.0,0.0,0.0,0.0,0.0,false,, 1.0
2025-03-23 01:54:19 +0000,Decline Push Up, 14,0.0,0.0,0.0,0.0,0.0,false,, 1.0
2025-03-23 01:54:19 +0000,Decline Push Up, 14,0.0,0.0,0.0,0.0,0.0,false,, 1.0
2025-03-23 01:54:19 +0000,Pike Push Up, 10,0.0,0.0,0.0,0.0,0.0,false,, 1.0
2025-03-23 01:54:19 +0000,Pike Push Up, 10,0.0,0.0,0.0,0.0,0.0,false,, 1.0
2025-03-23 01:54:19 +0000,Pike Push Up, 10,0.0,0.0,0.0,0.0,0.0,false,, 1.0
2025-03-23 01:54:19 +0000,Prone Y's, 10,0.0,0.0,0.0,0.0,0.0,false,, 1.0
2025-03-23 01:54:19 +0000,Prone Y's, 10,0.0,0.0,0.0,0.0,0.0,false,, 1.0
2025-03-23 01:54:19 +0000,Prone Y's, 10,0.0,0.0,0.0,0.0,0.0,false,, 1.0
2025-03-23 01:54:19 +0000,Prone Y's, 10,0.0,0.0,0.0,0.0,0.0,false,, 1.0
2025-03-23 01:54:19 +0000,Bench Dip, 21,0.0,0.0,0.0,0.0,0.0,false,, 1.0
2025-03-23 01:54:19 +0000,Bench Dip, 21,0.0,0.0,0.0,0.0,0.0,false,, 1.0
2025-03-23 01:54:19 +0000,Bench Dip, 21,0.0,0.0,0.0,0.0,0.0,false,, 1.0
2025-03-23 01:54:19 +0000,Bench Dip, 21,0.0,0.0,0.0,0.0,0.0,false,, 1.0
2025-03-23 01:54:19 +0000,Push Up, 15,0.0,0.0,0.0,0.0,0.0,false,, 1.0
2025-03-23 01:54:19 +0000,Push Up, 16,0.0,0.0,0.0,0.0,0.0,false,, 1.0
2025-03-23 01:54:19 +0000,Push Up, 18,0.0,0.0,0.0,0.0,0.0,false,, 1.0
2025-03-23 01:54:19 +0000,Push Up, 20,0.0,0.0,0.0,0.0,0.0,false,, 1.0
2025-03-23 01:54:19 +0000,Push Up, 22,0.0,0.0,0.0,0.0,0.0,false,, 1.0
2025-03-22 11:33:29 +0000,Deadlift, 8,52.16318458509857,0.0,0.0,0.0,0.0,true,, 1.0
2025-03-22 11:33:29 +0000,Deadlift, 10,83.91468824559335,0.0,0.0,0.0,0.0,false,, 1.0
2025-03-22 11:33:29 +0000,Deadlift, 10,83.91468824559335,0.0,0.0,0.0,0.0,false,, 1.0
2025-03-22 11:33:29 +0000,Deadlift, 10,83.91468824559335,0.0,0.0,0.0,0.0,false,, 1.0
2025-03-22 11:33:29 +0000,Barbell Step Up, 8,27.215574566138386,0.0,0.0,0.0,0.0,false,, 2.0
2025-03-22 11:33:29 +0000,Barbell Step Up, 8,27.215574566138386,0.0,0.0,0.0,0.0,false,, 2.0
2025-03-22 11:33:29 +0000,Barbell Step Up, 8,27.215574566138386,0.0,0.0,0.0,0.0,false,, 2.0
2025-03-22 11:33:29 +0000,Barbell Step Up, 8,27.215574566138386,0.0,0.0,0.0,0.0,false,, 2.0
2025-03-22 11:33:29 +0000,Elevated Hip Bridge, 13,0.0,0.0,0.0,0.0,0.0,false,, 1.0
2025-03-22 11:33:29 +0000,Elevated Hip Bridge, 13,0.0,0.0,0.0,0.0,0.0,false,, 1.0
2025-03-22 11:33:29 +0000,Elevated Hip Bridge, 14,0.0,0.0,0.0,0.0,0.0,false,, 1.0
2025-03-22 11:33:29 +0000,Elevated Hip Bridge, 14,0.0,0.0,0.0,0.0,0.0,false,, 1.0
2025-03-22 11:33:29 +0000,Dumbbell Walking Lunge, 16,6.8038936415345965,0.0,0.0,0.0,0.0,false,, 4.0
2025-03-22 11:33:29 +0000,Dumbbell Walking Lunge, 16,6.8038936415345965,0.0,0.0,0.0,0.0,false,, 4.0
2025-03-22 11:33:29 +0000,Dumbbell Walking Lunge, 16,6.8038936415345965,0.0,0.0,0.0,0.0,false,, 4.0
2025-03-22 11:33:29 +0000,Dumbbell Walking Lunge, 16,6.8038936415345965,0.0,0.0,0.0,0.0,false,, 4.0
2025-03-22 11:33:29 +0000,Seated Leg Curl, 8,40.82336184920758,0.0,0.0,0.0,0.0,true,, 1.0
2025-03-22 11:33:29 +0000,Seated Leg Curl, 8,68.03893641534596,0.0,0.0,0.0,0.0,false,, 1.0
2025-03-22 11:33:29 +0000,Seated Leg Curl, 8,77.11079460405875,0.0,0.0,0.0,0.0,false,, 1.0
2025-03-22 11:33:29 +0000,Seated Leg Curl, 8,95.25451098148434,0.0,0.0,0.0,0.0,false,, 1.0
2025-03-22 11:33:29 +0000,Seated Leg Curl, 8,95.25451098148434,0.0,0.0,0.0,0.0,false,, 1.0
2025-03-22 11:33:29 +0000,Plank, 0,0.0,50.0,0.0,0.0,0.0,false,, 0.0
2025-03-22 11:33:29 +0000,Plank, 0,0.0,50.0,0.0,0.0,0.0,false,, 0.0
2025-03-22 11:33:29 +0000,Plank, 0,0.0,50.0,0.0,0.0,0.0,false,, 0.0
2025-03-22 11:33:29 +0000,Plank, 0,0.0,50.0,0.0,0.0,0.0,false,, 0.0
2025-03-21 21:38:09 +0000,Dumbbell Incline Bench Press, 18,22.67964547178199,0.0,0.0,0.0,0.0,false,, 2.0
2025-03-21 21:38:09 +0000,Dumbbell Incline Bench Press, 16,22.67964547178199,0.0,0.0,0.0,0.0,false,, 2.0
2025-03-21 21:38:09 +0000,Dumbbell Incline Bench Press, 16,22.67964547178199,0.0,0.0,0.0,0.0,false,, 2.0
2025-03-21 21:38:09 +0000,Incline Dumbbell Row, 15,11.339822735890994,0.0,0.0,0.0,0.0,false,, 2.0
2025-03-21 21:38:09 +0000,Incline Dumbbell Row, 15,11.339822735890994,0.0,0.0,0.0,0.0,false,, 2.0
2025-03-21 21:38:09 +0000,Incline Dumbbell Row, 15,11.339822735890994,0.0,0.0,0.0,0.0,false,, 2.0
2025-03-21 21:38:09 +0000,Incline Dumbbell Curl, 20,4.535929094356398,0.0,0.0,0.0,0.0,false,, 2.0
2025-03-21 21:38:09 +0000,Incline Dumbbell Curl, 20,4.535929094356398,0.0,0.0,0.0,0.0,false,, 2.0
2025-03-21 21:38:09 +0000,Incline Dumbbell Curl, 20,4.535929094356398,0.0,0.0,0.0,0.0,false,, 2.0
2025-03-21 21:38:09 +0000,Dumbbell Back Fly, 15,4.535929094356398,0.0,0.0,0.0,0.0,false,, 2.0
2025-03-21 21:38:09 +0000,Dumbbell Back Fly, 15,4.535929094356398,0.0,0.0,0.0,0.0,false,, 2.0
2025-03-21 21:38:09 +0000,Dumbbell Back Fly, 15,4.535929094356398,0.0,0.0,0.0,0.0,false,, 2.0
2025-03-21 21:38:09 +0000,Cable Row, 8,45.35929094356398,0.0,0.0,0.0,0.0,true,, 1.0
2025-03-21 21:38:09 +0000,Cable Row, 6,77.11079460405875,0.0,0.0,0.0,0.0,false,, 1.0
2025-03-21 21:38:09 +0000,Cable Row, 6,77.11079460405875,0.0,0.0,0.0,0.0,false,, 1.0
2025-03-21 21:38:09 +0000,Cable Row, 6,77.11079460405875,0.0,0.0,0.0,0.0,false,, 1.0
2025-03-21 21:38:09 +0000,Cable Row, 6,77.11079460405875,0.0,0.0,0.0,0.0,false,, 1.0
2025-03-21 21:38:09 +0000,Tricep Push Up, 12,0.0,0.0,0.0,0.0,0.0,false,, 1.0
2025-03-21 21:38:09 +0000,Tricep Push Up, 12,0.0,0.0,0.0,0.0,0.0,false,, 1.0
2025-03-21 21:38:09 +0000,Tricep Push Up, 13,0.0,0.0,0.0,0.0,0.0,false,, 1.0
2025-03-21 21:38:09 +0000,Tricep Push Up, 13,0.0,0.0,0.0,0.0,0.0,false,, 1.0
2025-03-18 12:20:02 +0000,Dumbbell Incline Bench Press, 8,15.87575183024739,0.0,0.0,0.0,0.0,true,, 2.0
2025-03-18 12:20:02 +0000,Dumbbell Incline Bench Press, 13,24.947610018960187,0.0,0.0,0.0,0.0,false,, 2.0
2025-03-18 12:20:02 +0000,Dumbbell Incline Bench Press, 15,24.947610018960187,0.0,0.0,0.0,0.0,false,, 2.0
2025-03-18 12:20:02 +0000,Dumbbell Incline Bench Press, 14,24.947610018960187,0.0,0.0,0.0,0.0,false,, 2.0
2025-03-18 12:20:02 +0000,Cable Bicep Curl, 12,20.41168092460379,0.0,0.0,0.0,0.0,false,, 1.0
2025-03-18 12:20:02 +0000,Cable Bicep Curl, 12,20.41168092460379,0.0,0.0,0.0,0.0,false,, 1.0
2025-03-18 12:20:02 +0000,Cable Bicep Curl, 12,20.41168092460379,0.0,0.0,0.0,0.0,false,, 1.0
2025-03-18 12:20:02 +0000,Cable Bicep Curl, 12,20.41168092460379,0.0,0.0,0.0,0.0,false,, 1.0
2025-03-18 12:20:02 +0000,Dumbbell Bent Over Row, 11,18.14371637742559,0.0,0.0,0.0,0.0,false,, 2.0
2025-03-18 12:20:02 +0000,Dumbbell Bent Over Row, 11,18.14371637742559,0.0,0.0,0.0,0.0,false,, 2.0
2025-03-18 12:20:02 +0000,Dumbbell Bent Over Row, 11,15.87575183024739,0.0,0.0,0.0,0.0,false,, 2.0
2025-03-18 12:20:02 +0000,Dumbbell Lateral Raise, 9,6.8038936415345965,0.0,0.0,0.0,0.0,false,, 2.0
2025-03-18 12:20:02 +0000,Dumbbell Lateral Raise, 9,6.8038936415345965,0.0,0.0,0.0,0.0,false,, 2.0
2025-03-18 12:20:02 +0000,Dumbbell Lateral Raise, 9,6.8038936415345965,0.0,0.0,0.0,0.0,false,, 2.0
2025-03-17 12:06:37 +0000,Seated Leg Curl, 8,52.16318458509857,0.0,0.0,0.0,0.0,true,, 1.0
2025-03-17 12:06:37 +0000,Seated Leg Curl, 10,88.45061733994974,0.0,0.0,0.0,0.0,false,, 1.0
2025-03-17 12:06:37 +0000,Seated Leg Curl, 10,88.45061733994974,0.0,0.0,0.0,0.0,false,, 1.0
2025-03-17 12:06:37 +0000,Seated Leg Curl, 10,88.45061733994974,0.0,0.0,0.0,0.0,false,, 1.0
2025-03-17 12:06:37 +0000,Leg Extension, 8,63.50300732098956,0.0,0.0,0.0,0.0,true,, 1.0
2025-03-17 12:06:37 +0000,Leg Extension, 3,92.98654643430615,0.0,0.0,0.0,0.0,true,, 1.0
2025-03-17 12:06:37 +0000,Leg Extension, 10,104.32636917019714,0.0,0.0,0.0,0.0,false,, 1.0
2025-03-17 12:06:37 +0000,Leg Extension, 11,104.32636917019714,0.0,0.0,0.0,0.0,false,, 1.0
2025-03-17 12:06:37 +0000,Leg Extension, 11,104.32636917019714,0.0,0.0,0.0,0.0,false,, 1.0
2025-03-17 12:06:37 +0000,Single Leg Glute Bridge, 0,0.0,20.0,0.0,0.0,0.0,false,, 0.0
2025-03-17 12:06:37 +0000,Single Leg Glute Bridge, 0,0.0,20.0,0.0,0.0,0.0,false,, 0.0
2025-03-17 12:06:37 +0000,Single Leg Glute Bridge, 0,0.0,20.0,0.0,0.0,0.0,false,, 0.0
2025-03-17 12:06:37 +0000,Lunge, 16,0.0,0.0,0.0,0.0,0.0,false,, 2.0
2025-03-17 12:06:37 +0000,Lunge, 16,0.0,0.0,0.0,0.0,0.0,false,, 2.0
2025-03-17 12:06:37 +0000,Lunge, 16,0.0,0.0,0.0,0.0,0.0,false,, 2.0
2025-03-17 12:06:37 +0000,Incline Back Extension, 26,0.0,0.0,0.0,0.0,0.0,false,, 1.0
2025-03-17 12:06:37 +0000,Incline Back Extension, 26,0.0,0.0,0.0,0.0,0.0,false,, 1.0
2025-03-17 12:06:37 +0000,Incline Back Extension, 26,0.0,0.0,0.0,0.0,0.0,false,, 1.0
2025-03-15 14:03:03 +0000,Dumbbell Incline Bench Press, 8,15.87575183024739,0.0,0.0,0.0,0.0,true,, 2.0
2025-03-15 14:03:03 +0000,Dumbbell Incline Bench Press, 10,27.215574566138386,0.0,0.0,0.0,0.0,false,, 2.0
2025-03-15 14:03:03 +0000,Dumbbell Incline Bench Press, 10,27.215574566138386,0.0,0.0,0.0,0.0,false,, 2.0
2025-03-15 14:03:03 +0000,Dumbbell Incline Bench Press, 10,27.215574566138386,0.0,0.0,0.0,0.0,false,, 2.0
2025-03-15 14:03:03 +0000,Lat Pulldown, 8,36.28743275485118,0.0,0.0,0.0,0.0,true,, 1.0
2025-03-15 14:03:03 +0000,Lat Pulldown, 10,61.235042773811365,0.0,0.0,0.0,0.0,false,, 1.0
2025-03-15 14:03:03 +0000,Lat Pulldown, 10,61.235042773811365,0.0,0.0,0.0,0.0,false,, 1.0
2025-03-15 14:03:03 +0000,Lat Pulldown, 10,61.235042773811365,0.0,0.0,0.0,0.0,false,, 1.0
2025-03-15 14:03:03 +0000,Cable Rope Hammer Curls, 12,14.741769556658292,0.0,0.0,0.0,0.0,false,, 1.0
2025-03-15 14:03:03 +0000,Cable Rope Hammer Curls, 12,14.741769556658292,0.0,0.0,0.0,0.0,false,, 1.0
2025-03-15 14:03:03 +0000,Cable Rope Hammer Curls, 12,14.741769556658292,0.0,0.0,0.0,0.0,false,, 1.0
2025-03-15 14:03:03 +0000,Cable Rope Hammer Curls, 12,14.741769556658292,0.0,0.0,0.0,0.0,false,, 1.0
2025-03-15 14:03:03 +0000,Cable Rope Tricep Extension, 10,29.483539113316585,0.0,0.0,0.0,0.0,false,, 1.0
2025-03-15 14:03:03 +0000,Cable Rope Tricep Extension, 10,29.483539113316585,0.0,0.0,0.0,0.0,false,, 1.0
2025-03-15 14:03:03 +0000,Cable Rope Tricep Extension, 10,29.483539113316585,0.0,0.0,0.0,0.0,false,, 1.0
2025-03-15 14:03:03 +0000,Cable Rope Tricep Extension, 10,29.483539113316585,0.0,0.0,0.0,0.0,false,, 1.0
2025-03-15 14:03:03 +0000,Hanging Knee Raise, 11,0.0,0.0,0.0,0.0,0.0,false,, 1.0
2025-03-15 14:03:03 +0000,Hanging Knee Raise, 11,0.0,0.0,0.0,0.0,0.0,false,, 1.0
2025-03-15 14:03:03 +0000,Hanging Knee Raise, 11,0.0,0.0,0.0,0.0,0.0,false,, 1.0
2025-03-15 14:03:03 +0000,Dumbbell Shoulder Press, 11,13.607787283069193,0.0,0.0,0.0,0.0,false,, 2.0
2025-03-15 14:03:03 +0000,Dumbbell Shoulder Press, 11,13.607787283069193,0.0,0.0,0.0,0.0,false,, 2.0
2025-03-15 14:03:03 +0000,Dumbbell Shoulder Press, 11,13.607787283069193,0.0,0.0,0.0,0.0,false,, 2.0
2025-03-14 12:03:53 +0000,Pull Up, 6,0.0,0.0,0.0,0.0,0.0,false,, 1.0
2025-03-14 12:03:53 +0000,Pull Up, 6,0.0,0.0,0.0,0.0,0.0,false,, 1.0
2025-03-14 12:03:53 +0000,Pull Up, 6,0.0,0.0,0.0,0.0,0.0,false,, 1.0
2025-03-14 12:03:53 +0000,Pull Up, 6,0.0,0.0,0.0,0.0,0.0,false,, 1.0
2025-03-14 12:03:53 +0000,Pull Up, 7,0.0,0.0,0.0,0.0,0.0,false,, 1.0
2025-03-14 12:03:53 +0000,Dumbbell Tricep Extension, 10,15.87575183024739,0.0,0.0,0.0,0.0,false,, 1.0
2025-03-14 12:03:53 +0000,Dumbbell Tricep Extension, 10,15.87575183024739,0.0,0.0,0.0,0.0,false,, 1.0
2025-03-14 12:03:53 +0000,Dumbbell Tricep Extension, 10,15.87575183024739,0.0,0.0,0.0,0.0,false,, 1.0
2025-03-14 12:03:53 +0000,Dumbbell Tricep Extension, 10,15.87575183024739,0.0,0.0,0.0,0.0,false,, 1.0
2025-03-14 12:03:53 +0000,EZ-Bar Curl, 6,18.14371637742559,0.0,0.0,0.0,0.0,false,, 1.0
2025-03-14 12:03:53 +0000,EZ-Bar Curl, 6,22.67964547178199,0.0,0.0,0.0,0.0,false,, 1.0
2025-03-14 12:03:53 +0000,EZ-Bar Curl, 9,31.75150366049478,0.0,0.0,0.0,0.0,false,, 1.0
2025-03-14 12:03:53 +0000,EZ-Bar Curl, 9,31.75150366049478,0.0,0.0,0.0,0.0,false,, 1.0
2025-03-14 12:03:53 +0000,Behind the Back Cable Lateral Raise, 8,9.071858188712795,0.0,0.0,0.0,0.0,false,, 2.0
2025-03-14 12:03:53 +0000,Behind the Back Cable Lateral Raise, 8,9.071858188712795,0.0,0.0,0.0,0.0,false,, 2.0
2025-03-14 12:03:53 +0000,Behind the Back Cable Lateral Raise, 8,9.071858188712795,0.0,0.0,0.0,0.0,false,, 2.0
2025-03-14 12:03:53 +0000,Dumbbell Bench Press, 8,18.14371637742559,0.0,0.0,0.0,0.0,true,, 2.0
2025-03-14 12:03:53 +0000,Dumbbell Bench Press, 10,29.483539113316585,0.0,0.0,0.0,0.0,false,, 2.0
2025-03-14 12:03:53 +0000,Dumbbell Bench Press, 10,29.483539113316585,0.0,0.0,0.0,0.0,false,, 2.0
2025-03-14 12:03:53 +0000,Dumbbell Bench Press, 10,29.483539113316585,0.0,0.0,0.0,0.0,false,, 2.0
2025-03-13 12:14:48 +0000,Dumbbell Romanian Deadlift, 8,15.87575183024739,0.0,0.0,0.0,0.0,true,, 2.0
2025-03-13 12:14:48 +0000,Dumbbell Romanian Deadlift, 11,24.947610018960187,0.0,0.0,0.0,0.0,false,, 2.0
2025-03-13 12:14:48 +0000,Dumbbell Romanian Deadlift, 11,24.947610018960187,0.0,0.0,0.0,0.0,false,, 2.0
2025-03-13 12:14:48 +0000,Dumbbell Romanian Deadlift, 12,24.947610018960187,0.0,0.0,0.0,0.0,false,, 2.0
2025-03-13 12:14:48 +0000,Front Squat, 8,38.55539730202938,0.0,0.0,0.0,0.0,true,, 1.0
2025-03-13 12:14:48 +0000,Front Squat, 8,61.235042773811365,0.0,0.0,0.0,0.0,false,, 1.0
2025-03-13 12:14:48 +0000,Front Squat, 8,61.235042773811365,0.0,0.0,0.0,0.0,false,, 1.0
2025-03-13 12:14:48 +0000,Front Squat, 8,61.235042773811365,0.0,0.0,0.0,0.0,false,, 1.0
2025-03-13 12:14:48 +0000,Cable Hip Extension, 10,11.339822735890994,0.0,0.0,0.0,0.0,false,, 2.0
2025-03-13 12:14:48 +0000,Cable Hip Extension, 12,11.339822735890994,0.0,0.0,0.0,0.0,false,, 2.0
2025-03-13 12:14:48 +0000,Cable Hip Extension, 12,11.339822735890994,0.0,0.0,0.0,0.0,false,, 2.0
2025-03-13 12:14:48 +0000,Dumbbell Bulgarian Split Squat, 9,11.339822735890994,0.0,0.0,0.0,0.0,false,, 4.0
2025-03-13 12:14:48 +0000,Dumbbell Bulgarian Split Squat, 9,11.339822735890994,0.0,0.0,0.0,0.0,false,, 4.0
2025-03-13 12:14:48 +0000,Dumbbell Bulgarian Split Squat, 9,11.339822735890994,0.0,0.0,0.0,0.0,false,, 4.0
2025-03-12 12:05:31 +0000,Push Press, 8,22.67964547178199,0.0,0.0,0.0,0.0,true,, 1.0
2025-03-12 12:05:31 +0000,Push Press, 8,38.55539730202938,0.0,0.0,0.0,0.0,false,, 1.0
2025-03-12 12:05:31 +0000,Push Press, 8,38.55539730202938,0.0,0.0,0.0,0.0,false,, 1.0
2025-03-12 12:05:31 +0000,Push Press, 8,38.55539730202938,0.0,0.0,0.0,0.0,false,, 1.0
2025-03-12 12:05:31 +0000,Push Press, 8,38.55539730202938,0.0,0.0,0.0,0.0,false,, 1.0
2025-03-12 12:05:31 +0000,Dumbbell Incline Fly, 12,9.071858188712795,0.0,0.0,0.0,0.0,false,, 2.0
2025-03-12 12:05:31 +0000,Dumbbell Incline Fly, 12,9.071858188712795,0.0,0.0,0.0,0.0,false,, 2.0
2025-03-12 12:05:31 +0000,Dumbbell Incline Fly, 12,9.071858188712795,0.0,0.0,0.0,0.0,false,, 2.0
2025-03-12 12:05:31 +0000,Dumbbell Incline Fly, 12,9.071858188712795,0.0,0.0,0.0,0.0,false,, 2.0
2025-03-12 12:05:31 +0000,Dumbbell Row, 8,18.14371637742559,0.0,0.0,0.0,0.0,true,, 2.0
2025-03-12 12:05:31 +0000,Dumbbell Row, 8,31.75150366049478,0.0,0.0,0.0,0.0,false,, 2.0
2025-03-12 12:05:31 +0000,Dumbbell Row, 8,31.75150366049478,0.0,0.0,0.0,0.0,false,, 2.0
2025-03-12 12:05:31 +0000,Dumbbell Row, 8,31.75150366049478,0.0,0.0,0.0,0.0,false,, 2.0
2025-03-12 12:05:31 +0000,Dumbbell Kickbacks, 9,9.071858188712795,0.0,0.0,0.0,0.0,false,, 2.0
2025-03-12 12:05:31 +0000,Dumbbell Kickbacks, 9,9.071858188712795,0.0,0.0,0.0,0.0,false,, 2.0
2025-03-12 12:05:31 +0000,Dumbbell Kickbacks, 9,9.071858188712795,0.0,0.0,0.0,0.0,false,, 2.0
2025-03-12 12:05:31 +0000,Barbell Pause Curl, 12,20.41168092460379,0.0,0.0,0.0,0.0,false,, 1.0
2025-03-12 12:05:31 +0000,Barbell Pause Curl, 12,20.41168092460379,0.0,0.0,0.0,0.0,false,, 1.0
2025-03-12 12:05:31 +0000,Barbell Pause Curl, 12,20.41168092460379,0.0,0.0,0.0,0.0,false,, 1.0
2025-03-12 12:05:31 +0000,Barbell Pause Curl, 12,20.41168092460379,0.0,0.0,0.0,0.0,false,, 1.0
2025-03-12 12:05:31 +0000,Medicine Ball Russian Twist, 8,5.443114913227677,0.0,0.0,0.0,0.0,false,, 2.0
2025-03-12 12:05:31 +0000,Medicine Ball Russian Twist, 8,5.443114913227677,0.0,0.0,0.0,0.0,false,, 2.0
2025-03-12 12:05:31 +0000,Medicine Ball Russian Twist, 10,5.443114913227677,0.0,0.0,0.0,0.0,false,, 2.0
2025-03-11 12:14:35 +0000,Dumbbell Glute Bridge, 0,15.87575183024739,12.0,0.0,0.0,0.0,false,, 0.0
2025-03-11 12:14:35 +0000,Dumbbell Glute Bridge, 0,15.87575183024739,12.0,0.0,0.0,0.0,false,, 0.0
2025-03-11 12:14:35 +0000,Dumbbell Glute Bridge, 0,15.87575183024739,12.0,0.0,0.0,0.0,false,, 0.0
2025-03-11 12:14:35 +0000,Dumbbell Glute Bridge, 0,15.87575183024739,12.0,0.0,0.0,0.0,false,, 0.0
2025-03-11 12:14:35 +0000,Dumbbell Glute Bridge, 0,15.87575183024739,12.0,0.0,0.0,0.0,false,, 0.0
2025-03-11 12:14:35 +0000,Back Squat, 8,52.16318458509857,0.0,0.0,0.0,0.0,true,, 1.0
2025-03-11 12:14:35 +0000,Back Squat, 12,70.30690096252415,0.0,0.0,0.0,0.0,false,, 1.0
2025-03-11 12:14:35 +0000,Back Squat, 12,70.30690096252415,0.0,0.0,0.0,0.0,false,, 1.0
2025-03-11 12:14:35 +0000,Back Squat, 12,70.30690096252415,0.0,0.0,0.0,0.0,false,, 1.0
2025-03-11 12:14:35 +0000,Back Squat, 12,70.30690096252415,0.0,0.0,0.0,0.0,false,, 1.0
2025-03-11 12:14:35 +0000,Dumbbell Superman, 8,2.267964547178199,0.0,0.0,0.0,0.0,false,, 2.0
2025-03-11 12:14:35 +0000,Dumbbell Superman, 8,2.267964547178199,0.0,0.0,0.0,0.0,false,, 2.0
2025-03-11 12:14:35 +0000,Dumbbell Superman, 8,2.267964547178199,0.0,0.0,0.0,0.0,false,, 2.0
2025-03-10 12:12:42 +0000,Barbell Bench Press, 8,47.62725549074217,0.0,0.0,0.0,0.0,true,, 1.0
2025-03-10 12:12:42 +0000,Barbell Bench Press, 5,83.91468824559335,0.0,0.0,0.0,0.0,false,, 1.0
2025-03-10 12:12:42 +0000,Barbell Bench Press, 5,83.91468824559335,0.0,0.0,0.0,0.0,false,, 1.0
2025-03-10 12:12:42 +0000,Barbell Bench Press, 5,83.91468824559335,0.0,0.0,0.0,0.0,false,, 1.0
2025-03-10 12:12:42 +0000,Barbell Bench Press, 5,83.91468824559335,0.0,0.0,0.0,0.0,false,, 1.0
2025-03-10 12:12:42 +0000,Cable Tricep Pushdown, 20,22.67964547178199,0.0,0.0,0.0,0.0,false,, 1.0
2025-03-10 12:12:42 +0000,Cable Tricep Pushdown, 20,24.947610018960187,0.0,0.0,0.0,0.0,false,, 1.0
2025-03-10 12:12:42 +0000,Cable Tricep Pushdown, 20,24.947610018960187,0.0,0.0,0.0,0.0,false,, 1.0
2025-03-10 12:12:42 +0000,Cable Tricep Pushdown, 20,24.947610018960187,0.0,0.0,0.0,0.0,false,, 1.0
2025-03-10 12:12:42 +0000,Cable Row, 9,43.091326396385774,0.0,0.0,0.0,0.0,true,, 1.0
2025-03-10 12:12:42 +0000,Cable Row, 8,72.57486550970236,0.0,0.0,0.0,0.0,false,, 1.0
2025-03-10 12:12:42 +0000,Cable Row, 8,72.57486550970236,0.0,0.0,0.0,0.0,false,, 1.0
2025-03-10 12:12:42 +0000,Cable Row, 8,72.57486550970236,0.0,0.0,0.0,0.0,false,, 1.0
2025-03-10 12:12:42 +0000,Dumbbell Pause Curl, 16,6.8038936415345965,0.0,0.0,0.0,0.0,false,, 2.0
2025-03-10 12:12:42 +0000,Dumbbell Pause Curl, 16,6.8038936415345965,0.0,0.0,0.0,0.0,false,, 2.0
2025-03-10 12:12:42 +0000,Dumbbell Pause Curl, 16,6.8038936415345965,0.0,0.0,0.0,0.0,false,, 2.0
2025-03-10 12:12:42 +0000,Push Up, 16,0.0,0.0,0.0,0.0,0.0,false,, 1.0
2025-03-10 12:12:42 +0000,Push Up, 16,0.0,0.0,0.0,0.0,0.0,false,, 1.0
2025-03-10 12:12:42 +0000,Push Up, 16,0.0,0.0,0.0,0.0,0.0,false,, 1.0
2025-03-10 12:12:42 +0000,Leg Pull-In, 16,0.0,0.0,0.0,0.0,0.0,false,, 1.0
2025-03-10 12:12:42 +0000,Leg Pull-In, 16,0.0,0.0,0.0,0.0,0.0,false,, 1.0
2025-03-10 12:12:42 +0000,Leg Pull-In, 16,0.0,0.0,0.0,0.0,0.0,false,, 1.0
2025-03-07 13:27:34 +0000,Leg Extension, 8,56.69911367945497,0.0,0.0,0.0,0.0,true,, 1.0
2025-03-07 13:27:34 +0000,Leg Extension, 3,86.18265279277155,0.0,0.0,0.0,0.0,true,, 1.0
2025-03-07 13:27:34 +0000,Leg Extension, 12,95.25451098148434,0.0,0.0,0.0,0.0,false,, 1.0
2025-03-07 13:27:34 +0000,Leg Extension, 12,95.25451098148434,0.0,0.0,0.0,0.0,false,, 1.0
2025-03-07 13:27:34 +0000,Leg Extension, 12,95.25451098148434,0.0,0.0,0.0,0.0,false,, 1.0
2025-03-07 13:27:34 +0000,Seated Leg Curl, 8,49.895220037920375,0.0,0.0,0.0,0.0,true,, 1.0
2025-03-07 13:27:34 +0000,Seated Leg Curl, 12,81.64672369841516,0.0,0.0,0.0,0.0,false,, 1.0
2025-03-07 13:27:34 +0000,Seated Leg Curl, 12,81.64672369841516,0.0,0.0,0.0,0.0,false,, 1.0
2025-03-07 13:27:34 +0000,Seated Leg Curl, 12,81.64672369841516,0.0,0.0,0.0,0.0,false,, 1.0
2025-03-07 13:27:34 +0000,Diamond Push Up, 8,0.0,0.0,0.0,0.0,0.0,false,, 1.0
2025-03-07 13:27:34 +0000,Diamond Push Up, 8,0.0,0.0,0.0,0.0,0.0,false,, 1.0
2025-03-07 13:27:34 +0000,Diamond Push Up, 16,0.0,0.0,0.0,0.0,0.0,false,, 1.0
2025-03-07 13:27:34 +0000,Diamond Push Up, 17,0.0,0.0,0.0,0.0,0.0,false,, 1.0
2025-03-06 12:56:17 +0000,Wide Grip Lat Pulldown, 8,27.215574566138386,0.0,0.0,0.0,0.0,true,, 1.0
2025-03-06 12:56:17 +0000,Wide Grip Lat Pulldown, 12,45.35929094356398,0.0,0.0,0.0,0.0,false,, 1.0
2025-03-06 12:56:17 +0000,Wide Grip Lat Pulldown, 12,45.35929094356398,0.0,0.0,0.0,0.0,false,, 1.0
2025-03-06 12:56:17 +0000,Wide Grip Lat Pulldown, 12,45.35929094356398,0.0,0.0,0.0,0.0,false,, 1.0
2025-03-06 12:56:17 +0000,Wide Grip Lat Pulldown, 12,45.35929094356398,0.0,0.0,0.0,0.0,false,, 1.0
2025-03-06 12:56:17 +0000,Wide Grip Lat Pulldown, 15,45.35929094356398,0.0,0.0,0.0,0.0,false,, 1.0
2025-03-06 12:56:17 +0000,Decline Push Up, 10,0.0,0.0,0.0,0.0,0.0,false,, 1.0
2025-03-06 12:56:17 +0000,Decline Push Up, 11,0.0,0.0,0.0,0.0,0.0,false,, 1.0
2025-03-06 12:56:17 +0000,Decline Push Up, 12,0.0,0.0,0.0,0.0,0.0,false,, 1.0
2025-03-06 12:56:17 +0000,Decline Push Up, 13,0.0,0.0,0.0,0.0,0.0,false,, 1.0
2025-03-06 12:56:17 +0000,Decline Push Up, 15,0.0,0.0,0.0,0.0,0.0,false,, 1.0
2025-03-06 12:56:17 +0000,Dumbbell Shoulder Press, 10,13.607787283069193,0.0,0.0,0.0,0.0,false,, 2.0
2025-03-06 12:56:17 +0000,Dumbbell Shoulder Press, 10,13.607787283069193,0.0,0.0,0.0,0.0,false,, 2.0
2025-03-06 12:56:17 +0000,Dumbbell Shoulder Press, 10,13.607787283069193,0.0,0.0,0.0,0.0,false,, 2.0
2025-03-06 12:56:17 +0000,Dumbbell Shoulder Press, 10,13.607787283069193,0.0,0.0,0.0,0.0,false,, 2.0
2025-03-06 12:56:17 +0000,Seated Dumbbell Curl, 10,13.607787283069193,0.0,0.0,0.0,0.0,false,, 2.0
2025-03-06 12:56:17 +0000,Seated Dumbbell Curl, 10,13.607787283069193,0.0,0.0,0.0,0.0,false,, 2.0
2025-03-06 12:56:17 +0000,Seated Dumbbell Curl, 8,13.607787283069193,0.0,0.0,0.0,0.0,false,, 2.0
2025-03-06 12:56:17 +0000,Seated Dumbbell Curl, 8,13.607787283069193,0.0,0.0,0.0,0.0,false,, 2.0
2025-03-06 12:56:17 +0000,Scissor Kick, 22,0.0,0.0,0.0,0.0,0.0,false,, 2.0
2025-03-06 12:56:17 +0000,Scissor Kick, 22,0.0,0.0,0.0,0.0,0.0,false,, 2.0
2025-03-06 12:56:17 +0000,Scissor Kick, 22,0.0,0.0,0.0,0.0,0.0,false,, 2.0
2025-03-06 12:56:17 +0000,Scissor Kick, 22,0.0,0.0,0.0,0.0,0.0,false,, 2.0
2025-03-06 12:56:17 +0000,Gorilla Rows, 14,11.793415645326633,0.0,0.0,0.0,0.0,false,, 2.0
2025-03-06 12:56:17 +0000,Gorilla Rows, 14,11.793415645326633,0.0,0.0,0.0,0.0,false,, 2.0
2025-03-06 12:56:17 +0000,Gorilla Rows, 14,11.793415645326633,0.0,0.0,0.0,0.0,false,, 2.0
2025-03-05 13:24:27 +0000,V-Bar Pulldown, 8,36.28743275485118,0.0,0.0,0.0,0.0,true,, 1.0
2025-03-05 13:24:27 +0000,V-Bar Pulldown, 8,61.235042773811365,0.0,0.0,0.0,0.0,false,, 1.0
2025-03-05 13:24:27 +0000,V-Bar Pulldown, 8,61.235042773811365,0.0,0.0,0.0,0.0,false,, 1.0
2025-03-05 13:24:27 +0000,V-Bar Pulldown, 10,61.235042773811365,0.0,0.0,0.0,0.0,false,, 1.0
2025-03-05 13:24:27 +0000,Push Up, 26,0.0,0.0,0.0,0.0,0.0,false,, 1.0
2025-03-05 13:24:27 +0000,Push Up, 26,0.0,0.0,0.0,0.0,0.0,false,, 1.0
2025-03-05 13:24:27 +0000,Push Up, 26,0.0,0.0,0.0,0.0,0.0,false,, 1.0
2025-03-05 13:24:27 +0000,Bench Dip, 13,0.0,0.0,0.0,0.0,0.0,false,, 1.0
2025-03-05 13:24:27 +0000,Bench Dip, 16,0.0,0.0,0.0,0.0,0.0,false,, 1.0
2025-03-05 13:24:27 +0000,Bench Dip, 23,0.0,0.0,0.0,0.0,0.0,false,, 1.0
2025-03-05 13:24:27 +0000,Bench Dip, 25,0.0,0.0,0.0,0.0,0.0,false,, 1.0
2025-03-05 13:24:27 +0000,Cross Body Hammer Curls, 6,11.339822735890994,0.0,0.0,0.0,0.0,false,, 2.0
2025-03-05 13:24:27 +0000,Cross Body Hammer Curls, 6,11.339822735890994,0.0,0.0,0.0,0.0,false,, 2.0
2025-03-05 13:24:27 +0000,Cross Body Hammer Curls, 6,11.339822735890994,0.0,0.0,0.0,0.0,false,, 2.0
2025-03-04 13:15:10 +0000,Side Leg Hip Circle, 10,0.0,0.0,0.0,0.0,0.0,false,, 2.0
2025-03-04 13:15:10 +0000,Side Leg Hip Circle, 10,0.0,0.0,0.0,0.0,0.0,false,, 2.0
2025-03-04 13:15:10 +0000,Side Leg Hip Circle, 10,0.0,0.0,0.0,0.0,0.0,false,, 2.0
2025-03-04 13:15:10 +0000,Seated Leg Curl, 8,43.091326396385774,0.0,0.0,0.0,0.0,true,, 1.0
2025-03-04 13:15:10 +0000,Seated Leg Curl, 15,70.30690096252415,0.0,0.0,0.0,0.0,false,, 1.0
2025-03-04 13:15:10 +0000,Seated Leg Curl, 15,70.30690096252415,0.0,0.0,0.0,0.0,false,, 1.0
2025-03-04 13:15:10 +0000,Seated Leg Curl, 15,70.30690096252415,0.0,0.0,0.0,0.0,false,, 1.0
2025-03-04 13:15:10 +0000,Seated Leg Curl, 15,70.30690096252415,0.0,0.0,0.0,0.0,false,, 1.0
2025-03-04 13:15:10 +0000,Leg Extension, 8,49.895220037920375,0.0,0.0,0.0,0.0,true,, 1.0
2025-03-04 13:15:10 +0000,Leg Extension, 15,83.91468824559335,0.0,0.0,0.0,0.0,false,, 1.0
2025-03-04 13:15:10 +0000,Leg Extension, 15,83.91468824559335,0.0,0.0,0.0,0.0,false,, 1.0
2025-03-04 13:15:10 +0000,Leg Extension, 15,83.91468824559335,0.0,0.0,0.0,0.0,false,, 1.0
2025-03-04 13:15:10 +0000,Leg Extension, 15,83.91468824559335,0.0,0.0,0.0,0.0,false,, 1.0
2025-03-04 13:15:10 +0000,Dumbbell Bulgarian Split Squat, 10,11.339822735890994,0.0,0.0,0.0,0.0,false,, 4.0
2025-03-04 13:15:10 +0000,Dumbbell Bulgarian Split Squat, 10,11.339822735890994,0.0,0.0,0.0,0.0,false,, 4.0
2025-03-04 13:15:10 +0000,Dumbbell Bulgarian Split Squat, 10,11.339822735890994,0.0,0.0,0.0,0.0,false,, 4.0
2025-03-03 13:03:32 +0000,Dumbbell Incline Bench Press, 15,20.41168092460379,0.0,0.0,0.0,0.0,false,, 2.0
2025-03-03 13:03:32 +0000,Dumbbell Incline Bench Press, 17,20.41168092460379,0.0,0.0,0.0,0.0,false,, 2.0
2025-03-03 13:03:32 +0000,Dumbbell Incline Bench Press, 20,20.41168092460379,0.0,0.0,0.0,0.0,false,, 2.0
2025-03-03 13:03:32 +0000,Dumbbell Rear Delt Raise, 10,9.071858188712795,0.0,0.0,0.0,0.0,false,, 2.0
2025-03-03 13:03:32 +0000,Dumbbell Rear Delt Raise, 10,9.071858188712795,0.0,0.0,0.0,0.0,false,, 2.0
2025-03-03 13:03:32 +0000,Dumbbell Rear Delt Raise, 10,9.071858188712795,0.0,0.0,0.0,0.0,false,, 2.0
2025-03-03 13:03:32 +0000,Chin Up, 7,0.0,0.0,0.0,0.0,0.0,false,, 1.0
2025-03-03 13:03:32 +0000,Chin Up, 7,0.0,0.0,0.0,0.0,0.0,false,, 1.0
2025-03-03 13:03:32 +0000,Chin Up, 6,0.0,0.0,0.0,0.0,0.0,false,, 1.0
2025-03-03 13:03:32 +0000,Toe Touchers, 21,0.0,0.0,0.0,0.0,0.0,false,, 1.0
2025-03-03 13:03:32 +0000,Toe Touchers, 21,0.0,0.0,0.0,0.0,0.0,false,, 1.0
2025-03-03 13:03:32 +0000,Toe Touchers, 21,0.0,0.0,0.0,0.0,0.0,false,, 1.0
2025-03-03 13:03:32 +0000,Cable One Arm Tricep Side Extension, 15,9.071858188712795,0.0,0.0,0.0,0.0,false,, 2.0
2025-03-03 13:03:32 +0000,Cable One Arm Tricep Side Extension, 15,9.071858188712795,0.0,0.0,0.0,0.0,false,, 2.0
2025-03-03 13:03:32 +0000,Cable One Arm Tricep Side Extension, 15,9.071858188712795,0.0,0.0,0.0,0.0,false,, 2.0
2025-03-03 13:03:32 +0000,Dumbbell Bicep Curl, 9,15.87575183024739,0.0,0.0,0.0,0.0,false,, 2.0
2025-03-03 13:03:32 +0000,Dumbbell Bicep Curl, 9,15.87575183024739,0.0,0.0,0.0,0.0,false,, 2.0
2025-03-03 13:03:32 +0000,Dumbbell Bicep Curl, 9,11.339822735890994,0.0,0.0,0.0,0.0,false,, 2.0
2025-02-27 12:44:09 +0000,Dumbbell Bench Press, 8,15.87575183024739,0.0,0.0,0.0,0.0,true,, 2.0
2025-02-27 12:44:09 +0000,Dumbbell Bench Press, 12,27.215574566138386,0.0,0.0,0.0,0.0,false,, 2.0
2025-02-27 12:44:09 +0000,Dumbbell Bench Press, 13,27.215574566138386,0.0,0.0,0.0,0.0,false,, 2.0
2025-02-27 12:44:09 +0000,Dumbbell Bench Press, 14,27.215574566138386,0.0,0.0,0.0,0.0,false,, 2.0
2025-02-27 12:44:09 +0000,Reverse Grip Pull Down, 8,31.75150366049478,0.0,0.0,0.0,0.0,true,, 1.0
2025-02-27 12:44:09 +0000,Reverse Grip Pull Down, 8,54.43114913227677,0.0,0.0,0.0,0.0,false,, 1.0
2025-02-27 12:44:09 +0000,Reverse Grip Pull Down, 8,54.43114913227677,0.0,0.0,0.0,0.0,false,, 1.0
2025-02-27 12:44:09 +0000,Reverse Grip Pull Down, 8,54.43114913227677,0.0,0.0,0.0,0.0,false,, 1.0
2025-02-27 12:44:09 +0000,Reverse Grip Pull Down, 10,54.43114913227677,0.0,0.0,0.0,0.0,false,, 1.0
2025-02-27 12:44:09 +0000,Cable Underhand Tricep Pushdown, 9,22.67964547178199,0.0,0.0,0.0,0.0,true,, 1.0
2025-02-27 12:44:09 +0000,Cable Underhand Tricep Pushdown, 10,36.28743275485118,0.0,0.0,0.0,0.0,false,, 1.0
2025-02-27 12:44:09 +0000,Cable Underhand Tricep Pushdown, 10,36.28743275485118,0.0,0.0,0.0,0.0,false,, 1.0
2025-02-27 12:44:09 +0000,Cable Underhand Tricep Pushdown, 10,36.28743275485118,0.0,0.0,0.0,0.0,false,, 1.0
2025-02-27 12:44:09 +0000,Cable Underhand Tricep Pushdown, 10,36.28743275485118,0.0,0.0,0.0,0.0,false,, 1.0
2025-02-27 12:44:09 +0000,Reverse Barbell Curl, 10,20.41168092460379,0.0,0.0,0.0,0.0,false,, 1.0
2025-02-27 12:44:09 +0000,Reverse Barbell Curl, 10,20.41168092460379,0.0,0.0,0.0,0.0,false,, 1.0
2025-02-27 12:44:09 +0000,Reverse Barbell Curl, 10,20.41168092460379,0.0,0.0,0.0,0.0,false,, 1.0
2025-02-27 12:44:09 +0000,Reverse Barbell Curl, 10,20.41168092460379,0.0,0.0,0.0,0.0,false,, 1.0
2025-02-27 12:44:09 +0000,Seated Dumbbell Rear Delt Raise, 6,4.535929094356398,0.0,0.0,0.0,0.0,false,, 2.0
2025-02-27 12:44:09 +0000,Seated Dumbbell Rear Delt Raise, 6,6.8038936415345965,0.0,0.0,0.0,0.0,false,, 2.0
2025-02-27 12:44:09 +0000,Seated Dumbbell Rear Delt Raise, 8,6.8038936415345965,0.0,0.0,0.0,0.0,false,, 2.0
2025-02-27 12:44:09 +0000,Seated Dumbbell Rear Delt Raise, 8,6.8038936415345965,0.0,0.0,0.0,0.0,false,, 2.0
2025-02-26 13:05:22 +0000,Leg Extension, 8,63.50300732098956,0.0,0.0,0.0,0.0,true,, 1.0
2025-02-26 13:05:22 +0000,Leg Extension, 3,92.98654643430615,0.0,0.0,0.0,0.0,true,, 1.0
2025-02-26 13:05:22 +0000,Leg Extension, 10,104.32636917019714,0.0,0.0,0.0,0.0,false,, 1.0
2025-02-26 13:05:22 +0000,Leg Extension, 10,104.32636917019714,0.0,0.0,0.0,0.0,false,, 1.0
2025-02-26 13:05:22 +0000,Leg Extension, 10,104.32636917019714,0.0,0.0,0.0,0.0,false,, 1.0
2025-02-26 13:05:22 +0000,Seated Leg Curl, 8,52.16318458509857,0.0,0.0,0.0,0.0,true,, 1.0
2025-02-26 13:05:22 +0000,Seated Leg Curl, 10,86.18265279277155,0.0,0.0,0.0,0.0,false,, 1.0
2025-02-26 13:05:22 +0000,Seated Leg Curl, 10,86.18265279277155,0.0,0.0,0.0,0.0,false,, 1.0
2025-02-26 13:05:22 +0000,Seated Leg Curl, 10,86.18265279277155,0.0,0.0,0.0,0.0,false,, 1.0
2025-02-26 13:05:22 +0000,Side Leg Hip Circle, 8,0.0,0.0,0.0,0.0,0.0,false,, 2.0
2025-02-26 13:05:22 +0000,Side Leg Hip Circle, 8,0.0,0.0,0.0,0.0,0.0,false,, 2.0
2025-02-26 13:05:22 +0000,Burpee, 12,0.0,0.0,0.0,0.0,0.0,false,, 1.0
2025-02-26 13:05:22 +0000,Burpee, 12,0.0,0.0,0.0,0.0,0.0,false,, 1.0
2025-02-26 13:05:22 +0000,Burpee, 12,0.0,0.0,0.0,0.0,0.0,false,, 1.0
2025-02-26 13:05:22 +0000,Burpee, 12,0.0,0.0,0.0,0.0,0.0,false,, 1.0
2025-02-26 13:05:22 +0000,Dumbbell Hip Thrust, 8,13.607787283069193,0.0,0.0,0.0,0.0,false,, 1.0
2025-02-26 13:05:22 +0000,Dumbbell Hip Thrust, 10,13.607787283069193,0.0,0.0,0.0,0.0,false,, 1.0
2025-02-26 13:05:22 +0000,Dumbbell Hip Thrust, 25,18.14371637742559,0.0,0.0,0.0,0.0,false,, 1.0
2025-02-26 13:05:22 +0000,Dumbbell Hip Thrust, 26,18.14371637742559,0.0,0.0,0.0,0.0,false,, 1.0
2025-02-25 13:11:57 +0000,Barbell Curl, 8,20.41168092460379,0.0,0.0,0.0,0.0,true,, 1.0
2025-02-25 13:11:57 +0000,Barbell Curl, 10,31.75150366049478,0.0,0.0,0.0,0.0,false,, 1.0
2025-02-25 13:11:57 +0000,Barbell Curl, 10,31.75150366049478,0.0,0.0,0.0,0.0,false,, 1.0
2025-02-25 13:11:57 +0000,Barbell Curl, 10,31.75150366049478,0.0,0.0,0.0,0.0,false,, 1.0
2025-02-25 13:11:57 +0000,Dumbbell Skullcrusher, 10,9.071858188712795,0.0,0.0,0.0,0.0,false,, 2.0
2025-02-25 13:11:57 +0000,Dumbbell Skullcrusher, 10,9.071858188712795,0.0,0.0,0.0,0.0,false,, 2.0
2025-02-25 13:11:57 +0000,Dumbbell Skullcrusher, 12,9.071858188712795,0.0,0.0,0.0,0.0,false,, 2.0
2025-02-25 13:11:57 +0000,Push Up, 28,0.0,0.0,0.0,0.0,0.0,false,, 1.0
2025-02-25 13:11:57 +0000,Push Up, 25,0.0,0.0,0.0,0.0,0.0,false,, 1.0
2025-02-25 13:11:57 +0000,Push Up, 22,0.0,0.0,0.0,0.0,0.0,false,, 1.0
2025-02-25 13:11:57 +0000,Neutral Grip Pull Up, 6,0.0,0.0,0.0,0.0,0.0,false,, 1.0
2025-02-25 13:11:57 +0000,Neutral Grip Pull Up, 6,0.0,0.0,0.0,0.0,0.0,false,, 1.0
2025-02-25 13:11:57 +0000,Neutral Grip Pull Up, 5,0.0,0.0,0.0,0.0,0.0,false,, 1.0
2025-02-25 13:11:57 +0000,Standing Dumbbell Shoulder Press, 12,9.071858188712795,0.0,0.0,0.0,0.0,false,, 2.0
2025-02-25 13:11:57 +0000,Standing Dumbbell Shoulder Press, 12,9.071858188712795,0.0,0.0,0.0,0.0,false,, 2.0
2025-02-25 13:11:57 +0000,Standing Dumbbell Shoulder Press, 12,9.071858188712795,0.0,0.0,0.0,0.0,false,, 2.0
2025-02-24 13:46:55 +0000,Push Up, 25,0.0,0.0,0.0,0.0,0.0,false,, 1.0
2025-02-24 13:46:55 +0000,Push Up, 25,0.0,0.0,0.0,0.0,0.0,false,, 1.0
2025-02-24 13:46:55 +0000,Push Up, 25,0.0,0.0,0.0,0.0,0.0,false,, 1.0
2025-02-24 13:46:55 +0000,Push Up, 25,0.0,0.0,0.0,0.0,0.0,false,, 1.0
2025-02-24 13:46:55 +0000,Alternating Superman, 8,0.0,0.0,0.0,0.0,0.0,false,, 2.0
2025-02-24 13:46:55 +0000,Alternating Superman, 8,0.0,0.0,0.0,0.0,0.0,false,, 2.0
2025-02-24 13:46:55 +0000,Alternating Superman, 8,0.0,0.0,0.0,0.0,0.0,false,, 2.0
2025-02-21 13:07:39 +0000,Barbell Incline Bench Press, 8,38.55539730202938,0.0,0.0,0.0,0.0,true,, 1.0
2025-02-21 13:07:39 +0000,Barbell Incline Bench Press, 8,65.77097186816776,0.0,0.0,0.0,0.0,false,, 1.0
2025-02-21 13:07:39 +0000,Barbell Incline Bench Press, 9,65.77097186816776,0.0,0.0,0.0,0.0,false,, 1.0
2025-02-21 13:07:39 +0000,Barbell Incline Bench Press, 11,65.77097186816776,0.0,0.0,0.0,0.0,false,, 1.0
2025-02-21 13:07:39 +0000,Cable One Arm Underhand Tricep Extension, 12,9.071858188712795,0.0,0.0,0.0,0.0,false,, 2.0
2025-02-21 13:07:39 +0000,Cable One Arm Underhand Tricep Extension, 12,9.071858188712795,0.0,0.0,0.0,0.0,false,, 2.0
2025-02-21 13:07:39 +0000,Cable One Arm Underhand Tricep Extension, 12,9.071858188712795,0.0,0.0,0.0,0.0,false,, 2.0
2025-02-21 13:07:39 +0000,EZ-Bar Curl, 9,27.215574566138386,0.0,0.0,0.0,0.0,false,, 1.0
2025-02-21 13:07:39 +0000,EZ-Bar Curl, 10,27.215574566138386,0.0,0.0,0.0,0.0,false,, 1.0
2025-02-21 13:07:39 +0000,EZ-Bar Curl, 11,27.215574566138386,0.0,0.0,0.0,0.0,false,, 1.0
2025-02-21 13:07:39 +0000,Standing Single Arm Dumbbell Shoulder Press, 15,9.071858188712795,0.0,0.0,0.0,0.0,false,, 2.0
2025-02-21 13:07:39 +0000,Standing Single Arm Dumbbell Shoulder Press, 15,9.071858188712795,0.0,0.0,0.0,0.0,false,, 2.0
2025-02-21 13:07:39 +0000,Standing Single Arm Dumbbell Shoulder Press, 15,9.071858188712795,0.0,0.0,0.0,0.0,false,, 2.0
2025-02-21 13:07:39 +0000,Lat Pulldown, 10,34.01946820767298,0.0,0.0,0.0,0.0,false,, 1.0
2025-02-21 13:07:39 +0000,Lat Pulldown, 10,43.091326396385774,0.0,0.0,0.0,0.0,false,, 1.0
2025-02-21 13:07:39 +0000,Lat Pulldown, 13,58.96707822663317,0.0,0.0,0.0,0.0,false,, 1.0
2025-02-21 13:07:39 +0000,Lat Pulldown, 12,58.96707822663317,0.0,0.0,0.0,0.0,false,, 1.0
2025-02-21 13:07:39 +0000,Toe Touchers, 20,0.0,0.0,0.0,0.0,0.0,false,, 1.0
2025-02-21 13:07:39 +0000,Toe Touchers, 20,0.0,0.0,0.0,0.0,0.0,false,, 1.0
2025-02-21 13:07:39 +0000,Toe Touchers, 20,0.0,0.0,0.0,0.0,0.0,false,, 1.0
2025-02-21 13:07:39 +0000,Toe Touchers, 20,0.0,0.0,0.0,0.0,0.0,false,, 1.0
2025-02-20 13:13:33 +0000,Pull Up, 6,0.0,0.0,0.0,0.0,0.0,false,, 1.0
2025-02-20 13:13:33 +0000,Pull Up, 7,0.0,0.0,0.0,0.0,0.0,false,, 1.0
2025-02-20 13:13:33 +0000,Pull Up, 7,0.0,0.0,0.0,0.0,0.0,false,, 1.0
2025-02-20 13:13:33 +0000,Cable Lateral Raise, 12,9.071858188712795,0.0,0.0,0.0,0.0,false,, 2.0
2025-02-20 13:13:33 +0000,Cable Lateral Raise, 12,9.071858188712795,0.0,0.0,0.0,0.0,false,, 2.0
2025-02-20 13:13:33 +0000,Cable Lateral Raise, 12,9.071858188712795,0.0,0.0,0.0,0.0,false,, 2.0
2025-02-20 13:13:33 +0000,Dumbbell Incline Bench Press, 12,22.67964547178199,0.0,0.0,0.0,0.0,false,, 2.0
2025-02-20 13:13:33 +0000,Dumbbell Incline Bench Press, 12,22.67964547178199,0.0,0.0,0.0,0.0,false,, 2.0
2025-02-20 13:13:33 +0000,Dumbbell Incline Bench Press, 12,22.67964547178199,0.0,0.0,0.0,0.0,false,, 2.0
2025-02-20 13:13:33 +0000,Cable Rope Tricep Extension, 12,31.75150366049478,0.0,0.0,0.0,0.0,false,, 1.0
2025-02-20 13:13:33 +0000,Cable Rope Tricep Extension, 12,31.75150366049478,0.0,0.0,0.0,0.0,false,, 1.0
2025-02-20 13:13:33 +0000,Cable Rope Tricep Extension, 12,31.75150366049478,0.0,0.0,0.0,0.0,false,, 1.0
2025-02-20 13:13:33 +0000,Preacher Curl, 16,18.14371637742559,0.0,0.0,0.0,0.0,false,, 1.0
2025-02-20 13:13:33 +0000,Preacher Curl, 16,18.14371637742559,0.0,0.0,0.0,0.0,false,, 1.0
2025-02-19 13:14:46 +0000,Dumbbell Lunge, 5,22.67964547178199,0.0,0.0,0.0,0.0,false,, 4.0
2025-02-19 13:14:46 +0000,Dumbbell Lunge, 5,22.67964547178199,0.0,0.0,0.0,0.0,false,, 4.0
2025-02-19 13:14:46 +0000,Dumbbell Lunge, 5,22.67964547178199,0.0,0.0,0.0,0.0,false,, 4.0
2025-02-19 13:14:46 +0000,Single Leg Romanian Deadlift, 9,11.339822735890994,0.0,0.0,0.0,0.0,false,, 4.0
2025-02-19 13:14:46 +0000,Single Leg Romanian Deadlift, 9,11.339822735890994,0.0,0.0,0.0,0.0,false,, 4.0
2025-02-19 13:14:46 +0000,Single Leg Romanian Deadlift, 9,11.339822735890994,0.0,0.0,0.0,0.0,false,, 4.0
2025-02-19 13:14:46 +0000,Cable Pull Through, 8,20.41168092460379,0.0,0.0,0.0,0.0,true,, 1.0
2025-02-19 13:14:46 +0000,Cable Pull Through, 6,34.01946820767298,0.0,0.0,0.0,0.0,false,, 1.0
2025-02-19 13:14:46 +0000,Cable Pull Through, 6,34.01946820767298,0.0,0.0,0.0,0.0,false,, 1.0
2025-02-19 13:14:46 +0000,Cable Pull Through, 6,34.01946820767298,0.0,0.0,0.0,0.0,false,, 1.0
2025-02-19 13:14:46 +0000,Cable Pull Through, 8,34.01946820767298,0.0,0.0,0.0,0.0,false,, 1.0
2025-02-19 13:14:46 +0000,Leg Extension, 8,63.50300732098956,0.0,0.0,0.0,0.0,true,, 1.0
2025-02-19 13:14:46 +0000,Leg Extension, 3,92.98654643430615,0.0,0.0,0.0,0.0,true,, 1.0
2025-02-19 13:14:46 +0000,Leg Extension, 10,104.32636917019714,0.0,0.0,0.0,0.0,false,, 1.0
2025-02-19 13:14:46 +0000,Leg Extension, 10,104.32636917019714,0.0,0.0,0.0,0.0,false,, 1.0
2025-02-19 13:14:46 +0000,Leg Extension, 10,104.32636917019714,0.0,0.0,0.0,0.0,false,, 1.0
2025-02-19 13:14:46 +0000,Russian Twist, 15,11.793415645326633,0.0,0.0,0.0,0.0,false,, 2.0
2025-02-19 13:14:46 +0000,Russian Twist, 15,11.793415645326633,0.0,0.0,0.0,0.0,false,, 2.0
2025-02-19 13:14:46 +0000,Russian Twist, 15,11.793415645326633,0.0,0.0,0.0,0.0,false,, 2.0
2025-02-18 13:06:50 +0000,Dumbbell Row, 8,31.75150366049478,0.0,0.0,0.0,0.0,false,, 2.0
2025-02-18 13:06:50 +0000,Dumbbell Row, 8,31.75150366049478,0.0,0.0,0.0,0.0,false,, 2.0
2025-02-18 13:06:50 +0000,Dumbbell Row, 8,31.75150366049478,0.0,0.0,0.0,0.0,false,, 2.0
2025-02-18 13:06:50 +0000,Dip, 10,0.0,0.0,0.0,0.0,0.0,false,, 1.0
2025-02-18 13:06:50 +0000,Dip, 10,0.0,0.0,0.0,0.0,0.0,false,, 1.0
2025-02-18 13:06:50 +0000,Dip, 10,0.0,0.0,0.0,0.0,0.0,false,, 1.0
2025-02-18 13:06:50 +0000,Dumbbell Wide Curls, 13,4.535929094356398,0.0,0.0,0.0,0.0,false,, 2.0
2025-02-18 13:06:50 +0000,Dumbbell Wide Curls, 13,4.535929094356398,0.0,0.0,0.0,0.0,false,, 2.0
2025-02-18 13:06:50 +0000,Dumbbell Wide Curls, 13,4.535929094356398,0.0,0.0,0.0,0.0,false,, 2.0
2025-02-18 13:06:50 +0000,Dumbbell Front Raise, 17,4.535929094356398,0.0,0.0,0.0,0.0,false,, 2.0
2025-02-18 13:06:50 +0000,Dumbbell Front Raise, 17,4.535929094356398,0.0,0.0,0.0,0.0,false,, 2.0
2025-02-18 13:06:50 +0000,Dumbbell Front Raise, 17,4.535929094356398,0.0,0.0,0.0,0.0,false,, 2.0
2025-02-18 13:06:50 +0000,Hand Release Push Up, 12,0.0,0.0,0.0,0.0,0.0,false,, 1.0
2025-02-18 13:06:50 +0000,Hand Release Push Up, 12,0.0,0.0,0.0,0.0,0.0,false,, 1.0
2025-02-18 13:06:50 +0000,Hand Release Push Up, 12,0.0,0.0,0.0,0.0,0.0,false,, 1.0
2025-02-18 13:06:50 +0000,Leg Raise, 14,0.0,0.0,0.0,0.0,0.0,false,, 1.0
2025-02-18 13:06:50 +0000,Leg Raise, 14,0.0,0.0,0.0,0.0,0.0,false,, 1.0
2025-02-18 13:06:50 +0000,Leg Raise, 14,0.0,0.0,0.0,0.0,0.0,false,, 1.0
2025-02-17 13:08:07 +0000,Barbell Bench Press, 10,20.41168092460379,0.0,0.0,0.0,0.0,true,, 1.0
2025-02-17 13:08:07 +0000,Barbell Bench Press, 8,43.091326396385774,0.0,0.0,0.0,0.0,true,, 1.0
2025-02-17 13:08:07 +0000,Barbell Bench Press, 12,68.03893641534596,0.0,0.0,0.0,0.0,false,, 1.0
2025-02-17 13:08:07 +0000,Barbell Bench Press, 12,68.03893641534596,0.0,0.0,0.0,0.0,false,, 1.0
2025-02-17 13:08:07 +0000,Barbell Bench Press, 12,68.03893641534596,0.0,0.0,0.0,0.0,false,, 1.0
2025-02-17 13:08:07 +0000,Barbell Shoulder Press, 8,31.75150366049478,0.0,0.0,0.0,0.0,true,, 1.0
2025-02-17 13:08:07 +0000,Barbell Shoulder Press, 7,31.75150366049478,0.0,0.0,0.0,0.0,false,, 1.0
2025-02-17 13:08:07 +0000,Barbell Shoulder Press, 7,31.75150366049478,0.0,0.0,0.0,0.0,false,, 1.0
2025-02-17 13:08:07 +0000,Barbell Shoulder Press, 7,31.75150366049478,0.0,0.0,0.0,0.0,false,, 1.0
2025-02-17 13:08:07 +0000,Hammer Curls, 14,11.339822735890994,0.0,0.0,0.0,0.0,false,, 2.0
2025-02-17 13:08:07 +0000,Hammer Curls, 14,11.339822735890994,0.0,0.0,0.0,0.0,false,, 2.0
2025-02-17 13:08:07 +0000,Hammer Curls, 14,11.339822735890994,0.0,0.0,0.0,0.0,false,, 2.0
2025-02-17 13:08:07 +0000,Hammer Curls, 14,11.339822735890994,0.0,0.0,0.0,0.0,false,, 2.0
2025-02-17 13:08:07 +0000,Skullcrusher, 10,27.215574566138386,0.0,0.0,0.0,0.0,false,, 1.0
2025-02-17 13:08:07 +0000,Skullcrusher, 10,27.215574566138386,0.0,0.0,0.0,0.0,false,, 1.0
2025-02-17 13:08:07 +0000,Skullcrusher, 10,27.215574566138386,0.0,0.0,0.0,0.0,false,, 1.0
2025-02-17 13:08:07 +0000,Cable Row, 8,38.55539730202938,0.0,0.0,0.0,0.0,true,, 1.0
2025-02-17 13:08:07 +0000,Cable Row, 12,63.50300732098956,0.0,0.0,0.0,0.0,false,, 1.0
2025-02-17 13:08:07 +0000,Cable Row, 12,63.50300732098956,0.0,0.0,0.0,0.0,false,, 1.0
2025-02-17 13:08:07 +0000,Cable Row, 12,63.50300732098956,0.0,0.0,0.0,0.0,false,, 1.0
2025-02-08 14:37:06 +0000,Push Up, 20,0.0,0.0,0.0,0.0,0.0,false,, 1.0
2025-02-08 14:37:06 +0000,Push Up, 20,0.0,0.0,0.0,0.0,0.0,false,, 1.0
2025-02-08 14:37:06 +0000,Push Up, 20,0.0,0.0,0.0,0.0,0.0,false,, 1.0
2025-02-08 14:37:06 +0000,Push Up, 20,0.0,0.0,0.0,0.0,0.0,false,, 1.0
2025-02-08 14:37:06 +0000,Push Up, 20,0.0,0.0,0.0,0.0,0.0,false,, 1.0
2025-02-08 14:37:06 +0000,Crunches, 15,0.0,0.0,0.0,0.0,0.0,false,, 1.0
2025-02-08 14:37:06 +0000,Crunches, 15,0.0,0.0,0.0,0.0,0.0,false,, 1.0
2025-02-08 14:37:06 +0000,Crunches, 15,0.0,0.0,0.0,0.0,0.0,false,, 1.0
2025-02-08 14:37:06 +0000,Crunches, 15,0.0,0.0,0.0,0.0,0.0,false,, 1.0
2025-02-08 14:37:06 +0000,Crunches, 15,0.0,0.0,0.0,0.0,0.0,false,, 1.0
2025-02-07 13:07:18 +0000,Barbell Bench Press, 10,20.41168092460379,0.0,0.0,0.0,0.0,true,, 1.0
2025-02-07 13:07:18 +0000,Barbell Bench Press, 7,43.091326396385774,0.0,0.0,0.0,0.0,true,, 1.0
2025-02-07 13:07:18 +0000,Barbell Bench Press, 12,68.03893641534596,0.0,0.0,0.0,0.0,false,, 1.0
2025-02-07 13:07:18 +0000,Barbell Bench Press, 12,68.03893641534596,0.0,0.0,0.0,0.0,false,, 1.0
2025-02-07 13:07:18 +0000,Barbell Bench Press, 12,68.03893641534596,0.0,0.0,0.0,0.0,false,, 1.0
2025-02-07 13:07:18 +0000,Kettlebell Upright Row, 20,15.87575183024739,0.0,0.0,0.0,0.0,false,, 1.0
2025-02-07 13:07:18 +0000,Kettlebell Upright Row, 20,15.87575183024739,0.0,0.0,0.0,0.0,false,, 1.0
2025-02-07 13:07:18 +0000,Kettlebell Upright Row, 20,15.87575183024739,0.0,0.0,0.0,0.0,false,, 1.0
2025-02-07 13:07:18 +0000,Kettlebell Row, 8,15.87575183024739,0.0,0.0,0.0,0.0,false,, 2.0
2025-02-07 13:07:18 +0000,Kettlebell Row, 8,15.87575183024739,0.0,0.0,0.0,0.0,false,, 2.0
2025-02-07 13:07:18 +0000,Kettlebell Row, 16,15.87575183024739,0.0,0.0,0.0,0.0,false,, 2.0
2025-02-07 13:07:18 +0000,Kettlebell Row, 20,15.87575183024739,0.0,0.0,0.0,0.0,false,, 2.0
2025-02-07 13:07:18 +0000,Dumbbell Preacher Curls, 11,6.8038936415345965,0.0,0.0,0.0,0.0,false,, 2.0
2025-02-07 13:07:18 +0000,Dumbbell Preacher Curls, 12,6.8038936415345965,0.0,0.0,0.0,0.0,false,, 2.0
2025-02-07 13:07:18 +0000,Dumbbell Preacher Curls, 12,6.8038936415345965,0.0,0.0,0.0,0.0,false,, 2.0
2025-02-07 13:07:18 +0000,Dumbbell Preacher Curls, 12,9.071858188712795,0.0,0.0,0.0,0.0,false,, 2.0
2025-02-07 13:07:18 +0000,EZ-Bar Overhead Tricep Extension, 8,18.14371637742559,0.0,0.0,0.0,0.0,true,, 1.0
2025-02-07 13:07:18 +0000,EZ-Bar Overhead Tricep Extension, 7,27.215574566138386,0.0,0.0,0.0,0.0,false,, 1.0
2025-02-07 13:07:18 +0000,EZ-Bar Overhead Tricep Extension, 7,27.215574566138386,0.0,0.0,0.0,0.0,false,, 1.0
2025-02-06 13:01:40 +0000,Leg Extension, 8,56.69911367945497,0.0,0.0,0.0,0.0,true,, 1.0
2025-02-06 13:01:40 +0000,Leg Extension, 3,83.91468824559335,0.0,0.0,0.0,0.0,true,, 1.0
2025-02-06 13:01:40 +0000,Leg Extension, 12,92.98654643430615,0.0,0.0,0.0,0.0,false,, 1.0
2025-02-06 13:01:40 +0000,Leg Extension, 12,92.98654643430615,0.0,0.0,0.0,0.0,false,, 1.0
2025-02-06 13:01:40 +0000,Leg Extension, 12,92.98654643430615,0.0,0.0,0.0,0.0,false,, 1.0
2025-02-06 13:01:40 +0000,Seated Leg Curl, 8,45.35929094356398,0.0,0.0,0.0,0.0,true,, 1.0
2025-02-06 13:01:40 +0000,Seated Leg Curl, 3,68.03893641534596,0.0,0.0,0.0,0.0,false,, 1.0
2025-02-06 13:01:40 +0000,Seated Leg Curl, 12,77.11079460405875,0.0,0.0,0.0,0.0,false,, 1.0
2025-02-06 13:01:40 +0000,Seated Leg Curl, 12,77.11079460405875,0.0,0.0,0.0,0.0,false,, 1.0
2025-02-06 13:01:40 +0000,Seated Leg Curl, 12,77.11079460405875,0.0,0.0,0.0,0.0,false,, 1.0
2025-02-06 13:01:40 +0000,Hip Thrust, 22,0.0,0.0,0.0,0.0,0.0,false,, 1.0
2025-02-06 13:01:40 +0000,Hip Thrust, 22,0.0,0.0,0.0,0.0,0.0,false,, 1.0
2025-02-06 13:01:40 +0000,Hip Thrust, 22,0.0,0.0,0.0,0.0,0.0,false,, 1.0
2025-02-06 13:01:40 +0000,Dumbbell Lunge, 6,20.41168092460379,0.0,0.0,0.0,0.0,false,, 4.0
2025-02-06 13:01:40 +0000,Dumbbell Lunge, 6,20.41168092460379,0.0,0.0,0.0,0.0,false,, 4.0
2025-02-06 13:01:40 +0000,Dumbbell Lunge, 6,20.41168092460379,0.0,0.0,0.0,0.0,false,, 4.0
2025-02-06 13:01:40 +0000,Incline Back Extension, 20,0.0,0.0,0.0,0.0,0.0,false,, 1.0
2025-02-06 13:01:40 +0000,Incline Back Extension, 20,0.0,0.0,0.0,0.0,0.0,false,, 1.0
2025-02-06 13:01:40 +0000,Incline Back Extension, 20,0.0,0.0,0.0,0.0,0.0,false,, 1.0
2025-02-05 13:06:55 +0000,Push Up, 25,0.0,0.0,0.0,0.0,0.0,false,, 1.0
2025-02-05 13:06:55 +0000,Push Up, 25,0.0,0.0,0.0,0.0,0.0,false,, 1.0
2025-02-05 13:06:55 +0000,Push Up, 25,0.0,0.0,0.0,0.0,0.0,false,, 1.0
2025-02-05 13:06:55 +0000,Neutral Grip Pull Up, 6,0.0,0.0,0.0,0.0,0.0,false,, 1.0
2025-02-05 13:06:55 +0000,Neutral Grip Pull Up, 6,0.0,0.0,0.0,0.0,0.0,false,, 1.0
2025-02-05 13:06:55 +0000,Neutral Grip Pull Up, 6,0.0,0.0,0.0,0.0,0.0,false,, 1.0
2025-02-05 13:06:55 +0000,Wide Grip Barbell Curl, 10,20.41168092460379,0.0,0.0,0.0,0.0,false,, 1.0
2025-02-05 13:06:55 +0000,Wide Grip Barbell Curl, 10,20.41168092460379,0.0,0.0,0.0,0.0,false,, 1.0
2025-02-05 13:06:55 +0000,Wide Grip Barbell Curl, 11,20.41168092460379,0.0,0.0,0.0,0.0,false,, 1.0
2025-02-05 13:06:55 +0000,Wide Grip Barbell Curl, 12,20.41168092460379,0.0,0.0,0.0,0.0,false,, 1.0
2025-02-05 13:06:55 +0000,Bench Dip, 14,0.0,0.0,0.0,0.0,0.0,false,, 1.0
2025-02-05 13:06:55 +0000,Bench Dip, 14,0.0,0.0,0.0,0.0,0.0,false,, 1.0
2025-02-05 13:06:55 +0000,Bench Dip, 14,0.0,0.0,0.0,0.0,0.0,false,, 1.0
2025-02-05 13:06:55 +0000,Bench Dip, 20,0.0,0.0,0.0,0.0,0.0,false,, 1.0
2025-02-05 13:06:55 +0000,Plank, 0,0.0,50.0,0.0,0.0,0.0,false,, 0.0
2025-02-05 13:06:55 +0000,Plank, 0,0.0,50.0,0.0,0.0,0.0,false,, 0.0
2025-02-05 13:06:55 +0000,Plank, 0,0.0,50.0,0.0,0.0,0.0,false,, 0.0
2025-02-05 13:06:55 +0000,Plank, 0,0.0,50.0,0.0,0.0,0.0,false,, 0.0
2025-02-05 13:06:55 +0000,Plank, 0,0.0,50.0,0.0,0.0,0.0,false,, 0.0
2025-02-04 13:16:32 +0000,Cable Rope Tricep Extension, 8,20.41168092460379,0.0,0.0,0.0,0.0,true,, 1.0
2025-02-04 13:16:32 +0000,Cable Rope Tricep Extension, 10,34.01946820767298,0.0,0.0,0.0,0.0,false,, 1.0
2025-02-04 13:16:32 +0000,Cable Rope Tricep Extension, 10,34.01946820767298,0.0,0.0,0.0,0.0,false,, 1.0
2025-02-04 13:16:32 +0000,Cable Rope Tricep Extension, 10,34.01946820767298,0.0,0.0,0.0,0.0,false,, 1.0
2025-02-04 13:16:32 +0000,Arnold Dumbbell Press, 9,11.339822735890994,0.0,0.0,0.0,0.0,false,, 2.0
2025-02-04 13:16:32 +0000,Arnold Dumbbell Press, 9,11.339822735890994,0.0,0.0,0.0,0.0,false,, 2.0
2025-02-04 13:16:32 +0000,Arnold Dumbbell Press, 9,11.339822735890994,0.0,0.0,0.0,0.0,false,, 2.0
2025-02-04 13:16:32 +0000,Arnold Dumbbell Press, 9,11.339822735890994,0.0,0.0,0.0,0.0,false,, 2.0
2025-02-04 13:16:32 +0000,Wide Grip Pull Up, 6,0.0,0.0,0.0,0.0,0.0,false,, 1.0
2025-02-04 13:16:32 +0000,Wide Grip Pull Up, 6,0.0,0.0,0.0,0.0,0.0,false,, 1.0
2025-02-04 13:16:32 +0000,Wide Grip Pull Up, 6,0.0,0.0,0.0,0.0,0.0,false,, 1.0
2025-02-04 13:16:32 +0000,Wide Grip Pull Up, 4,0.0,0.0,0.0,0.0,0.0,false,, 1.0
2025-02-04 13:16:32 +0000,Dumbbell Fly, 12,11.339822735890994,0.0,0.0,0.0,0.0,false,, 2.0
2025-02-04 13:16:32 +0000,Dumbbell Fly, 12,11.339822735890994,0.0,0.0,0.0,0.0,false,, 2.0
2025-02-04 13:16:32 +0000,Dumbbell Fly, 12,11.339822735890994,0.0,0.0,0.0,0.0,false,, 2.0
2025-02-04 13:16:32 +0000,Incline Hammer Curl, 8,11.339822735890994,0.0,0.0,0.0,0.0,false,, 2.0
2025-02-04 13:16:32 +0000,Incline Hammer Curl, 8,11.339822735890994,0.0,0.0,0.0,0.0,false,, 2.0
2025-02-04 13:16:32 +0000,Incline Hammer Curl, 8,11.339822735890994,0.0,0.0,0.0,0.0,false,, 2.0
2025-02-03 12:37:41 +0000,Push Up, 20,0.0,0.0,0.0,0.0,0.0,false,, 1.0
2025-02-03 12:37:41 +0000,Push Up, 20,0.0,0.0,0.0,0.0,0.0,false,, 1.0
2025-02-03 12:37:41 +0000,Push Up, 20,0.0,0.0,0.0,0.0,0.0,false,, 1.0
2025-02-03 12:37:41 +0000,Push Up, 20,0.0,0.0,0.0,0.0,0.0,false,, 1.0
2025-02-03 12:37:41 +0000,Push Up, 20,0.0,0.0,0.0,0.0,0.0,false,, 1.0
2025-02-03 12:37:41 +0000,Push Up, 30,0.0,0.0,0.0,0.0,0.0,false,, 1.0
2025-02-03 12:37:41 +0000,Bicycle Crunch, 20,0.0,0.0,0.0,0.0,0.0,false,, 2.0
2025-02-03 12:37:41 +0000,Bicycle Crunch, 20,0.0,0.0,0.0,0.0,0.0,false,, 2.0
2025-02-03 12:37:41 +0000,Bicycle Crunch, 20,0.0,0.0,0.0,0.0,0.0,false,, 2.0
2025-02-03 12:37:41 +0000,Bicycle Crunch, 20,0.0,0.0,0.0,0.0,0.0,false,, 2.0
2025-02-03 12:37:41 +0000,Bicycle Crunch, 25,0.0,0.0,0.0,0.0,0.0,false,, 2.0
2025-01-31 13:15:35 +0000,Pause Barbell Incline Bench Press, 12,20.41168092460379,0.0,0.0,0.0,0.0,true,, 1.0
2025-01-31 13:15:35 +0000,Pause Barbell Incline Bench Press, 5,31.75150366049478,0.0,0.0,0.0,0.0,true,, 1.0
2025-01-31 13:15:35 +0000,Pause Barbell Incline Bench Press, 12,43.091326396385774,0.0,0.0,0.0,0.0,false,, 1.0
2025-01-31 13:15:35 +0000,Pause Barbell Incline Bench Press, 12,43.091326396385774,0.0,0.0,0.0,0.0,false,, 1.0
2025-01-31 13:15:35 +0000,Pause Barbell Incline Bench Press, 12,43.091326396385774,0.0,0.0,0.0,0.0,false,, 1.0
2025-01-31 13:15:35 +0000,Dumbbell Rear Delt Raise, 9,9.071858188712795,0.0,0.0,0.0,0.0,false,, 2.0
2025-01-31 13:15:35 +0000,Dumbbell Rear Delt Raise, 9,9.071858188712795,0.0,0.0,0.0,0.0,false,, 2.0
2025-01-31 13:15:35 +0000,Dumbbell Rear Delt Raise, 9,9.071858188712795,0.0,0.0,0.0,0.0,false,, 2.0
2025-01-31 13:15:35 +0000,Dumbbell Rear Delt Raise, 9,9.071858188712795,0.0,0.0,0.0,0.0,false,, 2.0
2025-01-31 13:15:35 +0000,Lat Pulldown, 8,36.28743275485118,0.0,0.0,0.0,0.0,true,, 1.0
2025-01-31 13:15:35 +0000,Lat Pulldown, 9,61.235042773811365,0.0,0.0,0.0,0.0,false,, 1.0
2025-01-31 13:15:35 +0000,Lat Pulldown, 9,61.235042773811365,0.0,0.0,0.0,0.0,false,, 1.0
2025-01-31 13:15:35 +0000,Lat Pulldown, 9,61.235042773811365,0.0,0.0,0.0,0.0,false,, 1.0
2025-01-31 13:15:35 +0000,Reverse Dumbbell Curl, 11,4.535929094356398,0.0,0.0,0.0,0.0,false,, 2.0
2025-01-31 13:15:35 +0000,Reverse Dumbbell Curl, 11,4.535929094356398,0.0,0.0,0.0,0.0,false,, 2.0
2025-01-31 13:15:35 +0000,Reverse Dumbbell Curl, 11,4.535929094356398,0.0,0.0,0.0,0.0,false,, 2.0
2025-01-31 13:15:35 +0000,Reverse Dumbbell Curl, 11,4.535929094356398,0.0,0.0,0.0,0.0,false,, 2.0
2025-01-31 13:15:35 +0000,Bicycle Crunch, 12,0.0,0.0,0.0,0.0,0.0,false,, 2.0
2025-01-31 13:15:35 +0000,Bicycle Crunch, 12,0.0,0.0,0.0,0.0,0.0,false,, 2.0
2025-01-31 13:15:35 +0000,Bicycle Crunch, 12,0.0,0.0,0.0,0.0,0.0,false,, 2.0
2025-01-31 13:15:35 +0000,Push Up, 10,0.0,0.0,0.0,0.0,0.0,false,, 1.0
2025-01-31 13:15:35 +0000,Push Up, 10,0.0,0.0,0.0,0.0,0.0,false,, 1.0
2025-01-31 13:15:35 +0000,Push Up, 15,0.0,0.0,0.0,0.0,0.0,false,, 1.0
2025-01-31 13:15:35 +0000,Push Up, 16,0.0,0.0,0.0,0.0,0.0,false,, 1.0
2025-01-31 13:15:35 +0000,Superman, 14,0.0,0.0,0.0,0.0,0.0,false,, 1.0
2025-01-31 13:15:35 +0000,Superman, 14,0.0,0.0,0.0,0.0,0.0,false,, 1.0
2025-01-31 13:15:35 +0000,Superman, 14,0.0,0.0,0.0,0.0,0.0,false,, 1.0
2025-01-30 13:14:17 +0000,Dumbbell Bicep Curl, 5,18.14371637742559,0.0,0.0,0.0,0.0,false,, 2.0
2025-01-30 13:14:17 +0000,Dumbbell Bicep Curl, 5,18.14371637742559,0.0,0.0,0.0,0.0,false,, 2.0
2025-01-30 13:14:17 +0000,Dumbbell Bicep Curl, 5,18.14371637742559,0.0,0.0,0.0,0.0,false,, 2.0
2025-01-30 13:14:17 +0000,Tricep Push Up, 11,0.0,0.0,0.0,0.0,0.0,false,, 1.0
2025-01-30 13:14:17 +0000,Tricep Push Up, 11,0.0,0.0,0.0,0.0,0.0,false,, 1.0
2025-01-30 13:14:17 +0000,Tricep Push Up, 11,0.0,0.0,0.0,0.0,0.0,false,, 1.0
2025-01-30 13:14:17 +0000,Tricep Push Up, 11,0.0,0.0,0.0,0.0,0.0,false,, 1.0
2025-01-30 13:14:17 +0000,Push Press, 6,20.41168092460379,0.0,0.0,0.0,0.0,true,, 1.0
2025-01-30 13:14:17 +0000,Push Press, 8,38.55539730202938,0.0,0.0,0.0,0.0,false,, 1.0
2025-01-30 13:14:17 +0000,Push Press, 8,38.55539730202938,0.0,0.0,0.0,0.0,false,, 1.0
2025-01-30 13:14:17 +0000,Push Press, 8,38.55539730202938,0.0,0.0,0.0,0.0,false,, 1.0
2025-01-30 13:14:17 +0000,Push Press, 8,38.55539730202938,0.0,0.0,0.0,0.0,false,, 1.0
2025-01-30 13:14:17 +0000,Australian Chin Up, 8,0.0,0.0,0.0,0.0,0.0,false,, 1.0
2025-01-30 13:14:17 +0000,Australian Chin Up, 8,0.0,0.0,0.0,0.0,0.0,false,, 1.0
2025-01-30 13:14:17 +0000,Australian Chin Up, 8,0.0,0.0,0.0,0.0,0.0,false,, 1.0
2025-01-30 13:14:17 +0000,Australian Chin Up, 8,0.0,0.0,0.0,0.0,0.0,false,, 1.0
2025-01-30 13:14:17 +0000,Australian Chin Up, 8,0.0,0.0,0.0,0.0,0.0,false,, 1.0
2025-01-30 13:14:17 +0000,Dip, 8,0.0,0.0,0.0,0.0,0.0,false,, 1.0
2025-01-30 13:14:17 +0000,Dip, 8,0.0,0.0,0.0,0.0,0.0,false,, 1.0
2025-01-30 13:14:17 +0000,Dip, 8,0.0,0.0,0.0,0.0,0.0,false,, 1.0
2025-01-30 13:14:17 +0000,Dip, 8,0.0,0.0,0.0,0.0,0.0,false,, 1.0
2025-01-30 13:14:17 +0000,Hanging Knee Raise, 11,0.0,0.0,0.0,0.0,0.0,false,, 1.0
2025-01-30 13:14:17 +0000,Hanging Knee Raise, 11,0.0,0.0,0.0,0.0,0.0,false,, 1.0
2025-01-30 13:14:17 +0000,Hanging Knee Raise, 11,0.0,0.0,0.0,0.0,0.0,false,, 1.0
2025-01-30 13:14:17 +0000,Hanging Knee Raise, 11,0.0,0.0,0.0,0.0,0.0,false,, 1.0
2025-01-29 13:13:26 +0000,Dumbbell Bench Press, 8,18.14371637742559,0.0,0.0,0.0,0.0,true,, 2.0
2025-01-29 13:13:26 +0000,Dumbbell Bench Press, 10,29.483539113316585,0.0,0.0,0.0,0.0,false,, 2.0
2025-01-29 13:13:26 +0000,Dumbbell Bench Press, 10,29.483539113316585,0.0,0.0,0.0,0.0,false,, 2.0
2025-01-29 13:13:26 +0000,Dumbbell Bench Press, 10,29.483539113316585,0.0,0.0,0.0,0.0,false,, 2.0
2025-01-29 13:13:26 +0000,Dumbbell Bench Press, 8,29.483539113316585,0.0,0.0,0.0,0.0,false,, 2.0
2025-01-29 13:13:26 +0000,Dumbbell Bench Press, 7,29.483539113316585,0.0,0.0,0.0,0.0,false,, 2.0
2025-01-29 13:13:26 +0000,Dumbbell Skullcrusher, 9,9.071858188712795,0.0,0.0,0.0,0.0,false,, 2.0
2025-01-29 13:13:26 +0000,Dumbbell Skullcrusher, 9,9.071858188712795,0.0,0.0,0.0,0.0,false,, 2.0
2025-01-29 13:13:26 +0000,Dumbbell Skullcrusher, 9,9.071858188712795,0.0,0.0,0.0,0.0,false,, 2.0
2025-01-29 13:13:26 +0000,Dumbbell Skullcrusher, 9,9.071858188712795,0.0,0.0,0.0,0.0,false,, 2.0
2025-01-29 13:13:26 +0000,Dumbbell Skullcrusher, 9,9.071858188712795,0.0,0.0,0.0,0.0,false,, 2.0
2025-01-29 13:13:26 +0000,Dead Bug, 19,0.0,0.0,0.0,0.0,0.0,false,, 2.0
2025-01-29 13:13:26 +0000,Dead Bug, 19,0.0,0.0,0.0,0.0,0.0,false,, 2.0
2025-01-29 13:13:26 +0000,Dead Bug, 19,0.0,0.0,0.0,0.0,0.0,false,, 2.0
2025-01-29 13:13:26 +0000,Dead Bug, 19,0.0,0.0,0.0,0.0,0.0,false,, 2.0
2025-01-29 13:13:26 +0000,Dumbbell Bent Over Row, 7,20.41168092460379,0.0,0.0,0.0,0.0,false,, 2.0
2025-01-29 13:13:26 +0000,Dumbbell Bent Over Row, 7,20.41168092460379,0.0,0.0,0.0,0.0,false,, 2.0
2025-01-29 13:13:26 +0000,Dumbbell Bent Over Row, 7,20.41168092460379,0.0,0.0,0.0,0.0,false,, 2.0
2025-01-29 13:13:26 +0000,Dumbbell Bent Over Row, 8,20.41168092460379,0.0,0.0,0.0,0.0,false,, 2.0
2025-01-28 13:16:51 +0000,Pull Up, 6,0.0,0.0,0.0,0.0,0.0,false,, 1.0
2025-01-28 13:16:51 +0000,Pull Up, 6,0.0,0.0,0.0,0.0,0.0,false,, 1.0
2025-01-28 13:16:51 +0000,Pull Up, 6,0.0,0.0,0.0,0.0,0.0,false,, 1.0
2025-01-28 13:16:51 +0000,Pull Up, 6,0.0,0.0,0.0,0.0,0.0,false,, 1.0
2025-01-28 13:16:51 +0000,Close-Grip Bench Press, 8,43.091326396385774,0.0,0.0,0.0,0.0,true,, 1.0
2025-01-28 13:16:51 +0000,Close-Grip Bench Press, 8,70.30690096252415,0.0,0.0,0.0,0.0,false,, 1.0
2025-01-28 13:16:51 +0000,Close-Grip Bench Press, 8,70.30690096252415,0.0,0.0,0.0,0.0,false,, 1.0
2025-01-28 13:16:51 +0000,Close-Grip Bench Press, 8,70.30690096252415,0.0,0.0,0.0,0.0,false,, 1.0
2025-01-28 13:16:51 +0000,Low Cable Chest Fly, 12,11.339822735890994,0.0,0.0,0.0,0.0,false,, 2.0
2025-01-28 13:16:51 +0000,Low Cable Chest Fly, 12,11.339822735890994,0.0,0.0,0.0,0.0,false,, 2.0
2025-01-28 13:16:51 +0000,Low Cable Chest Fly, 12,11.339822735890994,0.0,0.0,0.0,0.0,false,, 2.0
2025-01-28 13:16:51 +0000,Barbell Bicep Drag Curl, 10,20.41168092460379,0.0,0.0,0.0,0.0,false,, 1.0
2025-01-28 13:16:51 +0000,Barbell Bicep Drag Curl, 10,20.41168092460379,0.0,0.0,0.0,0.0,false,, 1.0
2025-01-28 13:16:51 +0000,Barbell Bicep Drag Curl, 10,20.41168092460379,0.0,0.0,0.0,0.0,false,, 1.0
2025-01-28 13:16:51 +0000,Barbell Bicep Drag Curl, 10,20.41168092460379,0.0,0.0,0.0,0.0,false,, 1.0
2025-01-28 13:16:51 +0000,Side Laterals to Front Raise, 8,4.535929094356398,0.0,0.0,0.0,0.0,false,, 2.0
2025-01-28 13:16:51 +0000,Side Laterals to Front Raise, 8,4.535929094356398,0.0,0.0,0.0,0.0,false,, 2.0
2025-01-28 13:16:51 +0000,Side Laterals to Front Raise, 13,4.535929094356398,0.0,0.0,0.0,0.0,false,, 2.0
2025-01-28 13:16:51 +0000,Side Laterals to Front Raise, 14,4.535929094356398,0.0,0.0,0.0,0.0,false,, 2.0
2025-01-24 13:15:03 +0000,Barbell Incline Bench Press, 8,38.55539730202938,0.0,0.0,0.0,0.0,true,, 1.0
2025-01-24 13:15:03 +0000,Barbell Incline Bench Press, 8,65.77097186816776,0.0,0.0,0.0,0.0,false,, 1.0
2025-01-24 13:15:03 +0000,Barbell Incline Bench Press, 8,65.77097186816776,0.0,0.0,0.0,0.0,false,, 1.0
2025-01-24 13:15:03 +0000,Barbell Incline Bench Press, 8,65.77097186816776,0.0,0.0,0.0,0.0,false,, 1.0
2025-01-24 13:15:03 +0000,Cable Rear Delt Fly, 10,9.071858188712795,0.0,0.0,0.0,0.0,false,, 2.0
2025-01-24 13:15:03 +0000,Cable Rear Delt Fly, 10,9.071858188712795,0.0,0.0,0.0,0.0,false,, 2.0
2025-01-24 13:15:03 +0000,Cable Rear Delt Fly, 10,9.071858188712795,0.0,0.0,0.0,0.0,false,, 2.0
2025-01-24 13:15:03 +0000,Cable Bicep Curl, 10,18.14371637742559,0.0,0.0,0.0,0.0,false,, 1.0
2025-01-24 13:15:03 +0000,Cable Bicep Curl, 10,20.41168092460379,0.0,0.0,0.0,0.0,false,, 1.0
2025-01-24 13:15:03 +0000,Cable Bicep Curl, 10,22.67964547178199,0.0,0.0,0.0,0.0,false,, 1.0
2025-01-24 13:15:03 +0000,V-Bar Pull Up, 2,0.0,0.0,0.0,0.0,0.0,false,, 1.0
2025-01-24 13:15:03 +0000,V-Bar Pull Up, 3,0.0,0.0,0.0,0.0,0.0,false,, 1.0
2025-01-24 13:15:03 +0000,V-Bar Pull Up, 7,0.0,0.0,0.0,0.0,0.0,false,, 1.0
2025-01-24 13:15:03 +0000,V-Bar Pull Up, 6,0.0,0.0,0.0,0.0,0.0,false,, 1.0
2025-01-23 13:17:32 +0000,Dumbbell Row, 8,18.14371637742559,0.0,0.0,0.0,0.0,true,, 2.0
2025-01-23 13:17:32 +0000,Dumbbell Row, 10,29.483539113316585,0.0,0.0,0.0,0.0,false,, 2.0
2025-01-23 13:17:32 +0000,Dumbbell Row, 10,29.483539113316585,0.0,0.0,0.0,0.0,false,, 2.0
2025-01-23 13:17:32 +0000,Dumbbell Row, 10,29.483539113316585,0.0,0.0,0.0,0.0,false,, 2.0
2025-01-23 13:17:32 +0000,Skullcrusher, 8,18.14371637742559,0.0,0.0,0.0,0.0,true,, 1.0
2025-01-23 13:17:32 +0000,Skullcrusher, 8,27.215574566138386,0.0,0.0,0.0,0.0,false,, 1.0
2025-01-23 13:17:32 +0000,Skullcrusher, 8,27.215574566138386,0.0,0.0,0.0,0.0,false,, 1.0
2025-01-23 13:17:32 +0000,Skullcrusher, 10,27.215574566138386,0.0,0.0,0.0,0.0,false,, 1.0
2025-01-23 13:17:32 +0000,Incline Dumbbell Curl, 8,6.8038936415345965,0.0,0.0,0.0,0.0,false,, 2.0
2025-01-23 13:17:32 +0000,Incline Dumbbell Curl, 8,6.8038936415345965,0.0,0.0,0.0,0.0,false,, 2.0
2025-01-23 13:17:32 +0000,Incline Dumbbell Curl, 8,6.8038936415345965,0.0,0.0,0.0,0.0,false,, 2.0
2025-01-23 13:17:32 +0000,Push Up, 17,0.0,0.0,0.0,0.0,0.0,false,, 1.0
2025-01-23 13:17:32 +0000,Push Up, 17,0.0,0.0,0.0,0.0,0.0,false,, 1.0
2025-01-23 13:17:32 +0000,Push Up, 17,0.0,0.0,0.0,0.0,0.0,false,, 1.0
2025-01-22 13:16:29 +0000,Incline Dumbbell Squeeze Press, 14,15.87575183024739,0.0,0.0,0.0,0.0,false,, 2.0
2025-01-22 13:16:29 +0000,Incline Dumbbell Squeeze Press, 14,15.87575183024739,0.0,0.0,0.0,0.0,false,, 2.0
2025-01-22 13:16:29 +0000,Incline Dumbbell Squeeze Press, 14,15.87575183024739,0.0,0.0,0.0,0.0,false,, 2.0
2025-01-22 13:16:29 +0000,Dumbbell Kickbacks, 16,6.8038936415345965,0.0,0.0,0.0,0.0,false,, 2.0
2025-01-22 13:16:29 +0000,Dumbbell Kickbacks, 16,6.8038936415345965,0.0,0.0,0.0,0.0,false,, 2.0
2025-01-22 13:16:29 +0000,Dumbbell Kickbacks, 16,6.8038936415345965,0.0,0.0,0.0,0.0,false,, 2.0
2025-01-22 13:16:29 +0000,Close-Grip EZ-Bar Curl, 15,13.607787283069193,0.0,0.0,0.0,0.0,false,, 1.0
2025-01-22 13:16:29 +0000,Close-Grip EZ-Bar Curl, 20,13.607787283069193,0.0,0.0,0.0,0.0,false,, 1.0
2025-01-22 13:16:29 +0000,Close-Grip EZ-Bar Curl, 22,13.607787283069193,0.0,0.0,0.0,0.0,false,, 1.0
2025-01-22 13:16:29 +0000,Dumbbell Shoulder Press, 15,11.339822735890994,0.0,0.0,0.0,0.0,false,, 2.0
2025-01-22 13:16:29 +0000,Dumbbell Shoulder Press, 15,11.339822735890994,0.0,0.0,0.0,0.0,false,, 2.0
2025-01-22 13:16:29 +0000,Dumbbell Shoulder Press, 15,11.339822735890994,0.0,0.0,0.0,0.0,false,, 2.0
2025-01-22 13:16:29 +0000,Cable Row, 8,52.16318458509857,0.0,0.0,0.0,0.0,false,, 1.0
2025-01-22 13:16:29 +0000,Cable Row, 8,56.69911367945497,0.0,0.0,0.0,0.0,false,, 1.0
2025-01-22 13:16:29 +0000,Cable Row, 10,68.03893641534596,0.0,0.0,0.0,0.0,false,, 1.0
2025-01-22 13:16:29 +0000,Cable Row, 10,70.30690096252415,0.0,0.0,0.0,0.0,false,, 1.0
2025-01-22 13:16:29 +0000,Leg Pull-In, 18,0.0,0.0,0.0,0.0,0.0,false,, 1.0
2025-01-22 13:16:29 +0000,Leg Pull-In, 18,0.0,0.0,0.0,0.0,0.0,false,, 1.0
2025-01-17 13:22:14 +0000,Chin Up, 8,0.0,0.0,0.0,0.0,0.0,false,, 1.0
2025-01-17 13:22:14 +0000,Chin Up, 7,0.0,0.0,0.0,0.0,0.0,false,, 1.0
2025-01-17 13:22:14 +0000,Chin Up, 7,0.0,0.0,0.0,0.0,0.0,false,, 1.0
2025-01-17 13:22:14 +0000,Front Plate Raise, 12,11.339822735890994,0.0,0.0,0.0,0.0,false,, 1.0
2025-01-17 13:22:14 +0000,Front Plate Raise, 12,11.339822735890994,0.0,0.0,0.0,0.0,false,, 1.0
2025-01-17 13:22:14 +0000,Front Plate Raise, 12,11.339822735890994,0.0,0.0,0.0,0.0,false,, 1.0
2025-01-17 13:22:14 +0000,Machine Bench Press, 5,36.28743275485118,0.0,0.0,0.0,0.0,true,, 1.0
2025-01-17 13:22:14 +0000,Machine Bench Press, 12,45.35929094356398,0.0,0.0,0.0,0.0,false,, 1.0
2025-01-17 13:22:14 +0000,Machine Bench Press, 12,49.895220037920375,0.0,0.0,0.0,0.0,false,, 1.0
2025-01-17 13:22:14 +0000,Machine Bench Press, 12,58.96707822663317,0.0,0.0,0.0,0.0,false,, 1.0
2025-01-17 13:22:14 +0000,Machine Bench Press, 12,68.03893641534596,0.0,0.0,0.0,0.0,false,, 1.0
2025-01-17 13:22:14 +0000,Dumbbell Shrug, 12,27.215574566138386,0.0,0.0,0.0,0.0,false,, 2.0
2025-01-17 13:22:14 +0000,Dumbbell Shrug, 12,27.215574566138386,0.0,0.0,0.0,0.0,false,, 2.0
2025-01-17 13:22:14 +0000,Dumbbell Shrug, 12,27.215574566138386,0.0,0.0,0.0,0.0,false,, 2.0
2025-01-17 13:22:14 +0000,Dumbbell Shrug, 12,27.215574566138386,0.0,0.0,0.0,0.0,false,, 2.0
2025-01-17 13:22:14 +0000,Dumbbell Shrug, 12,27.215574566138386,0.0,0.0,0.0,0.0,false,, 2.0
2025-01-16 13:20:40 +0000,Barbell Curl, 8,34.01946820767298,0.0,0.0,0.0,0.0,false,, 1.0
2025-01-16 13:20:40 +0000,Barbell Curl, 8,34.01946820767298,0.0,0.0,0.0,0.0,false,, 1.0
2025-01-16 13:20:40 +0000,Barbell Curl, 8,34.01946820767298,0.0,0.0,0.0,0.0,false,, 1.0
2025-01-16 13:20:40 +0000,Alternating Medicine Ball Push Up, 8,0.0,0.0,0.0,0.0,0.0,false,, 2.0
2025-01-16 13:20:40 +0000,Alternating Medicine Ball Push Up, 8,0.0,0.0,0.0,0.0,0.0,false,, 2.0
2025-01-16 13:20:40 +0000,Alternating Medicine Ball Push Up, 8,0.0,0.0,0.0,0.0,0.0,false,, 2.0
2025-01-16 13:20:40 +0000,Wide Grip Lat Pulldown, 8,31.75150366049478,0.0,0.0,0.0,0.0,true,, 1.0
2025-01-16 13:20:40 +0000,Wide Grip Lat Pulldown, 12,52.16318458509857,0.0,0.0,0.0,0.0,false,, 1.0
2025-01-16 13:20:40 +0000,Wide Grip Lat Pulldown, 12,52.16318458509857,0.0,0.0,0.0,0.0,false,, 1.0
2025-01-16 13:20:40 +0000,Cable Face Pull, 12,20.41168092460379,0.0,0.0,0.0,0.0,false,, 1.0
2025-01-16 13:20:40 +0000,Cable Face Pull, 12,24.947610018960187,0.0,0.0,0.0,0.0,false,, 1.0
2025-01-16 13:20:40 +0000,Cable Face Pull, 12,24.947610018960187,0.0,0.0,0.0,0.0,false,, 1.0
2025-01-15 13:18:53 +0000,Lat Pulldown, 6,68.03893641534596,0.0,0.0,0.0,0.0,false,, 1.0
2025-01-15 13:18:53 +0000,Lat Pulldown, 6,68.03893641534596,0.0,0.0,0.0,0.0,false,, 1.0
2025-01-15 13:18:53 +0000,Lat Pulldown, 6,68.03893641534596,0.0,0.0,0.0,0.0,false,, 1.0
2025-01-15 13:18:53 +0000,Lat Pulldown, 6,68.03893641534596,0.0,0.0,0.0,0.0,false,, 1.0
2025-01-15 13:18:53 +0000,Pike Push Up, 7,0.0,0.0,0.0,0.0,0.0,false,, 1.0
2025-01-15 13:18:53 +0000,Pike Push Up, 7,0.0,0.0,0.0,0.0,0.0,false,, 1.0
2025-01-15 13:18:53 +0000,Pike Push Up, 7,0.0,0.0,0.0,0.0,0.0,false,, 1.0
2025-01-15 13:18:53 +0000,Pike Push Up, 7,0.0,0.0,0.0,0.0,0.0,false,, 1.0
2025-01-15 13:18:53 +0000,Cable Rope Tricep Extension, 8,18.14371637742559,0.0,0.0,0.0,0.0,true,, 1.0
2025-01-15 13:18:53 +0000,Cable Rope Tricep Extension, 12,31.75150366049478,0.0,0.0,0.0,0.0,false,, 1.0
2025-01-15 13:18:53 +0000,Cable Rope Tricep Extension, 12,31.75150366049478,0.0,0.0,0.0,0.0,false,, 1.0
2025-01-15 13:18:53 +0000,Cable Rope Tricep Extension, 12,31.75150366049478,0.0,0.0,0.0,0.0,false,, 1.0
2025-01-15 13:18:53 +0000,Dumbbell Incline Bench Press, 8,15.87575183024739,0.0,0.0,0.0,0.0,true,, 2.0
2025-01-15 13:18:53 +0000,Dumbbell Incline Bench Press, 10,24.947610018960187,0.0,0.0,0.0,0.0,false,, 2.0
2025-01-15 13:18:53 +0000,Dumbbell Incline Bench Press, 10,24.947610018960187,0.0,0.0,0.0,0.0,false,, 2.0
2025-01-15 13:18:53 +0000,Dumbbell Incline Bench Press, 10,24.947610018960187,0.0,0.0,0.0,0.0,false,, 2.0
2025-01-15 13:18:53 +0000,Dumbbell Back Fly, 6,6.8038936415345965,0.0,0.0,0.0,0.0,false,, 2.0
2025-01-15 13:18:53 +0000,Dumbbell Back Fly, 6,6.8038936415345965,0.0,0.0,0.0,0.0,false,, 2.0
2025-01-15 13:18:53 +0000,Dumbbell Back Fly, 6,6.8038936415345965,0.0,0.0,0.0,0.0,false,, 2.0
2025-01-15 13:18:53 +0000,Dumbbell Back Fly, 6,6.8038936415345965,0.0,0.0,0.0,0.0,false,, 2.0
2025-01-14 13:20:29 +0000,Close-Grip Bench Press, 8,43.091326396385774,0.0,0.0,0.0,0.0,true,, 1.0
2025-01-14 13:20:29 +0000,Close-Grip Bench Press, 10,70.30690096252415,0.0,0.0,0.0,0.0,false,, 1.0
2025-01-14 13:20:29 +0000,Close-Grip Bench Press, 8,70.30690096252415,0.0,0.0,0.0,0.0,false,, 1.0
2025-01-14 13:20:29 +0000,Close-Grip Bench Press, 5,70.30690096252415,0.0,0.0,0.0,0.0,false,, 1.0
2025-01-14 13:20:29 +0000,Tricep Push Up, 11,0.0,0.0,0.0,0.0,0.0,false,, 1.0
2025-01-14 13:20:29 +0000,Tricep Push Up, 11,0.0,0.0,0.0,0.0,0.0,false,, 1.0
2025-01-14 13:20:29 +0000,Tricep Push Up, 11,0.0,0.0,0.0,0.0,0.0,false,, 1.0
2025-01-14 13:20:29 +0000,Tricep Push Up, 11,0.0,0.0,0.0,0.0,0.0,false,, 1.0
2025-01-14 13:20:29 +0000,Gorilla Rows, 8,8.164672369841515,0.0,0.0,0.0,0.0,false,, 2.0
2025-01-14 13:20:29 +0000,Gorilla Rows, 8,11.793415645326633,0.0,0.0,0.0,0.0,false,, 2.0
2025-01-14 13:20:29 +0000,Gorilla Rows, 10,11.793415645326633,0.0,0.0,0.0,0.0,false,, 2.0
2025-01-14 13:20:29 +0000,Gorilla Rows, 15,11.793415645326633,0.0,0.0,0.0,0.0,false,, 2.0
2025-01-14 13:20:29 +0000,Seated Dumbbell Curl, 14,11.339822735890994,0.0,0.0,0.0,0.0,false,, 2.0
2025-01-14 13:20:29 +0000,Seated Dumbbell Curl, 14,11.339822735890994,0.0,0.0,0.0,0.0,false,, 2.0
2025-01-14 13:20:29 +0000,Seated Dumbbell Curl, 10,11.339822735890994,0.0,0.0,0.0,0.0,false,, 2.0
2025-01-13 13:30:24 +0000,Dumbbell Lateral Raise, 11,6.8038936415345965,0.0,0.0,0.0,0.0,false,, 2.0
2025-01-13 13:30:24 +0000,Dumbbell Lateral Raise, 11,6.8038936415345965,0.0,0.0,0.0,0.0,false,, 2.0
2025-01-13 13:30:24 +0000,Dumbbell Lateral Raise, 11,6.8038936415345965,0.0,0.0,0.0,0.0,false,, 2.0
2025-01-13 13:30:24 +0000,Decline Push Up, 9,0.0,0.0,0.0,0.0,0.0,false,, 1.0
2025-01-13 13:30:24 +0000,Decline Push Up, 10,0.0,0.0,0.0,0.0,0.0,false,, 1.0
2025-01-13 13:30:24 +0000,Decline Push Up, 10,0.0,0.0,0.0,0.0,0.0,false,, 1.0
2025-01-13 13:30:24 +0000,Hammer Curls, 11,13.607787283069193,0.0,0.0,0.0,0.0,false,, 2.0
2025-01-13 13:30:24 +0000,Hammer Curls, 11,13.607787283069193,0.0,0.0,0.0,0.0,false,, 2.0
2025-01-13 13:30:24 +0000,Hammer Curls, 11,13.607787283069193,0.0,0.0,0.0,0.0,false,, 2.0
2025-01-13 13:30:24 +0000,Incline Back Extension, 19,0.0,0.0,0.0,0.0,0.0,false,, 1.0
2025-01-13 13:30:24 +0000,Incline Back Extension, 30,0.0,0.0,0.0,0.0,0.0,false,, 1.0
2025-01-10 13:17:44 +0000,Cable Underhand Tricep Pushdown, 12,18.14371637742559,0.0,0.0,0.0,0.0,false,, 1.0
2025-01-10 13:17:44 +0000,Cable Underhand Tricep Pushdown, 12,22.67964547178199,0.0,0.0,0.0,0.0,false,, 1.0
2025-01-10 13:17:44 +0000,Cable Underhand Tricep Pushdown, 12,27.215574566138386,0.0,0.0,0.0,0.0,false,, 1.0
2025-01-10 13:17:44 +0000,Cable Underhand Tricep Pushdown, 12,31.75150366049478,0.0,0.0,0.0,0.0,false,, 1.0
2025-01-10 13:17:44 +0000,Cable Underhand Tricep Pushdown, 12,31.75150366049478,0.0,0.0,0.0,0.0,false,, 1.0
2025-01-10 13:17:44 +0000,Reverse Barbell Curl, 10,20.41168092460379,0.0,0.0,0.0,0.0,false,, 1.0
2025-01-10 13:17:44 +0000,Reverse Barbell Curl, 10,20.41168092460379,0.0,0.0,0.0,0.0,false,, 1.0
2025-01-10 13:17:44 +0000,Reverse Barbell Curl, 10,20.41168092460379,0.0,0.0,0.0,0.0,false,, 1.0
2025-01-10 13:17:44 +0000,Reverse Barbell Curl, 10,20.41168092460379,0.0,0.0,0.0,0.0,false,, 1.0
2025-01-10 13:17:44 +0000,Reverse Barbell Curl, 10,20.41168092460379,0.0,0.0,0.0,0.0,false,, 1.0
2025-01-10 13:17:44 +0000,Upright Row, 10,29.483539113316585,0.0,0.0,0.0,0.0,false,, 1.0
2025-01-10 13:17:44 +0000,Upright Row, 10,29.483539113316585,0.0,0.0,0.0,0.0,false,, 1.0
2025-01-10 13:17:44 +0000,Upright Row, 10,29.483539113316585,0.0,0.0,0.0,0.0,false,, 1.0
2025-01-10 13:17:44 +0000,Shotgun Row, 10,24.947610018960187,0.0,0.0,0.0,0.0,false,, 2.0
2025-01-10 13:17:44 +0000,Shotgun Row, 10,24.947610018960187,0.0,0.0,0.0,0.0,false,, 2.0
2025-01-10 13:17:44 +0000,Shotgun Row, 10,24.947610018960187,0.0,0.0,0.0,0.0,false,, 2.0
2025-01-10 13:17:44 +0000,Dumbbell Incline Bench Press, 8,15.87575183024739,0.0,0.0,0.0,0.0,true,, 2.0
2025-01-10 13:17:44 +0000,Dumbbell Incline Bench Press, 8,27.215574566138386,0.0,0.0,0.0,0.0,false,, 2.0
2025-01-10 13:17:44 +0000,Dumbbell Incline Bench Press, 8,27.215574566138386,0.0,0.0,0.0,0.0,false,, 2.0
2025-01-10 13:17:44 +0000,Dumbbell Incline Bench Press, 8,27.215574566138386,0.0,0.0,0.0,0.0,false,, 2.0
2025-01-09 13:24:50 +0000,Pull Up, 6,0.0,0.0,0.0,0.0,0.0,false,, 1.0
2025-01-09 13:24:50 +0000,Pull Up, 6,0.0,0.0,0.0,0.0,0.0,false,, 1.0
2025-01-09 13:24:50 +0000,Pull Up, 6,0.0,0.0,0.0,0.0,0.0,false,, 1.0
2025-01-09 13:24:50 +0000,Pull Up, 6,0.0,0.0,0.0,0.0,0.0,false,, 1.0
2025-01-09 13:24:50 +0000,Pull Up, 3,0.0,0.0,0.0,0.0,0.0,false,, 1.0
2025-01-09 13:24:50 +0000,Scissor Crossover Kick, 17,0.0,0.0,0.0,0.0,0.0,false,, 2.0
2025-01-09 13:24:50 +0000,Scissor Crossover Kick, 21,0.0,0.0,0.0,0.0,0.0,false,, 2.0
2025-01-09 13:24:50 +0000,Scissor Crossover Kick, 27,0.0,0.0,0.0,0.0,0.0,false,, 2.0
2025-01-09 13:24:50 +0000,Scissor Crossover Kick, 30,0.0,0.0,0.0,0.0,0.0,false,, 2.0
2025-01-09 13:24:50 +0000,EZ-Bar Curl, 6,27.215574566138386,0.0,0.0,0.0,0.0,false,, 1.0
2025-01-09 13:24:50 +0000,EZ-Bar Curl, 6,27.215574566138386,0.0,0.0,0.0,0.0,false,, 1.0
2025-01-09 13:24:50 +0000,EZ-Bar Curl, 6,27.215574566138386,0.0,0.0,0.0,0.0,false,, 1.0
2025-01-09 13:24:50 +0000,Seated Barbell Shoulder Press, 12,27.215574566138386,0.0,0.0,0.0,0.0,false,, 1.0
2025-01-09 13:24:50 +0000,Seated Barbell Shoulder Press, 12,27.215574566138386,0.0,0.0,0.0,0.0,false,, 1.0
2025-01-09 13:24:50 +0000,Seated Barbell Shoulder Press, 12,27.215574566138386,0.0,0.0,0.0,0.0,false,, 1.0
2025-01-08 13:30:49 +0000,Cable Crossover Fly, 10,20.41168092460379,0.0,0.0,0.0,0.0,false,, 2.0
2025-01-08 13:30:49 +0000,Cable Crossover Fly, 10,20.41168092460379,0.0,0.0,0.0,0.0,false,, 2.0
2025-01-08 13:30:49 +0000,Cable Crossover Fly, 10,20.41168092460379,0.0,0.0,0.0,0.0,false,, 2.0
2025-01-08 13:30:49 +0000,Cable Crossover Fly, 10,20.41168092460379,0.0,0.0,0.0,0.0,false,, 2.0
2025-01-08 13:30:49 +0000,Bent Over Barbell Row, 10,43.091326396385774,0.0,0.0,0.0,0.0,true,, 1.0
2025-01-08 13:30:49 +0000,Bent Over Barbell Row, 6,70.30690096252415,0.0,0.0,0.0,0.0,false,, 1.0
2025-01-08 13:30:49 +0000,Bent Over Barbell Row, 8,61.235042773811365,0.0,0.0,0.0,0.0,false,, 1.0
2025-01-08 13:30:49 +0000,Bent Over Barbell Row, 8,61.235042773811365,0.0,0.0,0.0,0.0,false,, 1.0
2025-01-08 13:30:49 +0000,Dumbbell Tricep Extension, 10,15.87575183024739,0.0,0.0,0.0,0.0,false,, 1.0
2025-01-08 13:30:49 +0000,Dumbbell Tricep Extension, 10,15.87575183024739,0.0,0.0,0.0,0.0,false,, 1.0
2025-01-08 13:30:49 +0000,Dumbbell Tricep Extension, 10,15.87575183024739,0.0,0.0,0.0,0.0,false,, 1.0
2025-01-08 13:30:49 +0000,Dumbbell Tricep Extension, 10,15.87575183024739,0.0,0.0,0.0,0.0,false,, 1.0
2025-01-07 13:16:12 +0000,Dumbbell Bicep Curl, 9,15.87575183024739,0.0,0.0,0.0,0.0,false,, 2.0
2025-01-07 13:16:12 +0000,Dumbbell Bicep Curl, 9,15.87575183024739,0.0,0.0,0.0,0.0,false,, 2.0
2025-01-07 13:16:12 +0000,Dumbbell Bicep Curl, 9,15.87575183024739,0.0,0.0,0.0,0.0,false,, 2.0
2025-01-07 13:16:12 +0000,Push Up, 14,0.0,0.0,0.0,0.0,0.0,false,, 1.0
2025-01-07 13:16:12 +0000,Push Up, 14,0.0,0.0,0.0,0.0,0.0,false,, 1.0
2025-01-07 13:16:12 +0000,Push Up, 14,0.0,0.0,0.0,0.0,0.0,false,, 1.0
2025-01-07 13:16:12 +0000,Dumbbell Row, 8,15.87575183024739,0.0,0.0,0.0,0.0,true,, 2.0
2025-01-07 13:16:12 +0000,Dumbbell Row, 14,24.947610018960187,0.0,0.0,0.0,0.0,false,, 2.0
2025-01-07 13:16:12 +0000,Dumbbell Row, 14,24.947610018960187,0.0,0.0,0.0,0.0,false,, 2.0
2025-01-07 13:16:12 +0000,Dumbbell Row, 14,24.947610018960187,0.0,0.0,0.0,0.0,false,, 2.0
2025-01-07 13:16:12 +0000,Standing Dumbbell Shoulder Press, 12,9.071858188712795,0.0,0.0,0.0,0.0,false,, 2.0
2025-01-07 13:16:12 +0000,Standing Dumbbell Shoulder Press, 12,9.071858188712795,0.0,0.0,0.0,0.0,false,, 2.0
2025-01-07 13:16:12 +0000,Standing Dumbbell Shoulder Press, 12,9.071858188712795,0.0,0.0,0.0,0.0,false,, 2.0
2025-01-07 13:16:12 +0000,Standing Dumbbell Shoulder Press, 12,9.071858188712795,0.0,0.0,0.0,0.0,false,, 2.0
2025-01-07 13:16:12 +0000,Cable One Arm Tricep Side Extension, 12,9.071858188712795,0.0,0.0,0.0,0.0,false,, 2.0
2025-01-07 13:16:12 +0000,Cable One Arm Tricep Side Extension, 12,9.071858188712795,0.0,0.0,0.0,0.0,false,, 2.0
2025-01-07 13:16:12 +0000,Cable One Arm Tricep Side Extension, 12,9.071858188712795,0.0,0.0,0.0,0.0,false,, 2.0
2025-01-07 13:16:12 +0000,Cable One Arm Tricep Side Extension, 12,9.071858188712795,0.0,0.0,0.0,0.0,false,, 2.0
2025-01-03 13:27:37 +0000,Dip, 8,0.0,0.0,0.0,0.0,0.0,false,, 1.0
2025-01-03 13:27:37 +0000,Dip, 8,0.0,0.0,0.0,0.0,0.0,false,, 1.0
2025-01-03 13:27:37 +0000,Dip, 8,0.0,0.0,0.0,0.0,0.0,false,, 1.0
2025-01-03 13:27:37 +0000,Cable Lateral Raise, 8,9.071858188712795,0.0,0.0,0.0,0.0,false,, 2.0
2025-01-03 13:27:37 +0000,Cable Lateral Raise, 8,9.071858188712795,0.0,0.0,0.0,0.0,false,, 2.0
2025-01-03 13:27:37 +0000,Cable Lateral Raise, 8,9.071858188712795,0.0,0.0,0.0,0.0,false,, 2.0
2025-01-03 13:27:37 +0000,Diamond Push Up, 9,0.0,0.0,0.0,0.0,0.0,false,, 1.0
2025-01-03 13:27:37 +0000,Diamond Push Up, 9,0.0,0.0,0.0,0.0,0.0,false,, 1.0
2025-01-03 13:27:37 +0000,Diamond Push Up, 9,0.0,0.0,0.0,0.0,0.0,false,, 1.0
2025-01-03 13:27:37 +0000,Diamond Push Up, 9,0.0,0.0,0.0,0.0,0.0,false,, 1.0
2025-01-03 13:27:37 +0000,Diamond Push Up, 9,0.0,0.0,0.0,0.0,0.0,false,, 1.0
2025-01-03 13:27:37 +0000,Toe Touchers, 21,0.0,0.0,0.0,0.0,0.0,false,, 1.0
2025-01-03 13:27:37 +0000,Toe Touchers, 21,0.0,0.0,0.0,0.0,0.0,false,, 1.0
2025-01-03 13:27:37 +0000,Toe Touchers, 21,0.0,0.0,0.0,0.0,0.0,false,, 1.0
2025-01-02 13:25:57 +0000,Barbell Bench Press, 8,43.091326396385774,0.0,0.0,0.0,0.0,true,, 1.0
2025-01-02 13:25:57 +0000,Barbell Bench Press, 10,72.57486550970236,0.0,0.0,0.0,0.0,false,, 1.0
2025-01-02 13:25:57 +0000,Barbell Bench Press, 10,72.57486550970236,0.0,0.0,0.0,0.0,false,, 1.0
2025-01-02 13:25:57 +0000,Barbell Bench Press, 8,72.57486550970236,0.0,0.0,0.0,0.0,false,, 1.0
2025-01-02 13:25:57 +0000,V-Bar Pulldown, 8,31.75150366049478,0.0,0.0,0.0,0.0,true,, 1.0
2025-01-02 13:25:57 +0000,V-Bar Pulldown, 12,52.16318458509857,0.0,0.0,0.0,0.0,false,, 1.0
2025-01-02 13:25:57 +0000,V-Bar Pulldown, 12,52.16318458509857,0.0,0.0,0.0,0.0,false,, 1.0
2025-01-02 13:25:57 +0000,V-Bar Pulldown, 12,52.16318458509857,0.0,0.0,0.0,0.0,false,, 1.0
2024-12-31 13:24:49 +0000,Cable Tricep Pushdown, 8,18.14371637742559,0.0,0.0,0.0,0.0,true,, 1.0
2024-12-31 13:24:49 +0000,Cable Tricep Pushdown, 10,29.483539113316585,0.0,0.0,0.0,0.0,false,, 1.0
2024-12-31 13:24:49 +0000,Cable Tricep Pushdown, 10,29.483539113316585,0.0,0.0,0.0,0.0,false,, 1.0
2024-12-31 13:24:49 +0000,Cable Tricep Pushdown, 10,29.483539113316585,0.0,0.0,0.0,0.0,false,, 1.0
2024-12-31 13:24:49 +0000,Cable Row, 8,45.35929094356398,0.0,0.0,0.0,0.0,true,, 1.0
2024-12-31 13:24:49 +0000,Cable Row, 8,72.57486550970236,0.0,0.0,0.0,0.0,false,, 1.0
2024-12-31 13:24:49 +0000,Cable Row, 8,72.57486550970236,0.0,0.0,0.0,0.0,false,, 1.0
2024-12-31 13:24:49 +0000,Cable Row, 8,72.57486550970236,0.0,0.0,0.0,0.0,false,, 1.0
2024-12-31 13:24:49 +0000,Barbell Curl, 10,20.41168092460379,0.0,0.0,0.0,0.0,false,, 1.0
2024-12-31 13:24:49 +0000,Barbell Curl, 10,27.215574566138386,0.0,0.0,0.0,0.0,false,, 1.0
2024-12-31 13:24:49 +0000,Barbell Curl, 10,31.75150366049478,0.0,0.0,0.0,0.0,false,, 1.0
2024-12-31 13:24:49 +0000,Barbell Curl, 7,31.75150366049478,0.0,0.0,0.0,0.0,false,, 1.0
2024-12-31 13:24:49 +0000,Bicycle Crunch, 20,0.0,0.0,0.0,0.0,0.0,false,, 2.0
2024-12-31 13:24:49 +0000,Bicycle Crunch, 20,0.0,0.0,0.0,0.0,0.0,false,, 2.0
2024-12-31 13:24:49 +0000,Bicycle Crunch, 20,0.0,0.0,0.0,0.0,0.0,false,, 2.0
2024-12-30 13:33:24 +0000,Dumbbell Bench Press, 8,31.75150366049478,0.0,0.0,0.0,0.0,false,, 2.0
2024-12-30 13:33:24 +0000,Dumbbell Bench Press, 8,31.75150366049478,0.0,0.0,0.0,0.0,false,, 2.0
2024-12-30 13:33:24 +0000,Dumbbell Bench Press, 8,31.75150366049478,0.0,0.0,0.0,0.0,false,, 2.0
2024-12-30 13:33:24 +0000,Dumbbell Bench Press, 6,31.75150366049478,0.0,0.0,0.0,0.0,false,, 2.0
2024-12-30 13:33:24 +0000,Dumbbell Rear Delt Raise, 9,9.071858188712795,0.0,0.0,0.0,0.0,false,, 2.0
2024-12-30 13:33:24 +0000,Dumbbell Rear Delt Raise, 9,9.071858188712795,0.0,0.0,0.0,0.0,false,, 2.0
2024-12-30 13:33:24 +0000,Dumbbell Rear Delt Raise, 9,9.071858188712795,0.0,0.0,0.0,0.0,false,, 2.0
2024-12-30 13:33:24 +0000,Dumbbell Rear Delt Raise, 9,9.071858188712795,0.0,0.0,0.0,0.0,false,, 2.0
2024-12-30 13:33:24 +0000,Preacher Curl, 12,22.67964547178199,0.0,0.0,0.0,0.0,false,, 1.0
2024-12-30 13:33:24 +0000,Preacher Curl, 12,22.67964547178199,0.0,0.0,0.0,0.0,false,, 1.0
2024-12-30 13:33:24 +0000,Preacher Curl, 12,22.67964547178199,0.0,0.0,0.0,0.0,false,, 1.0
2024-12-30 13:33:24 +0000,Superman Hold, 0,0.0,19.0,0.0,0.0,0.0,false,, 0.0
2024-12-30 13:33:24 +0000,Superman Hold, 0,0.0,23.0,0.0,0.0,0.0,false,, 0.0
2024-12-30 13:33:24 +0000,Superman Hold, 0,0.0,28.0,0.0,0.0,0.0,false,, 0.0
2024-12-27 13:44:41 +0000,Barbell Incline Bench Press, 10,63.50300732098956,0.0,0.0,0.0,0.0,false,, 1.0
2024-12-27 13:44:41 +0000,Barbell Incline Bench Press, 8,63.50300732098956,0.0,0.0,0.0,0.0,false,, 1.0
2024-12-27 13:44:41 +0000,Barbell Incline Bench Press, 7,63.50300732098956,0.0,0.0,0.0,0.0,false,, 1.0
2024-12-27 13:44:41 +0000,Lat Pulldown, 8,63.50300732098956,0.0,0.0,0.0,0.0,false,, 1.0
2024-12-27 13:44:41 +0000,Lat Pulldown, 8,63.50300732098956,0.0,0.0,0.0,0.0,false,, 1.0
2024-12-27 13:44:41 +0000,Lat Pulldown, 8,63.50300732098956,0.0,0.0,0.0,0.0,false,, 1.0
2024-12-27 13:44:41 +0000,EZ-Bar Curl, 12,22.67964547178199,0.0,0.0,0.0,0.0,false,, 1.0
2024-12-27 13:44:41 +0000,EZ-Bar Curl, 12,22.67964547178199,0.0,0.0,0.0,0.0,false,, 1.0
2024-12-27 13:44:41 +0000,EZ-Bar Curl, 12,22.67964547178199,0.0,0.0,0.0,0.0,false,, 1.0
2024-12-27 13:44:41 +0000,Dumbbell Fly, 9,11.339822735890994,0.0,0.0,0.0,0.0,false,, 2.0
2024-12-27 13:44:41 +0000,Dumbbell Fly, 9,11.339822735890994,0.0,0.0,0.0,0.0,false,, 2.0
2024-12-27 13:44:41 +0000,Dumbbell Fly, 9,11.339822735890994,0.0,0.0,0.0,0.0,false,, 2.0
2024-12-26 13:21:01 +0000,Neutral Grip Pull Up, 7,0.0,0.0,0.0,0.0,0.0,false,, 1.0
2024-12-26 13:21:01 +0000,Neutral Grip Pull Up, 5,0.0,0.0,0.0,0.0,0.0,false,, 1.0
2024-12-26 13:21:01 +0000,Neutral Grip Pull Up, 5,0.0,0.0,0.0,0.0,0.0,false,, 1.0
2024-12-26 13:21:01 +0000,Hand Release Push Up, 11,0.0,0.0,0.0,0.0,0.0,false,, 1.0
2024-12-26 13:21:01 +0000,Hand Release Push Up, 11,0.0,0.0,0.0,0.0,0.0,false,, 1.0
2024-12-26 13:21:01 +0000,Hand Release Push Up, 11,0.0,0.0,0.0,0.0,0.0,false,, 1.0
2024-12-26 13:21:01 +0000,Hand Release Push Up, 11,0.0,0.0,0.0,0.0,0.0,false,, 1.0
2024-12-26 13:21:01 +0000,Dumbbell Skullcrusher, 10,9.071858188712795,0.0,0.0,0.0,0.0,false,, 2.0
2024-12-26 13:21:01 +0000,Dumbbell Skullcrusher, 10,9.071858188712795,0.0,0.0,0.0,0.0,false,, 2.0
2024-12-26 13:21:01 +0000,Dumbbell Skullcrusher, 10,9.071858188712795,0.0,0.0,0.0,0.0,false,, 2.0
2024-12-26 13:21:01 +0000,Dumbbell Front Raise, 7,6.8038936415345965,0.0,0.0,0.0,0.0,false,, 2.0
2024-12-26 13:21:01 +0000,Dumbbell Front Raise, 7,6.8038936415345965,0.0,0.0,0.0,0.0,false,, 2.0
2024-12-26 13:21:01 +0000,Dumbbell Front Raise, 7,6.8038936415345965,0.0,0.0,0.0,0.0,false,, 2.0
2024-12-26 13:21:01 +0000,EZ-Bar Curl, 12,22.67964547178199,0.0,0.0,0.0,0.0,false,, 1.0
2024-12-26 13:21:01 +0000,EZ-Bar Curl, 12,22.67964547178199,0.0,0.0,0.0,0.0,false,, 1.0
2024-12-26 13:21:01 +0000,EZ-Bar Curl, 12,22.67964547178199,0.0,0.0,0.0,0.0,false,, 1.0
2024-12-26 13:21:01 +0000,Scissor Kick, 24,0.0,0.0,0.0,0.0,0.0,false,, 2.0
2024-12-26 13:21:01 +0000,Scissor Kick, 24,0.0,0.0,0.0,0.0,0.0,false,, 2.0
2024-12-26 13:21:01 +0000,Scissor Kick, 24,0.0,0.0,0.0,0.0,0.0,false,, 2.0
2024-12-11 13:06:40 +0000,Burpee, 12,0.0,0.0,0.0,0.0,0.0,false,, 1.0
2024-12-11 13:06:40 +0000,Burpee, 12,0.0,0.0,0.0,0.0,0.0,false,, 1.0
2024-12-11 13:06:40 +0000,Burpee, 12,0.0,0.0,0.0,0.0,0.0,false,, 1.0
2024-12-11 13:06:40 +0000,Dumbbell Step Up, 6,9.071858188712795,0.0,0.0,0.0,0.0,false,, 4.0
2024-12-11 13:06:40 +0000,Dumbbell Step Up, 6,11.339822735890994,0.0,0.0,0.0,0.0,false,, 4.0
2024-12-11 13:06:40 +0000,Dumbbell Step Up, 10,13.607787283069193,0.0,0.0,0.0,0.0,false,, 4.0
2024-12-11 13:06:40 +0000,Dumbbell Step Up, 10,13.607787283069193,0.0,0.0,0.0,0.0,false,, 4.0
2024-12-11 13:06:40 +0000,Dumbbell Romanian Deadlift, 8,20.41168092460379,0.0,0.0,0.0,0.0,true,, 2.0
2024-12-11 13:06:40 +0000,Dumbbell Romanian Deadlift, 5,34.01946820767298,0.0,0.0,0.0,0.0,false,, 2.0
2024-12-11 13:06:40 +0000,Dumbbell Romanian Deadlift, 5,34.01946820767298,0.0,0.0,0.0,0.0,false,, 2.0
2024-12-11 13:06:40 +0000,Dumbbell Romanian Deadlift, 5,34.01946820767298,0.0,0.0,0.0,0.0,false,, 2.0
2024-12-11 13:06:40 +0000,Seated Leg Curl, 8,52.16318458509857,0.0,0.0,0.0,0.0,true,, 1.0
2024-12-11 13:06:40 +0000,Seated Leg Curl, 10,86.18265279277155,0.0,0.0,0.0,0.0,false,, 1.0
2024-12-11 13:06:40 +0000,Seated Leg Curl, 10,86.18265279277155,0.0,0.0,0.0,0.0,false,, 1.0
2024-12-11 13:06:40 +0000,Seated Leg Curl, 10,86.18265279277155,0.0,0.0,0.0,0.0,false,, 1.0
2024-12-11 13:06:40 +0000,Leg Extension, 8,58.96707822663317,0.0,0.0,0.0,0.0,true,, 1.0
2024-12-11 13:06:40 +0000,Leg Extension, 12,95.25451098148434,0.0,0.0,0.0,0.0,false,, 1.0
2024-12-11 13:06:40 +0000,Leg Extension, 12,95.25451098148434,0.0,0.0,0.0,0.0,false,, 1.0
2024-12-11 13:06:40 +0000,Leg Extension, 12,95.25451098148434,0.0,0.0,0.0,0.0,false,, 1.0
2024-11-25 13:08:55 +0000,Dumbbell Row, 8,20.41168092460379,0.0,0.0,0.0,0.0,true,, 2.0
2024-11-25 13:08:55 +0000,Dumbbell Row, 7,34.01946820767298,0.0,0.0,0.0,0.0,false,, 2.0
2024-11-25 13:08:55 +0000,Dumbbell Row, 7,34.01946820767298,0.0,0.0,0.0,0.0,false,, 2.0
2024-11-25 13:08:55 +0000,Dumbbell Row, 7,34.01946820767298,0.0,0.0,0.0,0.0,false,, 2.0
2024-11-25 13:08:55 +0000,Barbell Bench Press, 8,52.16318458509857,0.0,0.0,0.0,0.0,true,, 1.0
2024-11-25 13:08:55 +0000,Barbell Bench Press, 6,83.91468824559335,0.0,0.0,0.0,0.0,false,, 1.0
2024-11-25 13:08:55 +0000,Barbell Bench Press, 6,83.91468824559335,0.0,0.0,0.0,0.0,false,, 1.0
2024-11-25 13:08:55 +0000,Barbell Bench Press, 6,83.91468824559335,0.0,0.0,0.0,0.0,false,, 1.0
2024-11-25 13:08:55 +0000,EZ-Bar Overhead Tricep Extension, 10,13.607787283069193,0.0,0.0,0.0,0.0,false,, 1.0
2024-11-25 13:08:55 +0000,EZ-Bar Overhead Tricep Extension, 10,18.14371637742559,0.0,0.0,0.0,0.0,false,, 1.0
2024-11-25 13:08:55 +0000,EZ-Bar Overhead Tricep Extension, 13,22.67964547178199,0.0,0.0,0.0,0.0,false,, 1.0
2024-11-25 13:08:55 +0000,EZ-Bar Overhead Tricep Extension, 12,22.67964547178199,0.0,0.0,0.0,0.0,false,, 1.0
2024-11-25 13:08:55 +0000,Seated Dumbbell Curl, 10,13.607787283069193,0.0,0.0,0.0,0.0,false,, 2.0
2024-11-25 13:08:55 +0000,Seated Dumbbell Curl, 10,13.607787283069193,0.0,0.0,0.0,0.0,false,, 2.0
2024-11-25 13:08:55 +0000,Seated Dumbbell Curl, 10,13.607787283069193,0.0,0.0,0.0,0.0,false,, 2.0
2024-11-25 13:08:55 +0000,Cross Body Hammer Curls, 15,9.071858188712795,0.0,0.0,0.0,0.0,false,, 2.0
2024-11-25 13:08:55 +0000,Cross Body Hammer Curls, 15,9.071858188712795,0.0,0.0,0.0,0.0,false,, 2.0
2024-11-25 13:08:55 +0000,Decline Push Up, 8,0.0,0.0,0.0,0.0,0.0,false,, 1.0
2024-11-25 13:08:55 +0000,Decline Push Up, 8,0.0,0.0,0.0,0.0,0.0,false,, 1.0
2024-11-25 13:08:55 +0000,Decline Push Up, 8,0.0,0.0,0.0,0.0,0.0,false,, 1.0
2024-11-25 13:08:55 +0000,Decline Push Up, 8,0.0,0.0,0.0,0.0,0.0,false,, 1.0
2024-11-15 13:04:34 +0000,Leg Extension, 8,65.77097186816776,0.0,0.0,0.0,0.0,true,, 1.0
2024-11-15 13:04:34 +0000,Leg Extension, 3,97.52247552866254,0.0,0.0,0.0,0.0,true,, 1.0
2024-11-15 13:04:34 +0000,Leg Extension, 8,108.86229826455354,0.0,0.0,0.0,0.0,false,, 1.0
2024-11-15 13:04:34 +0000,Leg Extension, 8,108.86229826455354,0.0,0.0,0.0,0.0,false,, 1.0
2024-11-15 13:04:34 +0000,Leg Extension, 8,108.86229826455354,0.0,0.0,0.0,0.0,false,, 1.0
2024-11-15 13:04:34 +0000,Leg Extension, 8,108.86229826455354,0.0,0.0,0.0,0.0,false,, 1.0
2024-11-15 13:04:34 +0000,Leg Extension, 8,108.86229826455354,0.0,0.0,0.0,0.0,false,, 1.0
2024-11-15 13:04:34 +0000,Seated Leg Curl, 8,52.16318458509857,0.0,0.0,0.0,0.0,true,, 1.0
2024-11-15 13:04:34 +0000,Seated Leg Curl, 8,90.71858188712795,0.0,0.0,0.0,0.0,false,, 1.0
2024-11-15 13:04:34 +0000,Seated Leg Curl, 8,90.71858188712795,0.0,0.0,0.0,0.0,false,, 1.0
2024-11-15 13:04:34 +0000,Seated Leg Curl, 8,90.71858188712795,0.0,0.0,0.0,0.0,false,, 1.0
2024-11-15 13:04:34 +0000,Medicine Ball Hip Thrusts, 20,11.339822735890994,0.0,0.0,0.0,0.0,false,, 1.0
2024-11-15 13:04:34 +0000,Medicine Ball Hip Thrusts, 20,11.339822735890994,0.0,0.0,0.0,0.0,false,, 1.0
2024-11-15 13:04:34 +0000,Medicine Ball Hip Thrusts, 20,11.339822735890994,0.0,0.0,0.0,0.0,false,, 1.0
2024-11-15 13:04:34 +0000,Medicine Ball Hip Thrusts, 20,11.339822735890994,0.0,0.0,0.0,0.0,false,, 1.0
2024-11-15 13:04:34 +0000,Bulgarian Split Squat, 10,20.41168092460379,0.0,0.0,0.0,0.0,true,, 2.0
2024-11-15 13:04:34 +0000,Bulgarian Split Squat, 8,31.75150366049478,0.0,0.0,0.0,0.0,false,, 2.0
2024-11-15 13:04:34 +0000,Bulgarian Split Squat, 8,31.75150366049478,0.0,0.0,0.0,0.0,false,, 2.0
2024-11-15 13:04:34 +0000,Bulgarian Split Squat, 8,31.75150366049478,0.0,0.0,0.0,0.0,false,, 2.0
2024-11-15 13:04:34 +0000,Dumbbell Romanian Deadlift, 8,18.14371637742559,0.0,0.0,0.0,0.0,true,, 2.0
2024-11-15 13:04:34 +0000,Dumbbell Romanian Deadlift, 7,31.75150366049478,0.0,0.0,0.0,0.0,false,, 2.0
2024-11-15 13:04:34 +0000,Dumbbell Romanian Deadlift, 7,31.75150366049478,0.0,0.0,0.0,0.0,false,, 2.0
2024-11-15 13:04:34 +0000,Dumbbell Romanian Deadlift, 7,31.75150366049478,0.0,0.0,0.0,0.0,false,, 2.0
2024-11-15 13:04:34 +0000,Frog Pump, 7,0.0,0.0,0.0,0.0,0.0,false,, 1.0
2024-11-15 13:04:34 +0000,Frog Pump, 7,0.0,0.0,0.0,0.0,0.0,false,, 1.0
2024-11-15 13:04:34 +0000,Frog Pump, 7,0.0,0.0,0.0,0.0,0.0,false,, 1.0
2024-11-15 13:04:34 +0000,Frog Pump, 7,0.0,0.0,0.0,0.0,0.0,false,, 1.0
2024-11-15 13:04:34 +0000,Medicine Ball Russian Twist, 10,6.8038936415345965,0.0,0.0,0.0,0.0,false,, 2.0
2024-11-15 13:04:34 +0000,Medicine Ball Russian Twist, 10,6.8038936415345965,0.0,0.0,0.0,0.0,false,, 2.0
2024-11-15 13:04:34 +0000,Medicine Ball Russian Twist, 10,6.8038936415345965,0.0,0.0,0.0,0.0,false,, 2.0
2024-11-14 13:18:53 +0000,Dumbbell Bicep Curl, 4,18.14371637742559,0.0,0.0,0.0,0.0,false,, 2.0
2024-11-14 13:18:53 +0000,Dumbbell Bicep Curl, 4,18.14371637742559,0.0,0.0,0.0,0.0,false,, 2.0
2024-11-14 13:18:53 +0000,Dumbbell Bicep Curl, 4,18.14371637742559,0.0,0.0,0.0,0.0,false,, 2.0
2024-11-14 13:18:53 +0000,Dumbbell Fly, 18,9.071858188712795,0.0,0.0,0.0,0.0,false,, 2.0
2024-11-14 13:18:53 +0000,Dumbbell Fly, 18,9.071858188712795,0.0,0.0,0.0,0.0,false,, 2.0
2024-11-14 13:18:53 +0000,Dumbbell Fly, 18,9.071858188712795,0.0,0.0,0.0,0.0,false,, 2.0
2024-11-14 13:18:53 +0000,Cable Rope Tricep Extension, 8,22.67964547178199,0.0,0.0,0.0,0.0,true,, 1.0
2024-11-14 13:18:53 +0000,Cable Rope Tricep Extension, 8,36.28743275485118,0.0,0.0,0.0,0.0,false,, 1.0
2024-11-14 13:18:53 +0000,Cable Rope Tricep Extension, 8,36.28743275485118,0.0,0.0,0.0,0.0,false,, 1.0
2024-11-14 13:18:53 +0000,Cable Rope Tricep Extension, 9,36.28743275485118,0.0,0.0,0.0,0.0,false,, 1.0
2024-11-14 13:18:53 +0000,Dumbbell Standing Single Arm Front Press, 8,11.339822735890994,0.0,0.0,0.0,0.0,false,, 2.0
2024-11-14 13:18:53 +0000,Dumbbell Standing Single Arm Front Press, 8,11.339822735890994,0.0,0.0,0.0,0.0,false,, 2.0
2024-11-14 13:18:53 +0000,Dumbbell Standing Single Arm Front Press, 8,11.339822735890994,0.0,0.0,0.0,0.0,false,, 2.0
2024-11-14 13:18:53 +0000,Dumbbell Standing Single Arm Front Press, 8,11.339822735890994,0.0,0.0,0.0,0.0,false,, 2.0
2024-11-14 13:18:53 +0000,Cable Row, 8,43.091326396385774,0.0,0.0,0.0,0.0,true,, 1.0
2024-11-14 13:18:53 +0000,Cable Row, 10,70.30690096252415,0.0,0.0,0.0,0.0,false,, 1.0
2024-11-14 13:18:53 +0000,Cable Row, 10,70.30690096252415,0.0,0.0,0.0,0.0,false,, 1.0
2024-11-14 13:18:53 +0000,Cable Row, 10,70.30690096252415,0.0,0.0,0.0,0.0,false,, 1.0
2024-11-14 13:18:53 +0000,Dumbbell Rear Delt Raise, 9,9.071858188712795,0.0,0.0,0.0,0.0,false,, 2.0
2024-11-14 13:18:53 +0000,Dumbbell Rear Delt Raise, 9,9.071858188712795,0.0,0.0,0.0,0.0,false,, 2.0
2024-11-14 13:18:53 +0000,Dumbbell Rear Delt Raise, 9,9.071858188712795,0.0,0.0,0.0,0.0,false,, 2.0
2024-11-14 13:18:53 +0000,Oblique Crunch, 8,0.0,0.0,0.0,0.0,0.0,false,, 2.0
2024-11-14 13:18:53 +0000,Oblique Crunch, 10,0.0,0.0,0.0,0.0,0.0,false,, 2.0
2024-11-14 13:18:53 +0000,Oblique Crunch, 16,0.0,0.0,0.0,0.0,0.0,false,, 2.0
2024-11-14 13:18:53 +0000,Oblique Crunch, 16,0.0,0.0,0.0,0.0,0.0,false,, 2.0
2024-11-13 13:19:23 +0000,Dumbbell Lunge, 6,20.41168092460379,0.0,0.0,0.0,0.0,false,, 4.0
2024-11-13 13:19:23 +0000,Dumbbell Lunge, 6,20.41168092460379,0.0,0.0,0.0,0.0,false,, 4.0
2024-11-13 13:19:23 +0000,Dumbbell Lunge, 6,20.41168092460379,0.0,0.0,0.0,0.0,false,, 4.0
2024-11-13 13:19:23 +0000,Dumbbell Lunge, 6,20.41168092460379,0.0,0.0,0.0,0.0,false,, 4.0
2024-11-13 13:19:23 +0000,Kettlebell Sumo Squat, 20,15.87575183024739,0.0,0.0,0.0,0.0,false,, 1.0
2024-11-13 13:19:23 +0000,Kettlebell Sumo Squat, 20,15.87575183024739,0.0,0.0,0.0,0.0,false,, 1.0
2024-11-13 13:19:23 +0000,Kettlebell Sumo Squat, 20,15.87575183024739,0.0,0.0,0.0,0.0,false,, 1.0
2024-11-13 13:19:23 +0000,Kettlebell Sumo Squat, 20,15.87575183024739,0.0,0.0,0.0,0.0,false,, 1.0
2024-11-13 13:19:23 +0000,Dumbbell Hip Thrust, 12,18.14371637742559,0.0,0.0,0.0,0.0,false,, 1.0
2024-11-13 13:19:23 +0000,Dumbbell Hip Thrust, 12,18.14371637742559,0.0,0.0,0.0,0.0,false,, 1.0
2024-11-13 13:19:23 +0000,Dumbbell Hip Thrust, 12,18.14371637742559,0.0,0.0,0.0,0.0,false,, 1.0
2024-11-13 13:19:23 +0000,Dumbbell Hip Thrust, 12,18.14371637742559,0.0,0.0,0.0,0.0,false,, 1.0
2024-11-13 13:19:23 +0000,Air Squats, 11,0.0,0.0,0.0,0.0,0.0,false,, 1.0
2024-11-13 13:19:23 +0000,Air Squats, 12,0.0,0.0,0.0,0.0,0.0,false,, 1.0
2024-11-13 13:19:23 +0000,Air Squats, 12,0.0,0.0,0.0,0.0,0.0,false,, 1.0
2024-11-13 13:19:23 +0000,Air Squats, 12,0.0,0.0,0.0,0.0,0.0,false,, 1.0
2024-11-13 13:19:23 +0000,Seated Leg Curl, 8,49.895220037920375,0.0,0.0,0.0,0.0,true,, 1.0
2024-11-13 13:19:23 +0000,Seated Leg Curl, 10,81.64672369841516,0.0,0.0,0.0,0.0,false,, 1.0
2024-11-13 13:19:23 +0000,Seated Leg Curl, 10,81.64672369841516,0.0,0.0,0.0,0.0,false,, 1.0
2024-11-13 13:19:23 +0000,Seated Leg Curl, 10,81.64672369841516,0.0,0.0,0.0,0.0,false,, 1.0
2024-11-13 13:19:23 +0000,Cable Pull Through, 8,20.41168092460379,0.0,0.0,0.0,0.0,true,, 1.0
2024-11-13 13:19:23 +0000,Cable Pull Through, 10,34.01946820767298,0.0,0.0,0.0,0.0,false,, 1.0
2024-11-13 13:19:23 +0000,Cable Pull Through, 10,34.01946820767298,0.0,0.0,0.0,0.0,false,, 1.0
2024-11-13 13:19:23 +0000,Cable Pull Through, 10,34.01946820767298,0.0,0.0,0.0,0.0,false,, 1.0
2024-11-13 13:19:23 +0000,Toe Touchers, 20,0.0,0.0,0.0,0.0,0.0,false,, 1.0
2024-11-13 13:19:23 +0000,Toe Touchers, 20,0.0,0.0,0.0,0.0,0.0,false,, 1.0
2024-11-13 13:19:23 +0000,Toe Touchers, 20,0.0,0.0,0.0,0.0,0.0,false,, 1.0
2024-11-13 13:19:23 +0000,Toe Touchers, 20,0.0,0.0,0.0,0.0,0.0,false,, 1.0
2024-11-11 13:14:02 +0000,Pull Up, 7,0.0,0.0,0.0,0.0,0.0,false,, 1.0
2024-11-11 13:14:02 +0000,Pull Up, 7,0.0,0.0,0.0,0.0,0.0,false,, 1.0
2024-11-11 13:14:02 +0000,Pull Up, 8,0.0,0.0,0.0,0.0,0.0,false,, 1.0
2024-11-11 13:14:02 +0000,Cable Front Raise, 10,9.071858188712795,0.0,0.0,0.0,0.0,false,, 1.0
2024-11-11 13:14:02 +0000,Cable Front Raise, 10,9.071858188712795,0.0,0.0,0.0,0.0,false,, 1.0
2024-11-11 13:14:02 +0000,Cable Front Raise, 10,9.071858188712795,0.0,0.0,0.0,0.0,false,, 1.0
2024-11-11 13:14:02 +0000,Dumbbell Bench Press, 8,20.41168092460379,0.0,0.0,0.0,0.0,true,, 2.0
2024-11-11 13:14:02 +0000,Dumbbell Bench Press, 7,34.01946820767298,0.0,0.0,0.0,0.0,false,, 2.0
2024-11-11 13:14:02 +0000,Dumbbell Bench Press, 7,34.01946820767298,0.0,0.0,0.0,0.0,false,, 2.0
2024-11-11 13:14:02 +0000,Dumbbell Bench Press, 7,34.01946820767298,0.0,0.0,0.0,0.0,false,, 2.0
2024-11-11 13:14:02 +0000,Dumbbell Bench Press, 6,34.01946820767298,0.0,0.0,0.0,0.0,false,, 2.0
2024-11-11 13:14:02 +0000,Barbell Shoulder Press, 10,27.215574566138386,0.0,0.0,0.0,0.0,false,, 1.0
2024-11-11 13:14:02 +0000,Barbell Shoulder Press, 10,27.215574566138386,0.0,0.0,0.0,0.0,false,, 1.0
2024-11-11 13:14:02 +0000,Barbell Shoulder Press, 10,27.215574566138386,0.0,0.0,0.0,0.0,false,, 1.0
2024-11-11 13:14:02 +0000,Barbell Shoulder Press, 10,27.215574566138386,0.0,0.0,0.0,0.0,false,, 1.0
2024-11-11 13:14:02 +0000,Dip, 4,0.0,0.0,0.0,0.0,0.0,false,, 1.0
2024-11-11 13:14:02 +0000,Dip, 4,0.0,0.0,0.0,0.0,0.0,false,, 1.0
2024-11-11 13:14:02 +0000,Dip, 13,0.0,0.0,0.0,0.0,0.0,false,, 1.0
2024-11-11 13:14:02 +0000,Dip, 12,0.0,0.0,0.0,0.0,0.0,false,, 1.0
2024-11-11 13:14:02 +0000,Hammer Curls, 10,13.607787283069193,0.0,0.0,0.0,0.0,false,, 2.0
2024-11-11 13:14:02 +0000,Hammer Curls, 10,13.607787283069193,0.0,0.0,0.0,0.0,false,, 2.0
2024-11-11 13:14:02 +0000,Hammer Curls, 10,13.607787283069193,0.0,0.0,0.0,0.0,false,, 2.0
2024-11-08 13:05:50 +0000,Barbell Incline Bench Press, 8,36.28743275485118,0.0,0.0,0.0,0.0,true,, 1.0
2024-11-08 13:05:50 +0000,Barbell Incline Bench Press, 12,61.235042773811365,0.0,0.0,0.0,0.0,false,, 1.0
2024-11-08 13:05:50 +0000,Barbell Incline Bench Press, 12,61.235042773811365,0.0,0.0,0.0,0.0,false,, 1.0
2024-11-08 13:05:50 +0000,Barbell Incline Bench Press, 10,61.235042773811365,0.0,0.0,0.0,0.0,false,, 1.0
2024-11-08 13:05:50 +0000,Barbell Incline Bench Press, 10,61.235042773811365,0.0,0.0,0.0,0.0,false,, 1.0
2024-11-08 13:05:50 +0000,Cable Face Pull, 10,22.67964547178199,0.0,0.0,0.0,0.0,false,, 1.0
2024-11-08 13:05:50 +0000,Cable Face Pull, 10,22.67964547178199,0.0,0.0,0.0,0.0,false,, 1.0
2024-11-08 13:05:50 +0000,Cable Face Pull, 10,22.67964547178199,0.0,0.0,0.0,0.0,false,, 1.0
2024-11-08 13:05:50 +0000,Cable Face Pull, 10,22.67964547178199,0.0,0.0,0.0,0.0,false,, 1.0
2024-11-08 13:05:50 +0000,Reverse Grip Pull Down, 8,36.28743275485118,0.0,0.0,0.0,0.0,true,, 1.0
2024-11-08 13:05:50 +0000,Reverse Grip Pull Down, 8,63.50300732098956,0.0,0.0,0.0,0.0,false,, 1.0
2024-11-08 13:05:50 +0000,Reverse Grip Pull Down, 8,63.50300732098956,0.0,0.0,0.0,0.0,false,, 1.0
2024-11-08 13:05:50 +0000,Reverse Grip Pull Down, 8,63.50300732098956,0.0,0.0,0.0,0.0,false,, 1.0
2024-11-08 13:05:50 +0000,Skullcrusher, 10,27.215574566138386,0.0,0.0,0.0,0.0,false,, 1.0
2024-11-08 13:05:50 +0000,Skullcrusher, 10,27.215574566138386,0.0,0.0,0.0,0.0,false,, 1.0
2024-11-08 13:05:50 +0000,Skullcrusher, 10,27.215574566138386,0.0,0.0,0.0,0.0,false,, 1.0
2024-11-08 13:05:50 +0000,Dumbbell Incline Fly, 10,11.339822735890994,0.0,0.0,0.0,0.0,false,, 2.0
2024-11-08 13:05:50 +0000,Dumbbell Incline Fly, 10,11.339822735890994,0.0,0.0,0.0,0.0,false,, 2.0
2024-11-08 13:05:50 +0000,Dumbbell Incline Fly, 10,11.339822735890994,0.0,0.0,0.0,0.0,false,, 2.0
2024-11-08 13:05:50 +0000,Barbell Curl, 6,36.28743275485118,0.0,0.0,0.0,0.0,false,, 1.0
2024-11-08 13:05:50 +0000,Barbell Curl, 6,36.28743275485118,0.0,0.0,0.0,0.0,false,, 1.0
2024-11-08 13:05:50 +0000,Barbell Curl, 6,36.28743275485118,0.0,0.0,0.0,0.0,false,, 1.0
2024-11-08 13:05:50 +0000,Superman, 15,0.0,0.0,0.0,0.0,0.0,false,, 1.0
2024-11-08 13:05:50 +0000,Superman, 15,0.0,0.0,0.0,0.0,0.0,false,, 1.0
2024-11-08 13:05:50 +0000,Superman, 15,0.0,0.0,0.0,0.0,0.0,false,, 1.0
2024-11-07 13:10:53 +0000,Single Leg Romanian Deadlift, 6,13.607787283069193,0.0,0.0,0.0,0.0,false,, 4.0
2024-11-07 13:10:53 +0000,Single Leg Romanian Deadlift, 6,13.607787283069193,0.0,0.0,0.0,0.0,false,, 4.0
2024-11-07 13:10:53 +0000,Single Leg Romanian Deadlift, 6,13.607787283069193,0.0,0.0,0.0,0.0,false,, 4.0
2024-11-07 13:10:53 +0000,Single Leg Romanian Deadlift, 8,13.607787283069193,0.0,0.0,0.0,0.0,false,, 4.0
2024-11-07 13:10:53 +0000,Single Leg Hip Thrust, 17,0.0,0.0,0.0,0.0,0.0,false,, 2.0
2024-11-07 13:10:53 +0000,Single Leg Hip Thrust, 17,0.0,0.0,0.0,0.0,0.0,false,, 2.0
2024-11-07 13:10:53 +0000,Single Leg Hip Thrust, 17,0.0,0.0,0.0,0.0,0.0,false,, 2.0
2024-11-07 13:10:53 +0000,Single Leg Hip Thrust, 17,0.0,0.0,0.0,0.0,0.0,false,, 2.0
2024-11-07 13:10:53 +0000,Single Leg Leg Extension, 8,40.82336184920758,0.0,0.0,0.0,0.0,false,, 2.0
2024-11-07 13:10:53 +0000,Single Leg Leg Extension, 8,40.82336184920758,0.0,0.0,0.0,0.0,false,, 2.0
2024-11-07 13:10:53 +0000,Single Leg Leg Extension, 8,40.82336184920758,0.0,0.0,0.0,0.0,false,, 2.0
2024-11-07 13:10:53 +0000,Single Leg Leg Extension, 8,40.82336184920758,0.0,0.0,0.0,0.0,false,, 2.0
2024-11-07 13:10:53 +0000,Medicine Ball Reverse Lunge, 14,11.339822735890994,0.0,0.0,0.0,0.0,false,, 2.0
2024-11-07 13:10:53 +0000,Medicine Ball Reverse Lunge, 14,11.339822735890994,0.0,0.0,0.0,0.0,false,, 2.0
2024-11-07 13:10:53 +0000,Medicine Ball Reverse Lunge, 14,11.339822735890994,0.0,0.0,0.0,0.0,false,, 2.0
2024-11-07 13:10:53 +0000,Medicine Ball Reverse Lunge, 14,11.339822735890994,0.0,0.0,0.0,0.0,false,, 2.0
2024-11-07 13:10:53 +0000,Standing Kettlebell Calf Raise, 14,5.896707822663316,0.0,0.0,0.0,0.0,false,, 2.0
2024-11-07 13:10:53 +0000,Standing Kettlebell Calf Raise, 14,5.896707822663316,0.0,0.0,0.0,0.0,false,, 2.0
2024-11-07 13:10:53 +0000,Standing Kettlebell Calf Raise, 14,5.896707822663316,0.0,0.0,0.0,0.0,false,, 2.0
2024-11-07 13:10:53 +0000,Standing Kettlebell Calf Raise, 14,5.896707822663316,0.0,0.0,0.0,0.0,false,, 2.0
2024-11-07 13:10:53 +0000,Dumbbell Romanian Deadlift, 7,29.483539113316585,0.0,0.0,0.0,0.0,false,, 2.0
2024-11-07 13:10:53 +0000,Dumbbell Romanian Deadlift, 7,29.483539113316585,0.0,0.0,0.0,0.0,false,, 2.0
2024-11-07 13:10:53 +0000,Dumbbell Romanian Deadlift, 7,29.483539113316585,0.0,0.0,0.0,0.0,false,, 2.0
2024-11-07 13:10:53 +0000,Dumbbell Romanian Deadlift, 7,29.483539113316585,0.0,0.0,0.0,0.0,false,, 2.0
2024-11-07 13:10:53 +0000,Crunches, 15,0.0,0.0,0.0,0.0,0.0,false,, 1.0
2024-11-07 13:10:53 +0000,Crunches, 15,0.0,0.0,0.0,0.0,0.0,false,, 1.0
2024-11-07 13:10:53 +0000,Crunches, 15,0.0,0.0,0.0,0.0,0.0,false,, 1.0
2024-11-07 13:10:53 +0000,Crunches, 15,0.0,0.0,0.0,0.0,0.0,false,, 1.0
2024-11-07 13:10:53 +0000,Crunches, 15,0.0,0.0,0.0,0.0,0.0,false,, 1.0
2024-11-06 13:15:29 +0000,Chin Up, 8,0.0,0.0,0.0,0.0,0.0,false,, 1.0
2024-11-06 13:15:29 +0000,Chin Up, 8,0.0,0.0,0.0,0.0,0.0,false,, 1.0
2024-11-06 13:15:29 +0000,Chin Up, 8,0.0,0.0,0.0,0.0,0.0,false,, 1.0
2024-11-06 13:15:29 +0000,Seated Dumbbell Front Press, 14,9.071858188712795,0.0,0.0,0.0,0.0,false,, 2.0
2024-11-06 13:15:29 +0000,Seated Dumbbell Front Press, 14,9.071858188712795,0.0,0.0,0.0,0.0,false,, 2.0
2024-11-06 13:15:29 +0000,Seated Dumbbell Front Press, 14,9.071858188712795,0.0,0.0,0.0,0.0,false,, 2.0
2024-11-06 13:15:29 +0000,Dumbbell Bench Press, 6,24.947610018960187,0.0,0.0,0.0,0.0,false,, 2.0
2024-11-06 13:15:29 +0000,Dumbbell Bench Press, 6,24.947610018960187,0.0,0.0,0.0,0.0,false,, 2.0
2024-11-06 13:15:29 +0000,Dumbbell Bench Press, 8,34.01946820767298,0.0,0.0,0.0,0.0,false,, 2.0
2024-11-06 13:15:29 +0000,Dumbbell Bench Press, 7,34.01946820767298,0.0,0.0,0.0,0.0,false,, 2.0
2024-11-06 13:15:29 +0000,Skullcrusher, 8,27.215574566138386,0.0,0.0,0.0,0.0,false,, 1.0
2024-11-06 13:15:29 +0000,Skullcrusher, 8,27.215574566138386,0.0,0.0,0.0,0.0,false,, 1.0
2024-11-06 13:15:29 +0000,Skullcrusher, 8,27.215574566138386,0.0,0.0,0.0,0.0,false,, 1.0
2024-11-06 13:15:29 +0000,Skullcrusher, 8,27.215574566138386,0.0,0.0,0.0,0.0,false,, 1.0
2024-11-06 13:15:29 +0000,EZ-Bar Curl, 8,27.215574566138386,0.0,0.0,0.0,0.0,false,, 1.0
2024-11-06 13:15:29 +0000,EZ-Bar Curl, 8,27.215574566138386,0.0,0.0,0.0,0.0,false,, 1.0
2024-11-06 13:15:29 +0000,EZ-Bar Curl, 8,27.215574566138386,0.0,0.0,0.0,0.0,false,, 1.0
2024-11-06 13:15:29 +0000,EZ-Bar Curl, 8,27.215574566138386,0.0,0.0,0.0,0.0,false,, 1.0
2024-11-05 13:08:08 +0000,Lat Pulldown, 8,43.091326396385774,0.0,0.0,0.0,0.0,true,, 1.0
2024-11-05 13:08:08 +0000,Lat Pulldown, 6,72.57486550970236,0.0,0.0,0.0,0.0,false,, 1.0
2024-11-05 13:08:08 +0000,Lat Pulldown, 6,72.57486550970236,0.0,0.0,0.0,0.0,false,, 1.0
2024-11-05 13:08:08 +0000,Lat Pulldown, 6,72.57486550970236,0.0,0.0,0.0,0.0,false,, 1.0
2024-11-05 13:08:08 +0000,Dumbbell Standing Front Press, 6,9.071858188712795,0.0,0.0,0.0,0.0,false,, 2.0
2024-11-05 13:08:08 +0000,Dumbbell Standing Front Press, 6,9.071858188712795,0.0,0.0,0.0,0.0,false,, 2.0
2024-11-05 13:08:08 +0000,Dumbbell Standing Front Press, 6,9.071858188712795,0.0,0.0,0.0,0.0,false,, 2.0
2024-11-05 13:08:08 +0000,Dumbbell Standing Front Press, 6,9.071858188712795,0.0,0.0,0.0,0.0,false,, 2.0
2024-11-05 13:08:08 +0000,Close-Grip Bench Press, 8,24.947610018960187,0.0,0.0,0.0,0.0,true,, 1.0
2024-11-05 13:08:08 +0000,Close-Grip Bench Press, 20,43.091326396385774,0.0,0.0,0.0,0.0,false,, 1.0
2024-11-05 13:08:08 +0000,Close-Grip Bench Press, 20,43.091326396385774,0.0,0.0,0.0,0.0,false,, 1.0
2024-11-05 13:08:08 +0000,Close-Grip Bench Press, 20,43.091326396385774,0.0,0.0,0.0,0.0,false,, 1.0
2024-11-05 13:08:08 +0000,Mid Cable Crossover Fly, 12,9.071858188712795,0.0,0.0,0.0,0.0,false,, 2.0
2024-11-05 13:08:08 +0000,Mid Cable Crossover Fly, 8,9.071858188712795,0.0,0.0,0.0,0.0,false,, 2.0
2024-11-05 13:08:08 +0000,Mid Cable Crossover Fly, 10,9.071858188712795,0.0,0.0,0.0,0.0,false,, 2.0
2024-11-05 13:08:08 +0000,Dumbbell Bicep Curl, 7,15.87575183024739,0.0,0.0,0.0,0.0,false,, 2.0
2024-11-05 13:08:08 +0000,Dumbbell Bicep Curl, 7,15.87575183024739,0.0,0.0,0.0,0.0,false,, 2.0
2024-11-05 13:08:08 +0000,Dumbbell Bicep Curl, 7,15.87575183024739,0.0,0.0,0.0,0.0,false,, 2.0
2024-11-05 13:08:08 +0000,Dumbbell Bicep Curl, 8,15.87575183024739,0.0,0.0,0.0,0.0,false,, 2.0
2024-11-05 13:08:08 +0000,Dumbbell Bench Press, 6,34.01946820767298,0.0,0.0,0.0,0.0,false,, 2.0
2024-11-05 13:08:08 +0000,Dumbbell Bench Press, 6,34.01946820767298,0.0,0.0,0.0,0.0,false,, 2.0
2024-11-05 13:08:08 +0000,Dumbbell Bench Press, 6,34.01946820767298,0.0,0.0,0.0,0.0,false,, 2.0
2024-11-05 13:08:08 +0000,Dumbbell Bench Press, 6,34.01946820767298,0.0,0.0,0.0,0.0,false,, 2.0
2024-11-04 13:16:08 +0000,Seated Leg Curl, 8,45.35929094356398,0.0,0.0,0.0,0.0,true,, 1.0
2024-11-04 13:16:08 +0000,Seated Leg Curl, 10,81.64672369841516,0.0,0.0,0.0,0.0,false,, 1.0
2024-11-04 13:16:08 +0000,Seated Leg Curl, 10,81.64672369841516,0.0,0.0,0.0,0.0,false,, 1.0
2024-11-04 13:16:08 +0000,Seated Leg Curl, 10,81.64672369841516,0.0,0.0,0.0,0.0,false,, 1.0
2024-11-04 13:16:08 +0000,Leg Extension, 8,61.235042773811365,0.0,0.0,0.0,0.0,true,, 1.0
2024-11-04 13:16:08 +0000,Leg Extension, 3,92.98654643430615,0.0,0.0,0.0,0.0,true,, 1.0
2024-11-04 13:16:08 +0000,Leg Extension, 10,104.32636917019714,0.0,0.0,0.0,0.0,false,, 1.0
2024-11-04 13:16:08 +0000,Leg Extension, 10,104.32636917019714,0.0,0.0,0.0,0.0,false,, 1.0
2024-11-04 13:16:08 +0000,Leg Extension, 10,104.32636917019714,0.0,0.0,0.0,0.0,false,, 1.0
2024-11-04 13:16:08 +0000,Medicine Ball Reverse Lunge, 13,11.339822735890994,0.0,0.0,0.0,0.0,false,, 2.0
2024-11-04 13:16:08 +0000,Medicine Ball Reverse Lunge, 13,11.339822735890994,0.0,0.0,0.0,0.0,false,, 2.0
2024-11-04 13:16:08 +0000,Medicine Ball Reverse Lunge, 13,11.339822735890994,0.0,0.0,0.0,0.0,false,, 2.0
2024-11-04 13:16:08 +0000,Dumbbell Bulgarian Split Squat, 9,18.14371637742559,0.0,0.0,0.0,0.0,false,, 4.0
2024-11-04 13:16:08 +0000,Dumbbell Bulgarian Split Squat, 9,18.14371637742559,0.0,0.0,0.0,0.0,false,, 4.0
2024-11-04 13:16:08 +0000,Dumbbell Bulgarian Split Squat, 9,18.14371637742559,0.0,0.0,0.0,0.0,false,, 4.0
2024-11-04 13:16:08 +0000,Prone Flutter Kicks, 0,0.0,33.910322070121765,0.0,0.0,0.0,false,, 0.0
2024-11-04 13:16:08 +0000,Prone Flutter Kicks, 0,0.0,25.0,0.0,0.0,0.0,false,, 0.0
2024-11-04 13:16:08 +0000,Prone Flutter Kicks, 0,0.0,25.0,0.0,0.0,0.0,false,, 0.0
2024-11-04 13:16:08 +0000,Single Leg Standing Calf Raise, 11,0.0,0.0,0.0,0.0,0.0,false,, 2.0
2024-11-04 13:16:08 +0000,Single Leg Standing Calf Raise, 11,0.0,0.0,0.0,0.0,0.0,false,, 2.0
2024-11-04 13:16:08 +0000,Single Leg Standing Calf Raise, 11,0.0,0.0,0.0,0.0,0.0,false,, 2.0
2024-11-04 13:16:08 +0000,Scissor Crossover Kick, 20,0.0,0.0,0.0,0.0,0.0,false,, 2.0
2024-11-04 13:16:08 +0000,Scissor Crossover Kick, 20,0.0,0.0,0.0,0.0,0.0,false,, 2.0
2024-11-04 13:16:08 +0000,Scissor Crossover Kick, 20,0.0,0.0,0.0,0.0,0.0,false,, 2.0
2024-10-30 12:09:49 +0000,Barbell Bench Press, 10,49.895220037920375,0.0,0.0,0.0,0.0,false,, 1.0
2024-10-30 12:09:49 +0000,Barbell Bench Press, 10,61.235042773811365,0.0,0.0,0.0,0.0,false,, 1.0
2024-10-30 12:09:49 +0000,Barbell Bench Press, 14,72.57486550970236,0.0,0.0,0.0,0.0,false,, 1.0
2024-10-30 12:09:49 +0000,Barbell Bench Press, 12,72.57486550970236,0.0,0.0,0.0,0.0,false,, 1.0
2024-10-30 12:09:49 +0000,Dumbbell Shoulder Press, 8,15.87575183024739,0.0,0.0,0.0,0.0,false,, 2.0
2024-10-30 12:09:49 +0000,Dumbbell Shoulder Press, 8,15.87575183024739,0.0,0.0,0.0,0.0,false,, 2.0
2024-10-30 12:09:49 +0000,Dumbbell Shoulder Press, 8,15.87575183024739,0.0,0.0,0.0,0.0,false,, 2.0
2024-10-30 12:09:49 +0000,Bench Dip, 14,0.0,0.0,0.0,0.0,0.0,false,, 1.0
2024-10-30 12:09:49 +0000,Bench Dip, 14,0.0,0.0,0.0,0.0,0.0,false,, 1.0
2024-10-30 12:09:49 +0000,Bench Dip, 14,0.0,0.0,0.0,0.0,0.0,false,, 1.0
2024-10-30 12:09:49 +0000,Dumbbell Bent Over Row, 10,20.41168092460379,0.0,0.0,0.0,0.0,false,, 2.0
2024-10-30 12:09:49 +0000,Dumbbell Bent Over Row, 10,20.41168092460379,0.0,0.0,0.0,0.0,false,, 2.0
2024-10-30 12:09:49 +0000,Dumbbell Bent Over Row, 10,20.41168092460379,0.0,0.0,0.0,0.0,false,, 2.0
2024-10-30 12:09:49 +0000,Barbell Curl, 6,36.28743275485118,0.0,0.0,0.0,0.0,false,, 1.0
2024-10-30 12:09:49 +0000,Barbell Curl, 6,36.28743275485118,0.0,0.0,0.0,0.0,false,, 1.0
2024-10-30 12:09:49 +0000,Barbell Curl, 6,36.28743275485118,0.0,0.0,0.0,0.0,false,, 1.0
2024-10-30 12:09:49 +0000,Dumbbell Squeeze Press, 8,24.947610018960187,0.0,0.0,0.0,0.0,false,, 2.0
2024-10-30 12:09:49 +0000,Dumbbell Squeeze Press, 8,24.947610018960187,0.0,0.0,0.0,0.0,false,, 2.0
2024-10-30 12:09:49 +0000,Dumbbell Squeeze Press, 8,24.947610018960187,0.0,0.0,0.0,0.0,false,, 2.0
2024-10-29 12:11:22 +0000,Leg Extension, 8,63.50300732098956,0.0,0.0,0.0,0.0,true,, 1.0
2024-10-29 12:11:22 +0000,Leg Extension, 3,95.25451098148434,0.0,0.0,0.0,0.0,true,, 1.0
2024-10-29 12:11:22 +0000,Leg Extension, 8,104.32636917019714,0.0,0.0,0.0,0.0,false,, 1.0
2024-10-29 12:11:22 +0000,Leg Extension, 8,108.86229826455354,0.0,0.0,0.0,0.0,false,, 1.0
2024-10-29 12:11:22 +0000,Leg Extension, 8,108.86229826455354,0.0,0.0,0.0,0.0,false,, 1.0
2024-10-29 12:11:22 +0000,Seated Leg Curl, 8,49.895220037920375,0.0,0.0,0.0,0.0,true,, 1.0
2024-10-29 12:11:22 +0000,Seated Leg Curl, 8,86.18265279277155,0.0,0.0,0.0,0.0,false,, 1.0
2024-10-29 12:11:22 +0000,Seated Leg Curl, 8,86.18265279277155,0.0,0.0,0.0,0.0,false,, 1.0
2024-10-29 12:11:22 +0000,Seated Leg Curl, 8,86.18265279277155,0.0,0.0,0.0,0.0,false,, 1.0
2024-10-29 12:11:22 +0000,Cable Hip Extension, 8,15.87575183024739,0.0,0.0,0.0,0.0,false,, 2.0
2024-10-29 12:11:22 +0000,Cable Hip Extension, 8,15.87575183024739,0.0,0.0,0.0,0.0,false,, 2.0
2024-10-29 12:11:22 +0000,Cable Hip Extension, 8,15.87575183024739,0.0,0.0,0.0,0.0,false,, 2.0
2024-10-29 12:11:22 +0000,Cable Hip Extension, 8,15.87575183024739,0.0,0.0,0.0,0.0,false,, 2.0
2024-10-29 12:11:22 +0000,Dumbbell Romanian Deadlift, 8,18.14371637742559,0.0,0.0,0.0,0.0,true,, 2.0
2024-10-29 12:11:22 +0000,Dumbbell Romanian Deadlift, 7,29.483539113316585,0.0,0.0,0.0,0.0,false,, 2.0
2024-10-29 12:11:22 +0000,Dumbbell Romanian Deadlift, 8,29.483539113316585,0.0,0.0,0.0,0.0,false,, 2.0
2024-10-29 12:11:22 +0000,Dumbbell Romanian Deadlift, 8,29.483539113316585,0.0,0.0,0.0,0.0,false,, 2.0
2024-10-29 12:11:22 +0000,Dumbbell Bulgarian Split Squat, 9,18.14371637742559,0.0,0.0,0.0,0.0,false,, 4.0
2024-10-29 12:11:22 +0000,Dumbbell Bulgarian Split Squat, 9,18.14371637742559,0.0,0.0,0.0,0.0,false,, 4.0
2024-10-29 12:11:22 +0000,Dumbbell Bulgarian Split Squat, 9,18.14371637742559,0.0,0.0,0.0,0.0,false,, 4.0
2024-10-29 12:11:22 +0000,Single Leg Glute Bridge and Squeeze, 9,6.8038936415345965,0.0,0.0,0.0,0.0,false,, 2.0
2024-10-29 12:11:22 +0000,Single Leg Glute Bridge and Squeeze, 9,6.8038936415345965,0.0,0.0,0.0,0.0,false,, 2.0
2024-10-29 12:11:22 +0000,Single Leg Glute Bridge and Squeeze, 9,6.8038936415345965,0.0,0.0,0.0,0.0,false,, 2.0
2024-10-29 12:11:22 +0000,Russian Twist, 12,15.87575183024739,0.0,0.0,0.0,0.0,false,, 2.0
2024-10-29 12:11:22 +0000,Russian Twist, 12,15.87575183024739,0.0,0.0,0.0,0.0,false,, 2.0
2024-10-29 12:11:22 +0000,Russian Twist, 12,15.87575183024739,0.0,0.0,0.0,0.0,false,, 2.0
2024-10-28 12:11:00 +0000,Dumbbell Row, 8,18.14371637742559,0.0,0.0,0.0,0.0,true,, 2.0
2024-10-28 12:11:00 +0000,Dumbbell Row, 9,31.75150366049478,0.0,0.0,0.0,0.0,false,, 2.0
2024-10-28 12:11:00 +0000,Dumbbell Row, 9,31.75150366049478,0.0,0.0,0.0,0.0,false,, 2.0
2024-10-28 12:11:00 +0000,Dumbbell Row, 9,31.75150366049478,0.0,0.0,0.0,0.0,false,, 2.0
2024-10-28 12:11:00 +0000,Dumbbell Bench Press, 20,18.14371637742559,0.0,0.0,0.0,0.0,false,, 2.0
2024-10-28 12:11:00 +0000,Dumbbell Bench Press, 20,18.14371637742559,0.0,0.0,0.0,0.0,false,, 2.0
2024-10-28 12:11:00 +0000,Dumbbell Bench Press, 20,18.14371637742559,0.0,0.0,0.0,0.0,false,, 2.0
2024-10-28 12:11:00 +0000,Dumbbell Bench Press, 20,18.14371637742559,0.0,0.0,0.0,0.0,false,, 2.0
2024-10-28 12:11:00 +0000,Cable Rope Tricep Extension, 8,15.87575183024739,0.0,0.0,0.0,0.0,true,, 1.0
2024-10-28 12:11:00 +0000,Cable Rope Tricep Extension, 12,27.215574566138386,0.0,0.0,0.0,0.0,false,, 1.0
2024-10-28 12:11:00 +0000,Cable Rope Tricep Extension, 12,27.215574566138386,0.0,0.0,0.0,0.0,false,, 1.0
2024-10-28 12:11:00 +0000,Cable Rope Tricep Extension, 14,29.483539113316585,0.0,0.0,0.0,0.0,false,, 1.0
2024-10-28 12:11:00 +0000,Behind the Back Cable Lateral Raise, 8,9.071858188712795,0.0,0.0,0.0,0.0,false,, 2.0
2024-10-28 12:11:00 +0000,Behind the Back Cable Lateral Raise, 8,9.071858188712795,0.0,0.0,0.0,0.0,false,, 2.0
2024-10-28 12:11:00 +0000,Behind the Back Cable Lateral Raise, 8,9.071858188712795,0.0,0.0,0.0,0.0,false,, 2.0
2024-10-28 12:11:00 +0000,Behind the Back Cable Lateral Raise, 8,9.071858188712795,0.0,0.0,0.0,0.0,false,, 2.0
2024-10-28 12:11:00 +0000,Concentration Curl, 9,11.339822735890994,0.0,0.0,0.0,0.0,false,, 2.0
2024-10-28 12:11:00 +0000,Concentration Curl, 9,11.339822735890994,0.0,0.0,0.0,0.0,false,, 2.0
2024-10-28 12:11:00 +0000,Concentration Curl, 9,11.339822735890994,0.0,0.0,0.0,0.0,false,, 2.0
2024-10-28 12:11:00 +0000,Tricep Push Up, 11,0.0,0.0,0.0,0.0,0.0,false,, 1.0
2024-10-28 12:11:00 +0000,Tricep Push Up, 11,0.0,0.0,0.0,0.0,0.0,false,, 1.0
2024-10-28 12:11:00 +0000,Tricep Push Up, 11,0.0,0.0,0.0,0.0,0.0,false,, 1.0
2024-10-28 12:11:00 +0000,Toe Touchers, 20,0.0,0.0,0.0,0.0,0.0,false,, 1.0
2024-10-28 12:11:00 +0000,Toe Touchers, 20,0.0,0.0,0.0,0.0,0.0,false,, 1.0
2024-10-28 12:11:00 +0000,Toe Touchers, 20,0.0,0.0,0.0,0.0,0.0,false,, 1.0
2024-10-28 12:11:00 +0000,Dumbbell Superman, 8,2.267964547178199,0.0,0.0,0.0,0.0,false,, 2.0
2024-10-28 12:11:00 +0000,Dumbbell Superman, 8,2.267964547178199,0.0,0.0,0.0,0.0,false,, 2.0
2024-10-28 12:11:00 +0000,Dumbbell Superman, 8,2.267964547178199,0.0,0.0,0.0,0.0,false,, 2.0
2024-10-25 12:24:39 +0000,Pull Up, 7,0.0,0.0,0.0,0.0,0.0,false,, 1.0
2024-10-25 12:24:39 +0000,Pull Up, 7,0.0,0.0,0.0,0.0,0.0,false,, 1.0
2024-10-25 12:24:39 +0000,Pull Up, 7,0.0,0.0,0.0,0.0,0.0,false,, 1.0
2024-10-25 12:24:39 +0000,Pull Up, 7,0.0,0.0,0.0,0.0,0.0,false,, 1.0
2024-10-25 12:24:39 +0000,Pull Up, 6,0.0,0.0,0.0,0.0,0.0,false,, 1.0
2024-10-25 12:24:39 +0000,Barbell Bicep Drag Curl, 10,18.14371637742559,0.0,0.0,0.0,0.0,false,, 1.0
2024-10-25 12:24:39 +0000,Barbell Bicep Drag Curl, 10,18.14371637742559,0.0,0.0,0.0,0.0,false,, 1.0
2024-10-25 12:24:39 +0000,Barbell Bicep Drag Curl, 10,18.14371637742559,0.0,0.0,0.0,0.0,false,, 1.0
2024-10-25 12:24:39 +0000,Barbell Bicep Drag Curl, 10,18.14371637742559,0.0,0.0,0.0,0.0,false,, 1.0
2024-10-25 12:24:39 +0000,Bicycle Crunch, 13,0.0,0.0,0.0,0.0,0.0,false,, 2.0
2024-10-25 12:24:39 +0000,Bicycle Crunch, 13,0.0,0.0,0.0,0.0,0.0,false,, 2.0
2024-10-25 12:24:39 +0000,Bicycle Crunch, 13,0.0,0.0,0.0,0.0,0.0,false,, 2.0
2024-10-25 12:24:39 +0000,Bicycle Crunch, 13,0.0,0.0,0.0,0.0,0.0,false,, 2.0
2024-10-25 12:24:39 +0000,Bicycle Crunch, 15,0.0,0.0,0.0,0.0,0.0,false,, 2.0
2024-10-25 12:24:39 +0000,Push Up, 16,0.0,0.0,0.0,0.0,0.0,false,, 1.0
2024-10-25 12:24:39 +0000,Push Up, 14,0.0,0.0,0.0,0.0,0.0,false,, 1.0
2024-10-25 12:24:39 +0000,Push Up, 12,0.0,0.0,0.0,0.0,0.0,false,, 1.0
2024-10-25 12:24:39 +0000,Push Up, 11,0.0,0.0,0.0,0.0,0.0,false,, 1.0
2024-10-25 12:24:39 +0000,Push Up, 12,0.0,0.0,0.0,0.0,0.0,false,, 1.0
2024-10-24 12:15:52 +0000,Close-Grip Bench Press, 8,45.35929094356398,0.0,0.0,0.0,0.0,true,, 1.0
2024-10-24 12:15:52 +0000,Close-Grip Bench Press, 6,77.11079460405875,0.0,0.0,0.0,0.0,false,, 1.0
2024-10-24 12:15:52 +0000,Close-Grip Bench Press, 6,77.11079460405875,0.0,0.0,0.0,0.0,false,, 1.0
2024-10-24 12:15:52 +0000,Close-Grip Bench Press, 6,77.11079460405875,0.0,0.0,0.0,0.0,false,, 1.0
2024-10-24 12:15:52 +0000,Close-Grip Bench Press, 6,77.11079460405875,0.0,0.0,0.0,0.0,false,, 1.0
2024-10-24 12:15:52 +0000,Push Press, 8,22.67964547178199,0.0,0.0,0.0,0.0,true,, 1.0
2024-10-24 12:15:52 +0000,Push Press, 8,40.82336184920758,0.0,0.0,0.0,0.0,false,, 1.0
2024-10-24 12:15:52 +0000,Push Press, 8,40.82336184920758,0.0,0.0,0.0,0.0,false,, 1.0
2024-10-24 12:15:52 +0000,Push Press, 8,40.82336184920758,0.0,0.0,0.0,0.0,false,, 1.0
2024-10-24 12:15:52 +0000,Pause Barbell Incline Bench Press, 8,20.41168092460379,0.0,0.0,0.0,0.0,true,, 1.0
2024-10-24 12:15:52 +0000,Pause Barbell Incline Bench Press, 6,61.235042773811365,0.0,0.0,0.0,0.0,false,, 1.0
2024-10-24 12:15:52 +0000,Pause Barbell Incline Bench Press, 7,61.235042773811365,0.0,0.0,0.0,0.0,false,, 1.0
2024-10-24 12:15:52 +0000,Pause Barbell Incline Bench Press, 6,61.235042773811365,0.0,0.0,0.0,0.0,false,, 1.0
2024-10-24 12:15:52 +0000,Pause Barbell Incline Bench Press, 7,61.235042773811365,0.0,0.0,0.0,0.0,false,, 1.0
2024-10-24 12:15:52 +0000,TRX T Deltoid Fly, 5,0.0,0.0,0.0,0.0,0.0,false,, 1.0
2024-10-24 12:15:52 +0000,TRX T Deltoid Fly, 5,0.0,0.0,0.0,0.0,0.0,false,, 1.0
2024-10-24 12:15:52 +0000,TRX T Deltoid Fly, 5,0.0,0.0,0.0,0.0,0.0,false,, 1.0
2024-10-24 12:15:52 +0000,TRX T Deltoid Fly, 5,0.0,0.0,0.0,0.0,0.0,false,, 1.0
2024-10-24 12:15:52 +0000,Dumbbell Fly, 8,13.607787283069193,0.0,0.0,0.0,0.0,false,, 2.0
2024-10-23 12:20:14 +0000,Calf Press, 15,45.35929094356398,0.0,0.0,0.0,0.0,false,, 1.0
2024-10-23 12:20:14 +0000,Calf Press, 15,65.77097186816776,0.0,0.0,0.0,0.0,false,, 1.0
2024-10-23 12:20:14 +0000,Calf Press, 15,92.98654643430615,0.0,0.0,0.0,0.0,false,, 1.0
2024-10-23 12:20:14 +0000,Calf Press, 15,99.79044007584075,0.0,0.0,0.0,0.0,false,, 1.0
2024-10-23 12:20:14 +0000,Leg Extension, 10,95.25451098148434,0.0,0.0,0.0,0.0,false,, 1.0
2024-10-23 12:20:14 +0000,Leg Extension, 10,95.25451098148434,0.0,0.0,0.0,0.0,false,, 1.0
2024-10-23 12:20:14 +0000,Leg Extension, 10,95.25451098148434,0.0,0.0,0.0,0.0,false,, 1.0
2024-10-23 12:20:14 +0000,Leg Extension, 10,95.25451098148434,0.0,0.0,0.0,0.0,false,, 1.0
2024-10-23 12:20:14 +0000,Leg Extension, 10,95.25451098148434,0.0,0.0,0.0,0.0,false,, 1.0
2024-10-23 12:20:14 +0000,Seated Leg Curl, 10,81.64672369841516,0.0,0.0,0.0,0.0,false,, 1.0
2024-10-23 12:20:14 +0000,Seated Leg Curl, 10,81.64672369841516,0.0,0.0,0.0,0.0,false,, 1.0
2024-10-23 12:20:14 +0000,Seated Leg Curl, 10,81.64672369841516,0.0,0.0,0.0,0.0,false,, 1.0
2024-10-23 12:20:14 +0000,Seated Leg Curl, 10,81.64672369841516,0.0,0.0,0.0,0.0,false,, 1.0
2024-10-23 12:20:14 +0000,Seated Leg Curl, 10,81.64672369841516,0.0,0.0,0.0,0.0,false,, 1.0
2024-10-23 12:20:14 +0000,Single Leg Kickback, 7,0.0,0.0,0.0,0.0,0.0,false,, 2.0
2024-10-23 12:20:14 +0000,Single Leg Kickback, 7,0.0,0.0,0.0,0.0,0.0,false,, 2.0
2024-10-23 12:20:14 +0000,Single Leg Kickback, 7,0.0,0.0,0.0,0.0,0.0,false,, 2.0
2024-10-23 12:20:14 +0000,Single Leg Kickback, 7,0.0,0.0,0.0,0.0,0.0,false,, 2.0
2024-10-23 12:20:14 +0000,Single Leg Kickback, 8,0.0,0.0,0.0,0.0,0.0,false,, 2.0
2024-10-23 12:20:14 +0000,Burpee, 5,0.0,0.0,0.0,0.0,0.0,false,, 1.0
2024-10-23 12:20:14 +0000,Burpee, 8,0.0,0.0,0.0,0.0,0.0,false,, 1.0
2024-10-23 12:20:14 +0000,Burpee, 12,0.0,0.0,0.0,0.0,0.0,false,, 1.0
2024-10-23 12:20:14 +0000,Burpee, 12,0.0,0.0,0.0,0.0,0.0,false,, 1.0
2024-10-23 12:20:14 +0000,Standing Leg Side Hold, 0,0.0,15.0,0.0,0.0,0.0,false,, 0.0
2024-10-23 12:20:14 +0000,Standing Leg Side Hold, 0,0.0,15.0,0.0,0.0,0.0,false,, 0.0
2024-10-23 12:20:14 +0000,Standing Leg Side Hold, 0,0.0,15.0,0.0,0.0,0.0,false,, 0.0
2024-10-23 12:20:14 +0000,Plank, 0,0.0,58.0,0.0,0.0,0.0,false,, 0.0
2024-10-23 12:20:14 +0000,Plank, 0,0.0,58.0,0.0,0.0,0.0,false,, 0.0
2024-10-23 12:20:14 +0000,Plank, 0,0.0,58.0,0.0,0.0,0.0,false,, 0.0
2024-10-22 12:11:24 +0000,V-Bar Pull Up, 4,0.0,0.0,0.0,0.0,0.0,false,, 1.0
2024-10-22 12:11:24 +0000,V-Bar Pull Up, 4,0.0,0.0,0.0,0.0,0.0,false,, 1.0
2024-10-22 12:11:24 +0000,V-Bar Pull Up, 4,0.0,0.0,0.0,0.0,0.0,false,, 1.0
2024-10-22 12:11:24 +0000,V-Bar Pull Up, 4,0.0,0.0,0.0,0.0,0.0,false,, 1.0
2024-10-22 12:11:24 +0000,EZ-Bar Curl, 8,27.215574566138386,0.0,0.0,0.0,0.0,true,, 1.0
2024-10-22 12:11:24 +0000,EZ-Bar Curl, 8,27.215574566138386,0.0,0.0,0.0,0.0,false,, 1.0
2024-10-22 12:11:24 +0000,EZ-Bar Curl, 8,27.215574566138386,0.0,0.0,0.0,0.0,false,, 1.0
2024-10-22 12:11:24 +0000,EZ-Bar Curl, 8,27.215574566138386,0.0,0.0,0.0,0.0,false,, 1.0
2024-10-22 12:11:24 +0000,Cable Row, 10,68.03893641534596,0.0,0.0,0.0,0.0,false,, 1.0
2024-10-22 12:11:24 +0000,Cable Row, 10,68.03893641534596,0.0,0.0,0.0,0.0,false,, 1.0
2024-10-22 12:11:24 +0000,Cable Row, 10,68.03893641534596,0.0,0.0,0.0,0.0,false,, 1.0
2024-10-22 12:11:24 +0000,Cable Row, 10,68.03893641534596,0.0,0.0,0.0,0.0,false,, 1.0
2024-10-22 12:11:24 +0000,Gorilla Rows, 10,11.793415645326633,0.0,0.0,0.0,0.0,false,, 2.0
2024-10-22 12:11:24 +0000,Gorilla Rows, 10,11.793415645326633,0.0,0.0,0.0,0.0,false,, 2.0
2024-10-22 12:11:24 +0000,Gorilla Rows, 10,11.793415645326633,0.0,0.0,0.0,0.0,false,, 2.0
2024-10-22 12:11:24 +0000,Gorilla Rows, 10,11.793415645326633,0.0,0.0,0.0,0.0,false,, 2.0
2024-10-22 12:11:24 +0000,Incline EZ-Bar Curl, 8,18.14371637742559,0.0,0.0,0.0,0.0,false,, 1.0
2024-10-22 12:11:24 +0000,Incline EZ-Bar Curl, 8,18.14371637742559,0.0,0.0,0.0,0.0,false,, 1.0
2024-10-22 12:11:24 +0000,Incline EZ-Bar Curl, 8,18.14371637742559,0.0,0.0,0.0,0.0,false,, 1.0
2024-10-22 12:11:24 +0000,Incline EZ-Bar Curl, 8,18.14371637742559,0.0,0.0,0.0,0.0,false,, 1.0
2024-10-22 12:11:24 +0000,Wide Grip Lat Pulldown, 10,38.55539730202938,0.0,0.0,0.0,0.0,false,, 1.0
2024-10-22 12:11:24 +0000,Wide Grip Lat Pulldown, 10,38.55539730202938,0.0,0.0,0.0,0.0,false,, 1.0
2024-10-22 12:11:24 +0000,Wide Grip Lat Pulldown, 14,54.43114913227677,0.0,0.0,0.0,0.0,false,, 1.0
2024-10-22 12:11:24 +0000,Wide Grip Lat Pulldown, 12,54.43114913227677,0.0,0.0,0.0,0.0,false,, 1.0
2024-10-22 12:11:24 +0000,Leg Raise, 13,0.0,0.0,0.0,0.0,0.0,false,, 1.0
2024-10-22 12:11:24 +0000,Leg Raise, 13,0.0,0.0,0.0,0.0,0.0,false,, 1.0
2024-10-22 12:11:24 +0000,Leg Raise, 13,0.0,0.0,0.0,0.0,0.0,false,, 1.0
2024-10-22 12:11:24 +0000,Leg Raise, 13,0.0,0.0,0.0,0.0,0.0,false,, 1.0
2024-10-21 12:10:51 +0000,Barbell Incline Bench Press, 8,43.091326396385774,0.0,0.0,0.0,0.0,true,, 1.0
2024-10-21 12:10:51 +0000,Barbell Incline Bench Press, 8,70.30690096252415,0.0,0.0,0.0,0.0,false,, 1.0
2024-10-21 12:10:51 +0000,Barbell Incline Bench Press, 8,70.30690096252415,0.0,0.0,0.0,0.0,false,, 1.0
2024-10-21 12:10:51 +0000,Barbell Incline Bench Press, 8,70.30690096252415,0.0,0.0,0.0,0.0,false,, 1.0
2024-10-21 12:10:51 +0000,Dumbbell Back Fly, 9,6.8038936415345965,0.0,0.0,0.0,0.0,false,, 2.0
2024-10-21 12:10:51 +0000,Dumbbell Back Fly, 9,6.8038936415345965,0.0,0.0,0.0,0.0,false,, 2.0
2024-10-21 12:10:51 +0000,Dumbbell Back Fly, 9,6.8038936415345965,0.0,0.0,0.0,0.0,false,, 2.0
2024-10-21 12:10:51 +0000,Low Cable Chest Fly, 10,9.071858188712795,0.0,0.0,0.0,0.0,false,, 2.0
2024-10-21 12:10:51 +0000,Low Cable Chest Fly, 10,11.339822735890994,0.0,0.0,0.0,0.0,false,, 2.0
2024-10-21 12:10:51 +0000,Low Cable Chest Fly, 10,13.607787283069193,0.0,0.0,0.0,0.0,false,, 2.0
2024-10-21 12:10:51 +0000,Low Cable Chest Fly, 10,15.87575183024739,0.0,0.0,0.0,0.0,false,, 2.0
2024-10-21 12:10:51 +0000,Cable Rope Overhead Triceps Extension, 10,15.87575183024739,0.0,0.0,0.0,0.0,false,, 1.0
2024-10-21 12:10:51 +0000,Cable Rope Overhead Triceps Extension, 10,18.14371637742559,0.0,0.0,0.0,0.0,false,, 1.0
2024-10-21 12:10:51 +0000,Cable Rope Overhead Triceps Extension, 10,20.41168092460379,0.0,0.0,0.0,0.0,false,, 1.0
2024-10-21 12:10:51 +0000,Cable Rope Overhead Triceps Extension, 10,22.67964547178199,0.0,0.0,0.0,0.0,false,, 1.0
2024-10-21 12:10:51 +0000,Cable Rope Tricep Extension, 10,24.947610018960187,0.0,0.0,0.0,0.0,false,, 1.0
2024-10-21 12:10:51 +0000,Cable Rope Tricep Extension, 10,24.947610018960187,0.0,0.0,0.0,0.0,false,, 1.0
2024-10-21 12:10:51 +0000,Cable Rope Tricep Extension, 10,24.947610018960187,0.0,0.0,0.0,0.0,false,, 1.0
2024-10-21 12:10:51 +0000,Cable Rope Tricep Extension, 10,24.947610018960187,0.0,0.0,0.0,0.0,false,, 1.0
2024-10-21 12:10:51 +0000,Dumbbell Lateral Raise, 12,6.8038936415345965,0.0,0.0,0.0,0.0,false,, 2.0
2024-10-21 12:10:51 +0000,Dumbbell Lateral Raise, 12,6.8038936415345965,0.0,0.0,0.0,0.0,false,, 2.0
2024-10-21 12:10:51 +0000,Dumbbell Lateral Raise, 12,6.8038936415345965,0.0,0.0,0.0,0.0,false,, 2.0
2024-10-21 12:10:51 +0000,Leg Pull-In, 18,0.0,0.0,0.0,0.0,0.0,false,, 1.0
2024-10-21 12:10:51 +0000,Leg Pull-In, 18,0.0,0.0,0.0,0.0,0.0,false,, 1.0
2024-10-21 12:10:51 +0000,Leg Pull-In, 18,0.0,0.0,0.0,0.0,0.0,false,, 1.0
2024-10-21 12:10:51 +0000,Leg Pull-In, 18,0.0,0.0,0.0,0.0,0.0,false,, 1.0
2024-10-21 12:10:51 +0000,Diamond Push Up, 9,0.0,0.0,0.0,0.0,0.0,false,, 1.0
2024-10-21 12:10:51 +0000,Diamond Push Up, 9,0.0,0.0,0.0,0.0,0.0,false,, 1.0
2024-10-21 12:10:51 +0000,Diamond Push Up, 9,0.0,0.0,0.0,0.0,0.0,false,, 1.0
2024-10-21 12:10:51 +0000,Diamond Push Up, 9,0.0,0.0,0.0,0.0,0.0,false,, 1.0
2024-10-18 12:22:05 +0000,Jump Squat, 10,0.0,0.0,0.0,0.0,0.0,false,, 1.0
2024-10-18 12:22:05 +0000,Jump Squat, 10,0.0,0.0,0.0,0.0,0.0,false,, 1.0
2024-10-18 12:22:05 +0000,Jump Squat, 10,0.0,0.0,0.0,0.0,0.0,false,, 1.0
2024-10-18 12:22:05 +0000,Jump Squat, 10,0.0,0.0,0.0,0.0,0.0,false,, 1.0
2024-10-18 12:22:05 +0000,Jump Squat, 10,0.0,0.0,0.0,0.0,0.0,false,, 1.0
2024-10-18 12:22:05 +0000,Hip Thrust, 20,0.0,0.0,0.0,0.0,0.0,false,, 1.0
2024-10-18 12:22:05 +0000,Hip Thrust, 20,0.0,0.0,0.0,0.0,0.0,false,, 1.0
2024-10-18 12:22:05 +0000,Hip Thrust, 20,0.0,0.0,0.0,0.0,0.0,false,, 1.0
2024-10-18 12:22:05 +0000,Hip Thrust, 20,0.0,0.0,0.0,0.0,0.0,false,, 1.0
2024-10-18 12:22:05 +0000,Hip Thrust, 20,0.0,0.0,0.0,0.0,0.0,false,, 1.0
2024-10-18 12:22:05 +0000,Standing Leg Curl, 12,27.215574566138386,0.0,0.0,0.0,0.0,false,, 2.0
2024-10-18 12:22:05 +0000,Standing Leg Curl, 10,31.75150366049478,0.0,0.0,0.0,0.0,false,, 2.0
2024-10-18 12:22:05 +0000,Standing Leg Curl, 12,36.28743275485118,0.0,0.0,0.0,0.0,false,, 2.0
2024-10-18 12:22:05 +0000,Single Leg Leg Extension, 12,27.215574566138386,0.0,0.0,0.0,0.0,false,, 2.0
2024-10-18 12:22:05 +0000,Single Leg Leg Extension, 10,31.75150366049478,0.0,0.0,0.0,0.0,false,, 2.0
2024-10-18 12:22:05 +0000,Single Leg Leg Extension, 12,36.28743275485118,0.0,0.0,0.0,0.0,false,, 2.0
2024-10-18 12:22:05 +0000,Single Leg Kettlebell Deadlift, 12,19.958088015168148,0.0,0.0,0.0,0.0,false,, 2.0
2024-10-18 12:22:05 +0000,Single Leg Kettlebell Deadlift, 12,19.958088015168148,0.0,0.0,0.0,0.0,false,, 2.0
2024-10-18 12:22:05 +0000,Single Leg Kettlebell Deadlift, 12,19.958088015168148,0.0,0.0,0.0,0.0,false,, 2.0
2024-10-18 12:22:05 +0000,Cable Pull Through, 12,29.483539113316585,0.0,0.0,0.0,0.0,false,, 1.0
2024-10-18 12:22:05 +0000,Cable Pull Through, 12,31.75150366049478,0.0,0.0,0.0,0.0,false,, 1.0
2024-10-18 12:22:05 +0000,Cable Pull Through, 12,34.01946820767298,0.0,0.0,0.0,0.0,false,, 1.0
2024-10-18 12:22:05 +0000,Sit Up, 12,0.0,0.0,0.0,0.0,0.0,false,, 1.0
2024-10-18 12:22:05 +0000,Sit Up, 12,0.0,0.0,0.0,0.0,0.0,false,, 1.0
2024-10-18 12:22:05 +0000,Sit Up, 12,0.0,0.0,0.0,0.0,0.0,false,, 1.0
2024-10-17 12:14:21 +0000,Wide Grip Pull Up, 6,0.0,0.0,0.0,0.0,0.0,false,, 1.0
2024-10-17 12:14:21 +0000,Wide Grip Pull Up, 6,0.0,0.0,0.0,0.0,0.0,false,, 1.0
2024-10-17 12:14:21 +0000,Wide Grip Pull Up, 6,0.0,0.0,0.0,0.0,0.0,false,, 1.0
2024-10-17 12:14:21 +0000,Wide Grip Pull Up, 6,0.0,0.0,0.0,0.0,0.0,false,, 1.0
2024-10-17 12:14:21 +0000,Dumbbell Bicep Curl, 12,13.607787283069193,0.0,0.0,0.0,0.0,false,, 2.0
2024-10-17 12:14:21 +0000,Dumbbell Bicep Curl, 11,13.607787283069193,0.0,0.0,0.0,0.0,false,, 2.0
2024-10-17 12:14:21 +0000,Dumbbell Bicep Curl, 12,13.607787283069193,0.0,0.0,0.0,0.0,false,, 2.0
2024-10-17 12:14:21 +0000,Incline Dumbbell Row, 11,15.87575183024739,0.0,0.0,0.0,0.0,false,, 2.0
2024-10-17 12:14:21 +0000,Incline Dumbbell Row, 11,15.87575183024739,0.0,0.0,0.0,0.0,false,, 2.0
2024-10-17 12:14:21 +0000,Incline Dumbbell Row, 11,15.87575183024739,0.0,0.0,0.0,0.0,false,, 2.0
2024-10-17 12:14:21 +0000,Hammer Curls, 9,13.607787283069193,0.0,0.0,0.0,0.0,false,, 2.0
2024-10-17 12:14:21 +0000,Hammer Curls, 9,13.607787283069193,0.0,0.0,0.0,0.0,false,, 2.0
2024-10-17 12:14:21 +0000,Hammer Curls, 9,13.607787283069193,0.0,0.0,0.0,0.0,false,, 2.0
2024-10-17 12:14:21 +0000,Australian Chin Up, 8,0.0,0.0,0.0,0.0,0.0,false,, 1.0
2024-10-17 12:14:21 +0000,Australian Chin Up, 8,0.0,0.0,0.0,0.0,0.0,false,, 1.0
2024-10-17 12:14:21 +0000,Australian Chin Up, 8,0.0,0.0,0.0,0.0,0.0,false,, 1.0
2024-10-17 12:14:21 +0000,1/2 Kneeling Shotgun Row, 12,13.607787283069193,0.0,0.0,0.0,0.0,false,, 2.0
2024-10-17 12:14:21 +0000,1/2 Kneeling Shotgun Row, 12,13.607787283069193,0.0,0.0,0.0,0.0,false,, 2.0
2024-10-17 12:14:21 +0000,1/2 Kneeling Shotgun Row, 12,13.607787283069193,0.0,0.0,0.0,0.0,false,, 2.0
2024-10-17 12:14:21 +0000,Bicycle Crunch, 10,0.0,0.0,0.0,0.0,0.0,false,, 2.0
2024-10-17 12:14:21 +0000,Bicycle Crunch, 14,0.0,0.0,0.0,0.0,0.0,false,, 2.0
2024-10-17 12:14:21 +0000,Bicycle Crunch, 21,0.0,0.0,0.0,0.0,0.0,false,, 2.0
2024-10-17 12:14:21 +0000,Bicycle Crunch, 21,0.0,0.0,0.0,0.0,0.0,false,, 2.0
2024-10-16 12:19:50 +0000,Incline Dumbbell Squeeze Press, 10,20.41168092460379,0.0,0.0,0.0,0.0,false,, 2.0
2024-10-16 12:19:50 +0000,Incline Dumbbell Squeeze Press, 10,20.41168092460379,0.0,0.0,0.0,0.0,false,, 2.0
2024-10-16 12:19:50 +0000,Incline Dumbbell Squeeze Press, 10,20.41168092460379,0.0,0.0,0.0,0.0,false,, 2.0
2024-10-16 12:19:50 +0000,Seated Dumbbell Rear Delt Raise, 11,4.535929094356398,0.0,0.0,0.0,0.0,false,, 2.0
2024-10-16 12:19:50 +0000,Seated Dumbbell Rear Delt Raise, 11,4.535929094356398,0.0,0.0,0.0,0.0,false,, 2.0
2024-10-16 12:19:50 +0000,Seated Dumbbell Rear Delt Raise, 11,4.535929094356398,0.0,0.0,0.0,0.0,false,, 2.0
2024-10-16 12:19:50 +0000,Dumbbell Kickbacks, 8,13.607787283069193,0.0,0.0,0.0,0.0,false,, 2.0
2024-10-16 12:19:50 +0000,Dumbbell Kickbacks, 8,13.607787283069193,0.0,0.0,0.0,0.0,false,, 2.0
2024-10-16 12:19:50 +0000,Dumbbell Kickbacks, 10,13.607787283069193,0.0,0.0,0.0,0.0,false,, 2.0
2024-10-16 12:19:50 +0000,Dumbbell Lateral Raise To Front Raise, 14,4.535929094356398,0.0,0.0,0.0,0.0,false,, 2.0
2024-10-16 12:19:50 +0000,Dumbbell Lateral Raise To Front Raise, 14,4.535929094356398,0.0,0.0,0.0,0.0,false,, 2.0
2024-10-16 12:19:50 +0000,Dumbbell Lateral Raise To Front Raise, 14,4.535929094356398,0.0,0.0,0.0,0.0,false,, 2.0
2024-10-16 12:19:50 +0000,Single Arm Dumbbell Tricep Extension, 4,9.071858188712795,0.0,0.0,0.0,0.0,false,, 2.0
2024-10-16 12:19:50 +0000,Single Arm Dumbbell Tricep Extension, 5,9.071858188712795,0.0,0.0,0.0,0.0,false,, 2.0
2024-10-16 12:19:50 +0000,Single Arm Dumbbell Tricep Extension, 6,9.071858188712795,0.0,0.0,0.0,0.0,false,, 2.0
2024-10-16 12:19:50 +0000,Dumbbell Squeeze Press, 10,22.67964547178199,0.0,0.0,0.0,0.0,false,, 2.0
2024-10-16 12:19:50 +0000,Dumbbell Squeeze Press, 10,22.67964547178199,0.0,0.0,0.0,0.0,false,, 2.0
2024-10-16 12:19:50 +0000,Dumbbell Squeeze Press, 10,22.67964547178199,0.0,0.0,0.0,0.0,false,, 2.0
2024-10-16 12:19:50 +0000,Incline Back Extension, 10,0.0,0.0,0.0,0.0,0.0,false,, 1.0
2024-10-16 12:19:50 +0000,Incline Back Extension, 24,0.0,0.0,0.0,0.0,0.0,false,, 1.0
2024-10-16 12:19:50 +0000,Incline Back Extension, 24,0.0,0.0,0.0,0.0,0.0,false,, 1.0
2024-10-15 12:13:21 +0000,Deadlift, 8,72.57486550970236,0.0,0.0,0.0,0.0,true,, 1.0
2024-10-15 12:13:21 +0000,Deadlift, 5,120.20212100044454,0.0,0.0,0.0,0.0,false,, 1.0
2024-10-15 12:13:21 +0000,Seated Leg Curl, 8,40.82336184920758,0.0,0.0,0.0,0.0,true,, 1.0
2024-10-15 12:13:21 +0000,Seated Leg Curl, 10,68.03893641534596,0.0,0.0,0.0,0.0,false,, 1.0
2024-10-15 12:13:21 +0000,Seated Leg Curl, 10,72.57486550970236,0.0,0.0,0.0,0.0,false,, 1.0
2024-10-15 12:13:21 +0000,Seated Leg Curl, 10,77.11079460405875,0.0,0.0,0.0,0.0,false,, 1.0
2024-10-15 12:13:21 +0000,Seated Leg Curl, 10,77.11079460405875,0.0,0.0,0.0,0.0,false,, 1.0
2024-10-15 12:13:21 +0000,Leg Extension, 8,58.96707822663317,0.0,0.0,0.0,0.0,true,, 1.0
2024-10-15 12:13:21 +0000,Leg Extension, 10,99.79044007584075,0.0,0.0,0.0,0.0,false,, 1.0
2024-10-15 12:13:21 +0000,Leg Extension, 10,99.79044007584075,0.0,0.0,0.0,0.0,false,, 1.0
2024-10-15 12:13:21 +0000,Leg Extension, 10,99.79044007584075,0.0,0.0,0.0,0.0,false,, 1.0
2024-10-15 12:13:21 +0000,Leg Extension, 10,99.79044007584075,0.0,0.0,0.0,0.0,false,, 1.0
2024-10-15 12:13:21 +0000,Single Leg Romanian Deadlift, 10,13.607787283069193,0.0,0.0,0.0,0.0,false,, 4.0
2024-10-15 12:13:21 +0000,Single Leg Romanian Deadlift, 10,13.607787283069193,0.0,0.0,0.0,0.0,false,, 4.0
2024-10-15 12:13:21 +0000,Single Leg Romanian Deadlift, 10,13.607787283069193,0.0,0.0,0.0,0.0,false,, 4.0
2024-10-15 12:13:21 +0000,Dumbbell Glute Bridge, 0,13.607787283069193,10.0,0.0,0.0,0.0,false,, 0.0
2024-10-15 12:13:21 +0000,Dumbbell Glute Bridge, 0,13.607787283069193,10.0,0.0,0.0,0.0,false,, 0.0
2024-10-15 12:13:21 +0000,Dumbbell Glute Bridge, 0,13.607787283069193,10.0,0.0,0.0,0.0,false,, 0.0
2024-10-15 12:13:21 +0000,Dumbbell Glute Bridge, 0,13.607787283069193,10.0,0.0,0.0,0.0,false,, 0.0
2024-10-15 12:13:21 +0000,Lunge, 6,0.0,0.0,0.0,0.0,0.0,false,, 2.0
2024-10-15 12:13:21 +0000,Lunge, 15,0.0,0.0,0.0,0.0,0.0,false,, 2.0
2024-10-15 12:13:21 +0000,Lunge, 18,0.0,0.0,0.0,0.0,0.0,false,, 2.0
2024-10-15 12:13:21 +0000,Single Leg Hip Thrust, 18,0.0,0.0,0.0,0.0,0.0,false,, 2.0
2024-10-15 12:13:21 +0000,Single Leg Hip Thrust, 18,0.0,0.0,0.0,0.0,0.0,false,, 2.0
2024-10-15 12:13:21 +0000,Single Leg Hip Thrust, 18,0.0,0.0,0.0,0.0,0.0,false,, 2.0
2024-10-15 12:13:21 +0000,Scissor Kick, 25,0.0,0.0,0.0,0.0,0.0,false,, 2.0
2024-10-15 12:13:21 +0000,Scissor Kick, 25,0.0,0.0,0.0,0.0,0.0,false,, 2.0
2024-10-15 12:13:21 +0000,Scissor Kick, 25,0.0,0.0,0.0,0.0,0.0,false,, 2.0
2024-10-14 12:25:41 +0000,Barbell Curl, 5,22.67964547178199,0.0,0.0,0.0,0.0,false,, 1.0
2024-10-14 12:25:41 +0000,Barbell Curl, 5,27.215574566138386,0.0,0.0,0.0,0.0,false,, 1.0
2024-10-14 12:25:41 +0000,Barbell Curl, 10,36.28743275485118,0.0,0.0,0.0,0.0,false,, 1.0
2024-10-14 12:25:41 +0000,Barbell Curl, 8,36.28743275485118,0.0,0.0,0.0,0.0,false,, 1.0
2024-10-14 12:25:41 +0000,Shotgun Row, 8,22.67964547178199,0.0,0.0,0.0,0.0,false,, 2.0
2024-10-14 12:25:41 +0000,Shotgun Row, 8,22.67964547178199,0.0,0.0,0.0,0.0,false,, 2.0
2024-10-14 12:25:41 +0000,Shotgun Row, 8,22.67964547178199,0.0,0.0,0.0,0.0,false,, 2.0
2024-10-14 12:25:41 +0000,Shotgun Row, 8,22.67964547178199,0.0,0.0,0.0,0.0,false,, 2.0
2024-10-14 12:25:41 +0000,Shotgun Row, 8,22.67964547178199,0.0,0.0,0.0,0.0,false,, 2.0
2024-10-14 12:25:41 +0000,Lat Pulldown, 8,43.091326396385774,0.0,0.0,0.0,0.0,true,, 1.0
2024-10-14 12:25:41 +0000,Lat Pulldown, 6,70.30690096252415,0.0,0.0,0.0,0.0,false,, 1.0
2024-10-14 12:25:41 +0000,Lat Pulldown, 6,70.30690096252415,0.0,0.0,0.0,0.0,false,, 1.0
2024-10-14 12:25:41 +0000,Lat Pulldown, 6,70.30690096252415,0.0,0.0,0.0,0.0,false,, 1.0
2024-10-14 12:25:41 +0000,Kettlebell Row, 14,15.87575183024739,0.0,0.0,0.0,0.0,false,, 2.0
2024-10-14 12:25:41 +0000,Kettlebell Row, 14,15.87575183024739,0.0,0.0,0.0,0.0,false,, 2.0
2024-10-14 12:25:41 +0000,Kettlebell Row, 14,15.87575183024739,0.0,0.0,0.0,0.0,false,, 2.0
2024-10-14 12:25:41 +0000,TRX Row, 6,0.0,0.0,0.0,0.0,0.0,false,, 1.0
2024-10-14 12:25:41 +0000,TRX Row, 6,0.0,0.0,0.0,0.0,0.0,false,, 1.0
2024-10-14 12:25:41 +0000,TRX Row, 6,0.0,0.0,0.0,0.0,0.0,false,, 1.0
2024-10-14 12:25:41 +0000,Incline Hammer Curl, 5,15.87575183024739,0.0,0.0,0.0,0.0,false,, 2.0
2024-10-14 12:25:41 +0000,Incline Hammer Curl, 5,15.87575183024739,0.0,0.0,0.0,0.0,false,, 2.0
2024-10-14 12:25:41 +0000,Side Bridge, 0,0.0,31.0,0.0,0.0,0.0,false,, 0.0
2024-10-14 12:25:41 +0000,Side Bridge, 0,0.0,31.0,0.0,0.0,0.0,false,, 0.0
2024-10-14 12:25:41 +0000,Side Bridge, 0,0.0,31.0,0.0,0.0,0.0,false,, 0.0
2024-10-11 12:50:07 +0000,Dumbbell Incline Bench Press, 8,15.87575183024739,0.0,0.0,0.0,0.0,false,, 2.0
2024-10-11 12:50:07 +0000,Dumbbell Incline Bench Press, 8,18.14371637742559,0.0,0.0,0.0,0.0,false,, 2.0
2024-10-11 12:50:07 +0000,Dumbbell Incline Bench Press, 13,22.67964547178199,0.0,0.0,0.0,0.0,false,, 2.0
2024-10-11 12:50:07 +0000,Dumbbell Incline Bench Press, 14,22.67964547178199,0.0,0.0,0.0,0.0,false,, 2.0
2024-10-11 12:50:07 +0000,Cable Underhand Tricep Pushdown, 10,13.607787283069193,0.0,0.0,0.0,0.0,false,, 1.0
2024-10-11 12:50:07 +0000,Cable Underhand Tricep Pushdown, 12,15.87575183024739,0.0,0.0,0.0,0.0,false,, 1.0
2024-10-11 12:50:07 +0000,Cable Underhand Tricep Pushdown, 15,18.14371637742559,0.0,0.0,0.0,0.0,false,, 1.0
2024-10-11 12:50:07 +0000,Standing Dumbbell Shoulder Press, 9,11.339822735890994,0.0,0.0,0.0,0.0,false,, 2.0
2024-10-11 12:50:07 +0000,Standing Dumbbell Shoulder Press, 9,11.339822735890994,0.0,0.0,0.0,0.0,false,, 2.0
2024-10-11 12:50:07 +0000,Standing Dumbbell Shoulder Press, 9,11.339822735890994,0.0,0.0,0.0,0.0,false,, 2.0
2024-10-11 12:50:07 +0000,Cable Lateral Raise, 8,9.071858188712795,0.0,0.0,0.0,0.0,false,, 2.0
2024-10-11 12:50:07 +0000,Cable Lateral Raise, 8,9.071858188712795,0.0,0.0,0.0,0.0,false,, 2.0
2024-10-11 12:50:07 +0000,Cable Lateral Raise, 8,9.071858188712795,0.0,0.0,0.0,0.0,false,, 2.0
2024-10-11 12:50:07 +0000,Decline Push Up, 8,0.0,0.0,0.0,0.0,0.0,false,, 1.0
2024-10-11 12:50:07 +0000,Decline Push Up, 8,0.0,0.0,0.0,0.0,0.0,false,, 1.0
2024-10-11 12:50:07 +0000,Decline Push Up, 8,0.0,0.0,0.0,0.0,0.0,false,, 1.0
2024-10-11 12:50:07 +0000,Dumbbell Skullcrusher, 8,11.339822735890994,0.0,0.0,0.0,0.0,false,, 2.0
2024-10-11 12:50:07 +0000,Dumbbell Skullcrusher, 9,11.339822735890994,0.0,0.0,0.0,0.0,false,, 2.0
2024-10-11 12:50:07 +0000,Dumbbell Skullcrusher, 8,11.339822735890994,0.0,0.0,0.0,0.0,false,, 2.0
2024-10-10 12:45:53 +0000,Dumbbell Romanian Deadlift, 6,18.14371637742559,0.0,0.0,0.0,0.0,false,, 2.0
2024-10-10 12:45:53 +0000,Dumbbell Romanian Deadlift, 6,20.41168092460379,0.0,0.0,0.0,0.0,false,, 2.0
2024-10-10 12:45:53 +0000,Dumbbell Romanian Deadlift, 15,24.947610018960187,0.0,0.0,0.0,0.0,false,, 2.0
2024-10-10 12:45:53 +0000,Dumbbell Romanian Deadlift, 15,24.947610018960187,0.0,0.0,0.0,0.0,false,, 2.0
2024-10-10 12:45:53 +0000,Front Squat, 10,20.41168092460379,0.0,0.0,0.0,0.0,true,, 1.0
2024-10-10 12:45:53 +0000,Front Squat, 6,70.30690096252415,0.0,0.0,0.0,0.0,false,, 1.0
2024-10-10 12:45:53 +0000,Front Squat, 6,70.30690096252415,0.0,0.0,0.0,0.0,false,, 1.0
2024-10-10 12:45:53 +0000,Front Squat, 6,70.30690096252415,0.0,0.0,0.0,0.0,false,, 1.0
2024-10-10 12:45:53 +0000,Front Squat, 6,70.30690096252415,0.0,0.0,0.0,0.0,false,, 1.0
2024-10-10 12:45:53 +0000,Cable Hip Extension, 10,15.87575183024739,0.0,0.0,0.0,0.0,false,, 2.0
2024-10-10 12:45:53 +0000,Cable Hip Extension, 10,15.87575183024739,0.0,0.0,0.0,0.0,false,, 2.0
2024-10-10 12:45:53 +0000,Barbell Lunge, 12,29.483539113316585,0.0,0.0,0.0,0.0,false,, 2.0
2024-10-10 12:45:53 +0000,Barbell Lunge, 12,29.483539113316585,0.0,0.0,0.0,0.0,false,, 2.0
2024-10-10 12:45:53 +0000,Calf Raise, 25,0.0,0.0,0.0,0.0,0.0,false,, 1.0
2024-10-10 12:45:53 +0000,Calf Raise, 25,0.0,0.0,0.0,0.0,0.0,false,, 1.0
2024-10-10 12:45:53 +0000,Calf Raise, 25,0.0,0.0,0.0,0.0,0.0,false,, 1.0
2024-10-10 12:45:53 +0000,Single Leg Glute Bridge and Squeeze, 10,6.8038936415345965,0.0,0.0,0.0,0.0,false,, 2.0
2024-10-10 12:45:53 +0000,Single Leg Glute Bridge and Squeeze, 10,6.8038936415345965,0.0,0.0,0.0,0.0,false,, 2.0
2024-10-10 12:45:53 +0000,Single Leg Glute Bridge and Squeeze, 10,6.8038936415345965,0.0,0.0,0.0,0.0,false,, 2.0
2024-10-10 12:45:53 +0000,Crunches, 15,0.0,0.0,0.0,0.0,0.0,false,, 1.0
2024-10-10 12:45:53 +0000,Crunches, 15,0.0,0.0,0.0,0.0,0.0,false,, 1.0
2024-10-10 12:45:53 +0000,Crunches, 15,0.0,0.0,0.0,0.0,0.0,false,, 1.0
2024-10-10 12:45:53 +0000,Crunches, 15,0.0,0.0,0.0,0.0,0.0,false,, 1.0
2024-10-10 12:45:53 +0000,Crunches, 15,0.0,0.0,0.0,0.0,0.0,false,, 1.0
2024-10-09 12:36:20 +0000,Pull Up, 7,0.0,0.0,0.0,0.0,0.0,false,, 1.0
2024-10-09 12:36:20 +0000,Pull Up, 7,0.0,0.0,0.0,0.0,0.0,false,, 1.0
2024-10-09 12:36:20 +0000,Pull Up, 7,0.0,0.0,0.0,0.0,0.0,false,, 1.0
2024-10-09 12:36:20 +0000,Pull Up, 7,0.0,0.0,0.0,0.0,0.0,false,, 1.0
2024-10-09 12:36:20 +0000,Dumbbell Bicep Curl, 7,15.87575183024739,0.0,0.0,0.0,0.0,false,, 2.0
2024-10-09 12:36:20 +0000,Dumbbell Bicep Curl, 7,15.87575183024739,0.0,0.0,0.0,0.0,false,, 2.0
2024-10-09 12:36:20 +0000,Dumbbell Bicep Curl, 7,15.87575183024739,0.0,0.0,0.0,0.0,false,, 2.0
2024-10-09 12:36:20 +0000,Dumbbell Row, 12,27.215574566138386,0.0,0.0,0.0,0.0,false,, 2.0
2024-10-09 12:36:20 +0000,Dumbbell Row, 12,27.215574566138386,0.0,0.0,0.0,0.0,false,, 2.0
2024-10-09 12:36:20 +0000,Dumbbell Row, 12,27.215574566138386,0.0,0.0,0.0,0.0,false,, 2.0
2024-10-09 12:36:20 +0000,Dumbbell Row, 12,27.215574566138386,0.0,0.0,0.0,0.0,false,, 2.0
2024-10-09 12:36:20 +0000,V-Bar Pulldown, 6,72.57486550970236,0.0,0.0,0.0,0.0,false,, 1.0
2024-10-09 12:36:20 +0000,V-Bar Pulldown, 6,72.57486550970236,0.0,0.0,0.0,0.0,false,, 1.0
2024-10-09 12:36:20 +0000,V-Bar Pulldown, 6,72.57486550970236,0.0,0.0,0.0,0.0,false,, 1.0
2024-10-09 12:36:20 +0000,Upright Row, 8,36.28743275485118,0.0,0.0,0.0,0.0,false,, 1.0
2024-10-09 12:36:20 +0000,Upright Row, 8,36.28743275485118,0.0,0.0,0.0,0.0,false,, 1.0
2024-10-09 12:36:20 +0000,Upright Row, 8,36.28743275485118,0.0,0.0,0.0,0.0,false,, 1.0
2024-10-09 12:36:20 +0000,EZ-Bar Curl, 8,27.215574566138386,0.0,0.0,0.0,0.0,false,, 1.0
2024-10-09 12:36:20 +0000,EZ-Bar Curl, 8,27.215574566138386,0.0,0.0,0.0,0.0,false,, 1.0
2024-10-09 12:36:20 +0000,EZ-Bar Curl, 8,27.215574566138386,0.0,0.0,0.0,0.0,false,, 1.0
2024-10-08 12:41:24 +0000,Barbell Bench Press, 8,52.16318458509857,0.0,0.0,0.0,0.0,true,, 1.0
2024-10-08 12:41:24 +0000,Barbell Bench Press, 5,88.45061733994974,0.0,0.0,0.0,0.0,false,, 1.0
2024-10-08 12:41:24 +0000,Barbell Bench Press, 5,88.45061733994974,0.0,0.0,0.0,0.0,false,, 1.0
2024-10-08 12:41:24 +0000,Barbell Bench Press, 5,88.45061733994974,0.0,0.0,0.0,0.0,false,, 1.0
2024-10-08 12:41:24 +0000,Barbell Bench Press, 4,88.45061733994974,0.0,0.0,0.0,0.0,false,, 1.0
2024-10-08 12:41:24 +0000,Cable One Arm Tricep Side Extension, 10,9.071858188712795,0.0,0.0,0.0,0.0,false,, 2.0
2024-10-08 12:41:24 +0000,Cable One Arm Tricep Side Extension, 10,9.071858188712795,0.0,0.0,0.0,0.0,false,, 2.0
2024-10-08 12:41:24 +0000,Cable One Arm Tricep Side Extension, 10,9.071858188712795,0.0,0.0,0.0,0.0,false,, 2.0
2024-10-08 12:41:24 +0000,Cable One Arm Tricep Side Extension, 10,9.071858188712795,0.0,0.0,0.0,0.0,false,, 2.0
2024-10-08 12:41:24 +0000,Push Up, 16,0.0,0.0,0.0,0.0,0.0,false,, 1.0
2024-10-08 12:41:24 +0000,Push Up, 15,0.0,0.0,0.0,0.0,0.0,false,, 1.0
2024-10-08 12:41:24 +0000,Push Up, 14,0.0,0.0,0.0,0.0,0.0,false,, 1.0
2024-10-08 12:41:24 +0000,Push Up, 13,0.0,0.0,0.0,0.0,0.0,false,, 1.0
2024-10-08 12:41:24 +0000,Dumbbell Rear Delt Raise, 8,6.8038936415345965,0.0,0.0,0.0,0.0,false,, 2.0
2024-10-08 12:41:24 +0000,Dumbbell Rear Delt Raise, 8,6.8038936415345965,0.0,0.0,0.0,0.0,false,, 2.0
2024-10-08 12:41:24 +0000,Dumbbell Rear Delt Raise, 10,9.071858188712795,0.0,0.0,0.0,0.0,false,, 2.0
2024-10-08 12:41:24 +0000,Dumbbell Rear Delt Raise, 11,9.071858188712795,0.0,0.0,0.0,0.0,false,, 2.0
2024-10-08 12:41:24 +0000,Cable Shoulder Press, 12,15.87575183024739,0.0,0.0,0.0,0.0,false,, 2.0
2024-10-08 12:41:24 +0000,Cable Shoulder Press, 12,15.87575183024739,0.0,0.0,0.0,0.0,false,, 2.0
2024-10-08 12:41:24 +0000,Cable Shoulder Press, 12,15.87575183024739,0.0,0.0,0.0,0.0,false,, 2.0
2024-10-08 12:41:24 +0000,Dip, 9,0.0,0.0,0.0,0.0,0.0,false,, 1.0
2024-10-08 12:41:24 +0000,Dip, 9,0.0,0.0,0.0,0.0,0.0,false,, 1.0
2024-10-08 12:41:24 +0000,Dip, 9,0.0,0.0,0.0,0.0,0.0,false,, 1.0
2024-10-08 12:41:24 +0000,Hanging Knee Raise, 11,0.0,0.0,0.0,0.0,0.0,false,, 1.0
2024-10-08 12:41:24 +0000,Hanging Knee Raise, 11,0.0,0.0,0.0,0.0,0.0,false,, 1.0
2024-10-08 12:41:24 +0000,Hanging Knee Raise, 11,0.0,0.0,0.0,0.0,0.0,false,, 1.0
2024-10-07 12:53:08 +0000,Dumbbell Sumo Squat, 10,20.41168092460379,0.0,0.0,0.0,0.0,false,, 2.0
2024-10-07 12:53:08 +0000,Dumbbell Sumo Squat, 10,20.41168092460379,0.0,0.0,0.0,0.0,false,, 2.0
2024-10-07 12:53:08 +0000,Dumbbell Sumo Squat, 12,20.41168092460379,0.0,0.0,0.0,0.0,false,, 2.0
2024-10-07 12:53:08 +0000,Dumbbell Hip Thrust, 12,20.41168092460379,0.0,0.0,0.0,0.0,false,, 1.0
2024-10-07 12:53:08 +0000,Dumbbell Hip Thrust, 14,20.41168092460379,0.0,0.0,0.0,0.0,false,, 1.0
2024-10-07 12:53:08 +0000,Dumbbell Hip Thrust, 14,20.41168092460379,0.0,0.0,0.0,0.0,false,, 1.0
2024-10-07 12:53:08 +0000,Leg Extension, 8,54.43114913227677,0.0,0.0,0.0,0.0,true,, 1.0
2024-10-07 12:53:08 +0000,Leg Extension, 3,81.64672369841516,0.0,0.0,0.0,0.0,true,, 1.0
2024-10-07 12:53:08 +0000,Leg Extension, 12,90.71858188712795,0.0,0.0,0.0,0.0,false,, 1.0
2024-10-07 12:53:08 +0000,Leg Extension, 12,90.71858188712795,0.0,0.0,0.0,0.0,false,, 1.0
2024-10-07 12:53:08 +0000,Leg Extension, 12,90.71858188712795,0.0,0.0,0.0,0.0,false,, 1.0
2024-10-07 12:53:08 +0000,Seated Leg Curl, 8,36.28743275485118,0.0,0.0,0.0,0.0,true,, 1.0
2024-10-07 12:53:08 +0000,Seated Leg Curl, 12,63.50300732098956,0.0,0.0,0.0,0.0,false,, 1.0
2024-10-07 12:53:08 +0000,Seated Leg Curl, 12,63.50300732098956,0.0,0.0,0.0,0.0,false,, 1.0
2024-10-07 12:53:08 +0000,Seated Leg Curl, 13,63.50300732098956,0.0,0.0,0.0,0.0,false,, 1.0
2024-10-07 12:53:08 +0000,Medicine Ball Curtsy Lunge, 6,4.535929094356398,0.0,0.0,0.0,0.0,false,, 2.0
2024-10-07 12:53:08 +0000,Medicine Ball Curtsy Lunge, 8,4.535929094356398,0.0,0.0,0.0,0.0,false,, 2.0
2024-10-07 12:53:08 +0000,Medicine Ball Curtsy Lunge, 10,4.535929094356398,0.0,0.0,0.0,0.0,false,, 2.0
2024-10-04 12:59:58 +0000,Lat Pulldown, 8,43.091326396385774,0.0,0.0,0.0,0.0,true,, 1.0
2024-10-04 12:59:58 +0000,Lat Pulldown, 5,74.84283005688056,0.0,0.0,0.0,0.0,false,, 1.0
2024-10-04 12:59:58 +0000,Lat Pulldown, 5,72.57486550970236,0.0,0.0,0.0,0.0,false,, 1.0
2024-10-04 12:59:58 +0000,Lat Pulldown, 5,72.57486550970236,0.0,0.0,0.0,0.0,false,, 1.0
2024-10-04 12:59:58 +0000,Smith Machine Bent Over Row, 10,45.35929094356398,0.0,0.0,0.0,0.0,false,, 1.0
2024-10-04 12:59:58 +0000,Smith Machine Bent Over Row, 10,45.35929094356398,0.0,0.0,0.0,0.0,false,, 1.0
2024-10-04 12:59:58 +0000,Smith Machine Bent Over Row, 10,45.35929094356398,0.0,0.0,0.0,0.0,false,, 1.0
2024-10-04 12:59:58 +0000,Barbell Curl, 10,31.75150366049478,0.0,0.0,0.0,0.0,false,, 1.0
2024-10-04 12:59:58 +0000,Barbell Curl, 10,31.75150366049478,0.0,0.0,0.0,0.0,false,, 1.0
2024-10-04 12:59:58 +0000,Barbell Curl, 10,31.75150366049478,0.0,0.0,0.0,0.0,false,, 1.0
2024-10-04 12:59:58 +0000,V-Bar Pulldown, 10,36.28743275485118,0.0,0.0,0.0,0.0,false,, 1.0
2024-10-04 12:59:58 +0000,V-Bar Pulldown, 13,54.43114913227677,0.0,0.0,0.0,0.0,false,, 1.0
2024-10-04 12:59:58 +0000,V-Bar Pulldown, 14,54.43114913227677,0.0,0.0,0.0,0.0,false,, 1.0
2024-10-04 12:59:58 +0000,Reverse Barbell Curl, 8,18.14371637742559,0.0,0.0,0.0,0.0,false,, 1.0
2024-10-04 12:59:58 +0000,Reverse Barbell Curl, 8,18.14371637742559,0.0,0.0,0.0,0.0,false,, 1.0
2024-10-04 12:59:58 +0000,Reverse Barbell Curl, 8,18.14371637742559,0.0,0.0,0.0,0.0,false,, 1.0
2024-10-04 12:59:58 +0000,Cable Shrugs, 12,36.28743275485118,0.0,0.0,0.0,0.0,false,, 2.0
2024-10-04 12:59:58 +0000,Cable Shrugs, 13,40.82336184920758,0.0,0.0,0.0,0.0,false,, 2.0
2024-10-03 12:38:38 +0000,Dumbbell Bench Press, 8,22.67964547178199,0.0,0.0,0.0,0.0,false,, 2.0
2024-10-03 12:38:38 +0000,Dumbbell Bench Press, 8,27.215574566138386,0.0,0.0,0.0,0.0,false,, 2.0
2024-10-03 12:38:38 +0000,Dumbbell Bench Press, 10,31.75150366049478,0.0,0.0,0.0,0.0,false,, 2.0
2024-10-03 12:38:38 +0000,Dumbbell Bench Press, 11,31.75150366049478,0.0,0.0,0.0,0.0,false,, 2.0
2024-10-03 12:38:38 +0000,Dumbbell Bench Press, 11,18.14371637742559,0.0,0.0,0.0,0.0,false,, 2.0
2024-10-03 12:38:38 +0000,Skullcrusher, 5,31.75150366049478,0.0,0.0,0.0,0.0,false,, 1.0
2024-10-03 12:38:38 +0000,Skullcrusher, 5,31.75150366049478,0.0,0.0,0.0,0.0,false,, 1.0
2024-10-03 12:38:38 +0000,Skullcrusher, 5,31.75150366049478,0.0,0.0,0.0,0.0,false,, 1.0
2024-10-03 12:38:38 +0000,Skullcrusher, 5,31.75150366049478,0.0,0.0,0.0,0.0,false,, 1.0
2024-10-03 12:38:38 +0000,Cable Crossover Fly, 13,13.607787283069193,0.0,0.0,0.0,0.0,false,, 2.0
2024-10-03 12:38:38 +0000,Cable Crossover Fly, 12,18.14371637742559,0.0,0.0,0.0,0.0,false,, 2.0
2024-10-03 12:38:38 +0000,Cable Crossover Fly, 13,18.14371637742559,0.0,0.0,0.0,0.0,false,, 2.0
2024-10-03 12:38:38 +0000,Cable Rear Delt Fly, 8,9.071858188712795,0.0,0.0,0.0,0.0,false,, 2.0
2024-10-03 12:38:38 +0000,Cable Rear Delt Fly, 10,9.071858188712795,0.0,0.0,0.0,0.0,false,, 2.0
2024-10-03 12:38:38 +0000,Cable Rear Delt Fly, 11,9.071858188712795,0.0,0.0,0.0,0.0,false,, 2.0
2024-10-03 12:38:38 +0000,Seated Barbell Shoulder Press, 10,31.75150366049478,0.0,0.0,0.0,0.0,false,, 1.0
2024-10-03 12:38:38 +0000,Seated Barbell Shoulder Press, 10,31.75150366049478,0.0,0.0,0.0,0.0,false,, 1.0
2024-10-03 12:38:38 +0000,Seated Barbell Shoulder Press, 10,31.75150366049478,0.0,0.0,0.0,0.0,false,, 1.0
2024-10-03 12:38:38 +0000,Dip, 8,0.0,0.0,0.0,0.0,0.0,false,, 1.0
2024-10-03 12:38:38 +0000,Dip, 8,0.0,0.0,0.0,0.0,0.0,false,, 1.0
2024-10-03 12:38:38 +0000,Dip, 8,0.0,0.0,0.0,0.0,0.0,false,, 1.0
2024-10-03 12:38:38 +0000,Dip, 8,0.0,0.0,0.0,0.0,0.0,false,, 1.0
2024-10-03 12:38:38 +0000,Dip, 8,0.0,0.0,0.0,0.0,0.0,false,, 1.0
2024-10-02 13:05:42 +0000,Dumbbell Step Up, 8,13.607787283069193,0.0,0.0,0.0,0.0,false,, 4.0
2024-10-02 13:05:42 +0000,Dumbbell Step Up, 8,13.607787283069193,0.0,0.0,0.0,0.0,false,, 4.0
2024-10-02 13:05:42 +0000,Dumbbell Step Up, 10,13.607787283069193,0.0,0.0,0.0,0.0,false,, 4.0
2024-10-02 13:05:42 +0000,Single Leg Glute Bridge, 0,0.0,11.0,0.0,0.0,0.0,false,, 0.0
2024-10-02 13:05:42 +0000,Single Leg Glute Bridge, 0,0.0,11.0,0.0,0.0,0.0,false,, 0.0
2024-10-02 13:05:42 +0000,Single Leg Glute Bridge, 0,0.0,11.0,0.0,0.0,0.0,false,, 0.0
2024-10-02 13:05:42 +0000,Leg Extension, 8,72.57486550970236,0.0,0.0,0.0,0.0,true,, 1.0
2024-10-02 13:05:42 +0000,Leg Extension, 3,90.71858188712795,0.0,0.0,0.0,0.0,true,, 1.0
2024-10-02 13:05:42 +0000,Leg Extension, 5,99.79044007584075,0.0,0.0,0.0,0.0,false,, 1.0
2024-10-02 13:05:42 +0000,Leg Extension, 5,99.79044007584075,0.0,0.0,0.0,0.0,false,, 1.0
2024-10-02 13:05:42 +0000,Leg Extension, 10,99.79044007584075,0.0,0.0,0.0,0.0,false,, 1.0
2024-10-02 13:05:42 +0000,Seated Leg Curl, 8,38.55539730202938,0.0,0.0,0.0,0.0,true,, 1.0
2024-10-02 13:05:42 +0000,Seated Leg Curl, 10,68.03893641534596,0.0,0.0,0.0,0.0,false,, 1.0
2024-10-02 13:05:42 +0000,Seated Leg Curl, 10,68.03893641534596,0.0,0.0,0.0,0.0,false,, 1.0
2024-10-02 13:05:42 +0000,Seated Leg Curl, 10,72.57486550970236,0.0,0.0,0.0,0.0,false,, 1.0
2024-10-02 13:05:42 +0000,Medicine Ball Glute Bridge, 17,9.071858188712795,60.0,0.0,0.0,0.0,false,, 0.0
2024-10-02 13:05:42 +0000,Medicine Ball Glute Bridge, 17,9.071858188712795,60.0,0.0,0.0,0.0,false,, 0.0
2024-10-02 13:05:42 +0000,Medicine Ball Glute Bridge, 17,9.071858188712795,60.0,0.0,0.0,0.0,false,, 0.0
2024-10-02 13:05:42 +0000,Hanging Knee Raise, 5,0.0,0.0,0.0,0.0,0.0,false,, 1.0
2024-10-02 13:05:42 +0000,Hanging Knee Raise, 8,0.0,0.0,0.0,0.0,0.0,false,, 1.0
2024-10-02 13:05:42 +0000,Hanging Knee Raise, 12,0.0,0.0,0.0,0.0,0.0,false,, 1.0
2024-10-02 13:05:42 +0000,Hanging Knee Raise, 12,0.0,0.0,0.0,0.0,0.0,false,, 1.0
2024-09-30 13:07:01 +0000,Pull Up, 7,0.0,0.0,0.0,0.0,0.0,false,, 1.0
2024-09-30 13:07:01 +0000,Pull Up, 7,0.0,0.0,0.0,0.0,0.0,false,, 1.0
2024-09-30 13:07:01 +0000,Pull Up, 7,0.0,0.0,0.0,0.0,0.0,false,, 1.0
2024-09-30 13:07:01 +0000,Pull Up, 7,0.0,0.0,0.0,0.0,0.0,false,, 1.0
2024-09-30 13:07:01 +0000,Preacher Curl, 7,18.14371637742559,0.0,0.0,0.0,0.0,false,, 1.0
2024-09-30 13:07:01 +0000,Preacher Curl, 7,22.67964547178199,0.0,0.0,0.0,0.0,false,, 1.0
2024-09-30 13:07:01 +0000,Preacher Curl, 8,27.215574566138386,0.0,0.0,0.0,0.0,false,, 1.0
2024-09-30 13:07:01 +0000,Preacher Curl, 8,27.215574566138386,0.0,0.0,0.0,0.0,false,, 1.0
2024-09-30 13:07:01 +0000,Cable Row, 8,45.35929094356398,0.0,0.0,0.0,0.0,true,, 1.0
2024-09-30 13:07:01 +0000,Cable Row, 8,74.84283005688056,0.0,0.0,0.0,0.0,false,, 1.0
2024-09-30 13:07:01 +0000,Cable Row, 8,74.84283005688056,0.0,0.0,0.0,0.0,false,, 1.0
2024-09-30 13:07:01 +0000,Cable Row, 8,74.84283005688056,0.0,0.0,0.0,0.0,false,, 1.0
2024-09-30 13:07:01 +0000,Dumbbell Drag Pause Curl, 11,9.071858188712795,0.0,0.0,0.0,0.0,false,, 2.0
2024-09-30 13:07:01 +0000,Dumbbell Drag Pause Curl, 11,9.071858188712795,0.0,0.0,0.0,0.0,false,, 2.0
2024-09-30 13:07:01 +0000,Dumbbell Shrug, 11,34.01946820767298,0.0,0.0,0.0,0.0,false,, 2.0
2024-09-30 13:07:01 +0000,Dumbbell Shrug, 11,34.01946820767298,0.0,0.0,0.0,0.0,false,, 2.0
2024-09-30 13:07:01 +0000,Jackknife Sit-Up, 16,0.0,0.0,0.0,0.0,0.0,false,, 1.0
2024-09-30 13:07:01 +0000,Jackknife Sit-Up, 16,0.0,0.0,0.0,0.0,0.0,false,, 1.0
2024-09-30 13:07:01 +0000,Jackknife Sit-Up, 16,0.0,0.0,0.0,0.0,0.0,false,, 1.0
2024-09-27 14:24:14 +0000,Barbell Bench Press, 8,49.895220037920375,0.0,0.0,0.0,0.0,true,, 1.0
2024-09-27 14:24:14 +0000,Barbell Bench Press, 7,83.91468824559335,0.0,0.0,0.0,0.0,false,, 1.0
2024-09-27 14:24:14 +0000,Barbell Bench Press, 7,83.91468824559335,0.0,0.0,0.0,0.0,false,, 1.0
2024-09-27 14:24:14 +0000,Barbell Bench Press, 7,83.91468824559335,0.0,0.0,0.0,0.0,false,, 1.0
2024-09-27 14:24:14 +0000,Barbell Front Raise, 6,18.14371637742559,0.0,0.0,0.0,0.0,false,, 1.0
2024-09-27 14:24:14 +0000,Barbell Front Raise, 6,18.14371637742559,0.0,0.0,0.0,0.0,false,, 1.0
2024-09-27 14:24:14 +0000,Barbell Front Raise, 6,18.14371637742559,0.0,0.0,0.0,0.0,false,, 1.0
2024-09-27 14:24:14 +0000,Push Up, 20,0.0,0.0,0.0,0.0,0.0,false,, 1.0
2024-09-27 14:24:14 +0000,Push Up, 20,0.0,0.0,0.0,0.0,0.0,false,, 1.0
2024-09-27 14:24:14 +0000,Push Up, 20,0.0,0.0,0.0,0.0,0.0,false,, 1.0
2024-09-27 14:24:14 +0000,Cable Rope Tricep Extension, 12,22.67964547178199,0.0,0.0,0.0,0.0,false,, 1.0
2024-09-27 14:24:14 +0000,Cable Rope Tricep Extension, 12,22.67964547178199,0.0,0.0,0.0,0.0,false,, 1.0
2024-09-27 14:24:14 +0000,Cable Rope Tricep Extension, 12,22.67964547178199,0.0,0.0,0.0,0.0,false,, 1.0
2024-09-27 14:24:14 +0000,Machine Tricep Extension, 8,22.67964547178199,0.0,0.0,0.0,0.0,true,, 1.0
2024-09-27 14:24:14 +0000,Machine Tricep Extension, 10,38.55539730202938,0.0,0.0,0.0,0.0,false,, 1.0
2024-09-27 14:24:14 +0000,Machine Tricep Extension, 10,38.55539730202938,0.0,0.0,0.0,0.0,false,, 1.0
2024-09-27 14:24:14 +0000,Machine Tricep Extension, 10,38.55539730202938,0.0,0.0,0.0,0.0,false,, 1.0
2024-09-27 14:24:14 +0000,Side Leg Kick, 10,0.0,0.0,0.0,0.0,0.0,false,, 2.0
2024-09-27 14:24:14 +0000,Side Leg Kick, 10,0.0,0.0,0.0,0.0,0.0,false,, 2.0
2024-09-27 14:24:14 +0000,Side Leg Kick, 10,0.0,0.0,0.0,0.0,0.0,false,, 2.0
2024-09-27 14:24:14 +0000,Side Leg Kick, 10,0.0,0.0,0.0,0.0,0.0,false,, 2.0
2024-09-27 14:24:14 +0000,Side Leg Kick, 10,0.0,0.0,0.0,0.0,0.0,false,, 2.0
2024-09-26 22:13:18 +0000,Barbell Back Squat with Deep Partial Squat, 6,43.091326396385774,0.0,0.0,0.0,0.0,true,, 1.0
2024-09-26 22:13:18 +0000,Barbell Back Squat with Deep Partial Squat, 5,61.235042773811365,0.0,0.0,0.0,0.0,false,, 1.0
2024-09-26 22:13:18 +0000,Barbell Back Squat with Deep Partial Squat, 5,61.235042773811365,0.0,0.0,0.0,0.0,false,, 1.0
2024-09-26 22:13:18 +0000,Barbell Back Squat with Deep Partial Squat, 5,61.235042773811365,0.0,0.0,0.0,0.0,false,, 1.0
2024-09-26 22:13:18 +0000,Barbell Back Squat with Deep Partial Squat, 5,61.235042773811365,0.0,0.0,0.0,0.0,false,, 1.0
2024-09-26 22:13:18 +0000,Barbell Back Squat with Deep Partial Squat, 5,61.235042773811365,0.0,0.0,0.0,0.0,false,, 1.0
2024-09-26 22:13:18 +0000,Elevated Hip Bridge, 14,0.0,0.0,0.0,0.0,0.0,false,, 1.0
2024-09-26 22:13:18 +0000,Elevated Hip Bridge, 14,0.0,0.0,0.0,0.0,0.0,false,, 1.0
2024-09-26 22:13:18 +0000,Elevated Hip Bridge, 14,0.0,0.0,0.0,0.0,0.0,false,, 1.0
2024-09-26 22:13:18 +0000,Leg Press, 12,122.47008554762273,0.0,0.0,0.0,0.0,false,, 1.0
2024-09-26 22:13:18 +0000,Leg Press, 12,122.47008554762273,0.0,0.0,0.0,0.0,false,, 1.0
2024-09-26 22:13:18 +0000,Leg Press, 15,163.29344739683032,0.0,0.0,0.0,0.0,false,, 1.0
2024-09-26 22:13:18 +0000,Leg Press, 15,163.29344739683032,0.0,0.0,0.0,0.0,false,, 1.0
2024-09-26 22:13:18 +0000,Lying Hamstrings Curl, 8,34.01946820767298,0.0,0.0,0.0,0.0,true,, 1.0
2024-09-26 22:13:18 +0000,Lying Hamstrings Curl, 11,56.69911367945497,0.0,0.0,0.0,0.0,false,, 1.0
2024-09-26 22:13:18 +0000,Lying Hamstrings Curl, 11,56.69911367945497,0.0,0.0,0.0,0.0,false,, 1.0
2024-09-26 22:13:18 +0000,Lying Hamstrings Curl, 11,56.69911367945497,0.0,0.0,0.0,0.0,false,, 1.0
2024-09-26 22:13:18 +0000,Medicine Ball Hip Thrusts, 17,13.607787283069193,0.0,0.0,0.0,0.0,false,, 1.0
2024-09-26 22:13:18 +0000,Medicine Ball Hip Thrusts, 17,13.607787283069193,0.0,0.0,0.0,0.0,false,, 1.0
2024-09-26 22:13:18 +0000,Medicine Ball Hip Thrusts, 17,13.607787283069193,0.0,0.0,0.0,0.0,false,, 1.0
2024-09-26 22:13:18 +0000,Scissor Crossover Kick, 21,0.0,0.0,0.0,0.0,0.0,false,, 2.0
2024-09-26 22:13:18 +0000,Scissor Crossover Kick, 21,0.0,0.0,0.0,0.0,0.0,false,, 2.0
2024-09-26 22:13:18 +0000,Scissor Crossover Kick, 21,0.0,0.0,0.0,0.0,0.0,false,, 2.0
2024-09-25 16:32:51 +0000,Neutral Grip Pull Up, 7,0.0,0.0,0.0,0.0,0.0,false,, 1.0
2024-09-25 16:32:51 +0000,Neutral Grip Pull Up, 7,0.0,0.0,0.0,0.0,0.0,false,, 1.0
2024-09-25 16:32:51 +0000,Hammer Curls, 8,13.607787283069193,0.0,0.0,0.0,0.0,false,, 2.0
2024-09-25 16:32:51 +0000,Hammer Curls, 8,13.607787283069193,0.0,0.0,0.0,0.0,false,, 2.0
2024-09-25 16:32:51 +0000,Hammer Curls, 8,13.607787283069193,0.0,0.0,0.0,0.0,false,, 2.0
2024-09-25 16:32:51 +0000,Dumbbell Pause Curl, 4,13.607787283069193,0.0,0.0,0.0,0.0,false,, 2.0
2024-09-25 16:32:51 +0000,Dumbbell Pause Curl, 4,13.607787283069193,0.0,0.0,0.0,0.0,false,, 2.0
2024-09-25 16:32:51 +0000,Dumbbell Pause Curl, 4,13.607787283069193,0.0,0.0,0.0,0.0,false,, 2.0
2024-09-25 16:32:51 +0000,Lat Pulldown, 8,45.35929094356398,0.0,0.0,0.0,0.0,true,, 1.0
2024-09-25 16:32:51 +0000,Lat Pulldown, 4,72.57486550970236,0.0,0.0,0.0,0.0,false,, 1.0
2024-09-25 16:32:51 +0000,Lat Pulldown, 4,72.57486550970236,0.0,0.0,0.0,0.0,false,, 1.0
2024-09-25 16:32:51 +0000,Lat Pulldown, 4,72.57486550970236,0.0,0.0,0.0,0.0,false,, 1.0
2024-09-25 16:32:51 +0000,Lat Pulldown, 4,72.57486550970236,0.0,0.0,0.0,0.0,false,, 1.0
2024-09-25 16:32:51 +0000,Lat Pulldown, 4,72.57486550970236,0.0,0.0,0.0,0.0,false,, 1.0
2024-09-25 16:32:51 +0000,Machine Preacher Curl, 6,31.75150366049478,0.0,0.0,0.0,0.0,false,, 1.0
2024-09-25 16:32:51 +0000,Machine Preacher Curl, 6,31.75150366049478,0.0,0.0,0.0,0.0,false,, 1.0
2024-09-25 16:32:51 +0000,Machine Preacher Curl, 6,31.75150366049478,0.0,0.0,0.0,0.0,false,, 1.0
2024-09-25 16:32:51 +0000,Machine Preacher Curl, 6,31.75150366049478,0.0,0.0,0.0,0.0,false,, 1.0
2024-09-25 16:32:51 +0000,Machine Preacher Curl, 6,31.75150366049478,0.0,0.0,0.0,0.0,false,, 1.0
2024-09-25 16:32:51 +0000,Vertical Knee Raise, 15,0.0,0.0,0.0,0.0,0.0,false,, 1.0
2024-09-25 16:32:51 +0000,Vertical Knee Raise, 15,0.0,0.0,0.0,0.0,0.0,false,, 1.0
2024-09-25 16:32:51 +0000,Vertical Knee Raise, 15,0.0,0.0,0.0,0.0,0.0,false,, 1.0
2024-09-25 16:32:51 +0000,Vertical Knee Raise, 15,0.0,0.0,0.0,0.0,0.0,false,, 1.0
2024-09-25 16:32:51 +0000,Kettlebell Alternating Row, 9,19.958088015168148,0.0,0.0,0.0,0.0,false,, 2.0
2024-09-25 16:32:51 +0000,Kettlebell Alternating Row, 9,19.958088015168148,0.0,0.0,0.0,0.0,false,, 2.0
2024-09-24 16:14:15 +0000,Close-Grip Bench Press, 8,43.091326396385774,0.0,0.0,0.0,0.0,true,, 1.0
2024-09-24 16:14:15 +0000,Close-Grip Bench Press, 8,70.30690096252415,0.0,0.0,0.0,0.0,false,, 1.0
2024-09-24 16:14:15 +0000,Close-Grip Bench Press, 8,70.30690096252415,0.0,0.0,0.0,0.0,false,, 1.0
2024-09-24 16:14:15 +0000,Close-Grip Bench Press, 8,70.30690096252415,0.0,0.0,0.0,0.0,false,, 1.0
2024-09-24 16:14:15 +0000,Close-Grip Bench Press, 8,70.30690096252415,0.0,0.0,0.0,0.0,false,, 1.0
2024-09-24 16:14:15 +0000,Dumbbell Bench Press, 7,31.75150366049478,0.0,0.0,0.0,0.0,false,, 2.0
2024-09-24 16:14:15 +0000,Dumbbell Bench Press, 7,31.75150366049478,0.0,0.0,0.0,0.0,false,, 2.0
2024-09-24 16:14:15 +0000,Dumbbell Bench Press, 7,31.75150366049478,0.0,0.0,0.0,0.0,false,, 2.0
2024-09-24 16:14:15 +0000,Dumbbell Bench Press, 7,31.75150366049478,0.0,0.0,0.0,0.0,false,, 2.0
2024-09-24 16:14:15 +0000,Barbell Shoulder Press, 4,40.82336184920758,0.0,0.0,0.0,0.0,false,, 1.0
2024-09-24 16:14:15 +0000,Barbell Shoulder Press, 4,40.82336184920758,0.0,0.0,0.0,0.0,false,, 1.0
2024-09-24 16:14:15 +0000,Barbell Shoulder Press, 4,40.82336184920758,0.0,0.0,0.0,0.0,false,, 1.0
2024-09-24 16:14:15 +0000,Barbell Shoulder Press, 4,40.82336184920758,0.0,0.0,0.0,0.0,false,, 1.0
2024-09-24 16:14:15 +0000,Hammerstrength Decline Chest Press, 8,20.41168092460379,0.0,0.0,0.0,0.0,true,, 2.0
2024-09-24 16:14:15 +0000,Hammerstrength Decline Chest Press, 12,36.28743275485118,0.0,0.0,0.0,0.0,false,, 2.0
2024-09-24 16:14:15 +0000,Hammerstrength Decline Chest Press, 13,36.28743275485118,0.0,0.0,0.0,0.0,false,, 2.0
2024-09-24 16:14:15 +0000,Machine Tricep Dip, 10,52.16318458509857,0.0,0.0,0.0,0.0,false,, 1.0
2024-09-24 16:14:15 +0000,Machine Tricep Dip, 10,65.77097186816776,0.0,0.0,0.0,0.0,false,, 1.0
2024-09-24 16:14:15 +0000,Machine Tricep Dip, 13,77.11079460405875,0.0,0.0,0.0,0.0,false,, 1.0
2024-09-24 16:14:15 +0000,Machine Tricep Dip, 11,77.11079460405875,0.0,0.0,0.0,0.0,false,, 1.0
2024-09-24 16:14:15 +0000,Machine Shoulder Press, 7,27.215574566138386,0.0,0.0,0.0,0.0,false,, 1.0
2024-09-24 16:14:15 +0000,Machine Shoulder Press, 7,29.483539113316585,0.0,0.0,0.0,0.0,false,, 1.0
2024-09-24 16:14:15 +0000,Machine Shoulder Press, 7,31.75150366049478,0.0,0.0,0.0,0.0,false,, 1.0
2024-09-24 16:14:15 +0000,Superman, 15,0.0,0.0,0.0,0.0,0.0,false,, 1.0
2024-09-24 16:14:15 +0000,Superman, 15,0.0,0.0,0.0,0.0,0.0,false,, 1.0
2024-09-24 16:14:15 +0000,Superman, 15,0.0,0.0,0.0,0.0,0.0,false,, 1.0
2024-09-23 16:21:23 +0000,Kettlebell Sumo Squat, 8,15.87575183024739,0.0,0.0,0.0,0.0,true,, 1.0
2024-09-23 16:21:23 +0000,Kettlebell Sumo Squat, 14,19.958088015168148,0.0,0.0,0.0,0.0,false,, 1.0
2024-09-23 16:21:23 +0000,Kettlebell Sumo Squat, 14,19.958088015168148,0.0,0.0,0.0,0.0,false,, 1.0
2024-09-23 16:21:23 +0000,Kettlebell Sumo Squat, 14,19.958088015168148,0.0,0.0,0.0,0.0,false,, 1.0
2024-09-23 16:21:23 +0000,Kettlebell Sumo Squat, 14,19.958088015168148,0.0,0.0,0.0,0.0,false,, 1.0
2024-09-23 16:21:23 +0000,Machine Leg Press, 8,72.57486550970236,0.0,0.0,0.0,0.0,true,, 1.0
2024-09-23 16:21:23 +0000,Machine Leg Press, 5,92.98654643430615,0.0,0.0,0.0,0.0,false,, 1.0
2024-09-23 16:21:23 +0000,Machine Leg Press, 5,92.98654643430615,0.0,0.0,0.0,0.0,false,, 1.0
2024-09-23 16:21:23 +0000,Machine Leg Press, 5,92.98654643430615,0.0,0.0,0.0,0.0,false,, 1.0
2024-09-23 16:21:23 +0000,Machine Leg Press, 5,92.98654643430615,0.0,0.0,0.0,0.0,false,, 1.0
2024-09-23 16:21:23 +0000,Single Leg Standing Calf Raise, 10,0.0,0.0,0.0,0.0,0.0,false,, 2.0
2024-09-23 16:21:23 +0000,Single Leg Standing Calf Raise, 10,0.0,0.0,0.0,0.0,0.0,false,, 2.0
2024-09-23 16:21:23 +0000,Single Leg Standing Calf Raise, 10,0.0,0.0,0.0,0.0,0.0,false,, 2.0
2024-09-23 16:21:23 +0000,Romanian Deadlift, 8,61.235042773811365,0.0,0.0,0.0,0.0,false,, 1.0
2024-09-23 16:21:23 +0000,Romanian Deadlift, 8,83.91468824559335,0.0,0.0,0.0,0.0,false,, 1.0
2024-09-23 16:21:23 +0000,Romanian Deadlift, 11,95.25451098148434,0.0,0.0,0.0,0.0,false,, 1.0
2024-09-23 16:21:23 +0000,Romanian Deadlift, 11,95.25451098148434,0.0,0.0,0.0,0.0,false,, 1.0
2024-09-23 16:21:23 +0000,Walking Lunge, 12,0.0,0.0,0.0,0.0,0.0,false,, 2.0
2024-09-23 16:21:23 +0000,Walking Lunge, 12,0.0,0.0,0.0,0.0,0.0,false,, 2.0
2024-09-23 16:21:23 +0000,Walking Lunge, 12,0.0,0.0,0.0,0.0,0.0,false,, 2.0
2024-09-23 16:21:23 +0000,Split Squat, 4,20.41168092460379,0.0,0.0,0.0,0.0,true,, 2.0
2024-09-23 16:21:23 +0000,Split Squat, 2,52.16318458509857,0.0,0.0,0.0,0.0,false,, 2.0
2024-09-23 16:21:23 +0000,Split Squat, 3,52.16318458509857,0.0,0.0,0.0,0.0,false,, 2.0
2024-09-23 16:21:23 +0000,Split Squat, 4,52.16318458509857,0.0,0.0,0.0,0.0,false,, 2.0
2024-09-23 16:21:23 +0000,Decline Sit Up, 11,0.0,0.0,0.0,0.0,0.0,false,, 1.0
2024-09-23 16:21:23 +0000,Decline Sit Up, 11,0.0,0.0,0.0,0.0,0.0,false,, 1.0
2024-09-23 16:21:23 +0000,Decline Sit Up, 11,0.0,0.0,0.0,0.0,0.0,false,, 1.0
2024-09-21 13:31:49 +0000,Cable Row, 8,45.35929094356398,0.0,0.0,0.0,0.0,true,, 1.0
2024-09-21 13:31:49 +0000,Cable Row, 8,74.84283005688056,0.0,0.0,0.0,0.0,false,, 1.0
2024-09-21 13:31:49 +0000,Cable Row, 8,77.11079460405875,0.0,0.0,0.0,0.0,false,, 1.0
2024-09-21 13:31:49 +0000,Cable Row, 8,77.11079460405875,0.0,0.0,0.0,0.0,false,, 1.0
2024-09-21 13:31:49 +0000,Wide Grip Barbell Curl, 15,15.87575183024739,0.0,0.0,0.0,0.0,false,, 1.0
2024-09-21 13:31:49 +0000,Wide Grip Barbell Curl, 15,15.87575183024739,0.0,0.0,0.0,0.0,false,, 1.0
2024-09-21 13:31:49 +0000,Wide Grip Barbell Curl, 15,15.87575183024739,0.0,0.0,0.0,0.0,false,, 1.0
2024-09-21 13:31:49 +0000,Wide Grip Barbell Curl, 17,15.87575183024739,0.0,0.0,0.0,0.0,false,, 1.0
2024-09-21 13:31:49 +0000,Trap Bar Bent Over Row, 8,20.41168092460379,0.0,0.0,0.0,0.0,true,, 1.0
2024-09-21 13:31:49 +0000,Trap Bar Bent Over Row, 10,43.091326396385774,0.0,0.0,0.0,0.0,false,, 1.0
2024-09-21 13:31:49 +0000,Trap Bar Bent Over Row, 10,43.091326396385774,0.0,0.0,0.0,0.0,false,, 1.0
2024-09-21 13:31:49 +0000,Trap Bar Bent Over Row, 10,43.091326396385774,0.0,0.0,0.0,0.0,false,, 1.0
2024-09-21 13:31:49 +0000,Hammerstrength High Row, 8,20.41168092460379,0.0,0.0,0.0,0.0,true,, 2.0
2024-09-21 13:31:49 +0000,Hammerstrength High Row, 8,29.483539113316585,0.0,0.0,0.0,0.0,false,, 2.0
2024-09-21 13:31:49 +0000,Hammerstrength High Row, 9,31.75150366049478,0.0,0.0,0.0,0.0,false,, 2.0
2024-09-21 13:31:49 +0000,Hammerstrength High Row, 9,31.75150366049478,0.0,0.0,0.0,0.0,false,, 2.0
2024-09-21 13:31:49 +0000,Hammerstrength High Row, 10,31.75150366049478,0.0,0.0,0.0,0.0,false,, 2.0
2024-09-21 13:31:49 +0000,Dumbbell Bicep Curl, 6,15.87575183024739,0.0,0.0,0.0,0.0,false,, 2.0
2024-09-21 13:31:49 +0000,Dumbbell Bicep Curl, 7,15.87575183024739,0.0,0.0,0.0,0.0,false,, 2.0
2024-09-21 13:31:49 +0000,Dumbbell Bicep Curl, 8,15.87575183024739,0.0,0.0,0.0,0.0,false,, 2.0
2024-09-21 13:31:49 +0000,Side Leg Kick, 5,0.0,0.0,0.0,0.0,0.0,false,, 2.0
2024-09-21 13:31:49 +0000,Side Leg Kick, 7,0.0,0.0,0.0,0.0,0.0,false,, 2.0
2024-09-21 13:31:49 +0000,Side Leg Kick, 11,0.0,0.0,0.0,0.0,0.0,false,, 2.0
2024-09-21 13:31:49 +0000,Side Leg Kick, 11,0.0,0.0,0.0,0.0,0.0,false,, 2.0
2024-09-21 13:31:49 +0000,Alternating Heel Touch, 13,0.0,0.0,0.0,0.0,0.0,false,, 2.0
2024-09-21 13:31:49 +0000,Alternating Heel Touch, 13,0.0,0.0,0.0,0.0,0.0,false,, 2.0
2024-09-21 13:31:49 +0000,Alternating Heel Touch, 14,0.0,0.0,0.0,0.0,0.0,false,, 2.0
2024-09-21 00:16:27 +0000,Barbell Bench Press, 8,49.895220037920375,0.0,0.0,0.0,0.0,true,, 1.0
2024-09-21 00:16:27 +0000,Barbell Bench Press, 6,83.91468824559335,0.0,0.0,0.0,0.0,false,, 1.0
2024-09-21 00:16:27 +0000,Barbell Bench Press, 6,83.91468824559335,0.0,0.0,0.0,0.0,false,, 1.0
2024-09-21 00:16:27 +0000,Barbell Bench Press, 6,83.91468824559335,0.0,0.0,0.0,0.0,false,, 1.0
2024-09-21 00:16:27 +0000,Barbell Bench Press, 6,83.91468824559335,0.0,0.0,0.0,0.0,false,, 1.0
2024-09-21 00:16:27 +0000,Dip, 9,0.0,0.0,0.0,0.0,0.0,false,, 1.0
2024-09-21 00:16:27 +0000,Dip, 10,0.0,0.0,0.0,0.0,0.0,false,, 1.0
2024-09-21 00:16:27 +0000,Dip, 11,0.0,0.0,0.0,0.0,0.0,false,, 1.0
2024-09-21 00:16:27 +0000,Dumbbell Fly, 7,15.87575183024739,0.0,0.0,0.0,0.0,false,, 2.0
2024-09-21 00:16:27 +0000,Dumbbell Fly, 7,15.87575183024739,0.0,0.0,0.0,0.0,false,, 2.0
2024-09-21 00:16:27 +0000,Dumbbell Fly, 7,15.87575183024739,0.0,0.0,0.0,0.0,false,, 2.0
2024-09-21 00:16:27 +0000,Dumbbell Fly, 7,15.87575183024739,0.0,0.0,0.0,0.0,false,, 2.0
2024-09-21 00:16:27 +0000,Dumbbell Tricep Extension, 10,15.87575183024739,0.0,0.0,0.0,0.0,false,, 1.0
2024-09-21 00:16:27 +0000,Dumbbell Tricep Extension, 10,15.87575183024739,0.0,0.0,0.0,0.0,false,, 1.0
2024-09-21 00:16:27 +0000,Dumbbell Tricep Extension, 10,15.87575183024739,0.0,0.0,0.0,0.0,false,, 1.0
2024-09-21 00:16:27 +0000,Dumbbell Tricep Extension, 10,15.87575183024739,0.0,0.0,0.0,0.0,false,, 1.0
2024-09-21 00:16:27 +0000,Kettlebell Upright Row, 6,15.87575183024739,0.0,0.0,0.0,0.0,false,, 1.0
2024-09-21 00:16:27 +0000,Kettlebell Upright Row, 6,19.958088015168148,0.0,0.0,0.0,0.0,false,, 1.0
2024-09-21 00:16:27 +0000,Kettlebell Upright Row, 15,24.040424200088907,0.0,0.0,0.0,0.0,false,, 1.0
2024-09-21 00:16:27 +0000,Kettlebell Upright Row, 15,24.040424200088907,0.0,0.0,0.0,0.0,false,, 1.0
2024-09-21 00:16:27 +0000,Back Extensions, 20,0.0,0.0,0.0,0.0,0.0,false,, 1.0
2024-09-21 00:16:27 +0000,Back Extensions, 20,0.0,0.0,0.0,0.0,0.0,false,, 1.0
2024-09-21 00:16:27 +0000,Back Extensions, 20,0.0,0.0,0.0,0.0,0.0,false,, 1.0
2024-09-21 00:16:27 +0000,Back Extensions, 20,0.0,0.0,0.0,0.0,0.0,false,, 1.0
2024-09-21 00:16:27 +0000,Back Extensions, 20,0.0,0.0,0.0,0.0,0.0,false,, 1.0
2024-09-21 00:16:27 +0000,Ab Crunch Machine, 8,56.69911367945497,0.0,0.0,0.0,0.0,false,, 1.0
2024-09-21 00:16:27 +0000,Ab Crunch Machine, 8,70.30690096252415,0.0,0.0,0.0,0.0,false,, 1.0
2024-09-21 00:16:27 +0000,Ab Crunch Machine, 12,77.11079460405875,0.0,0.0,0.0,0.0,false,, 1.0
2024-09-21 00:16:27 +0000,Ab Crunch Machine, 10,77.11079460405875,0.0,0.0,0.0,0.0,false,, 1.0
2024-09-21 00:16:27 +0000,Push Up, 21,0.0,0.0,0.0,0.0,0.0,false,, 1.0
2024-09-21 00:16:27 +0000,Push Up, 21,0.0,0.0,0.0,0.0,0.0,false,, 1.0
2024-09-21 00:16:27 +0000,Push Up, 21,0.0,0.0,0.0,0.0,0.0,false,, 1.0
2024-09-19 15:18:32 +0000,Back Squat, 8,61.235042773811365,0.0,0.0,0.0,0.0,true,, 1.0
2024-09-19 15:18:32 +0000,Back Squat, 3,92.98654643430615,0.0,0.0,0.0,0.0,true,, 1.0
2024-09-19 15:18:32 +0000,Back Squat, 6,106.59433371737533,0.0,0.0,0.0,0.0,false,, 1.0
2024-09-19 15:18:32 +0000,Back Squat, 6,106.59433371737533,0.0,0.0,0.0,0.0,false,, 1.0
2024-09-19 15:18:32 +0000,Back Squat, 6,106.59433371737533,0.0,0.0,0.0,0.0,false,, 1.0
2024-09-19 15:18:32 +0000,Step Up, 21,0.0,0.0,0.0,0.0,0.0,false,, 2.0
2024-09-19 15:18:32 +0000,Step Up, 21,0.0,0.0,0.0,0.0,0.0,false,, 2.0
2024-09-19 15:18:32 +0000,Step Up, 21,0.0,0.0,0.0,0.0,0.0,false,, 2.0
2024-09-19 15:18:32 +0000,Medicine Ball Reverse Lunge, 8,13.607787283069193,0.0,0.0,0.0,0.0,false,, 2.0
2024-09-19 15:18:32 +0000,Medicine Ball Reverse Lunge, 8,13.607787283069193,0.0,0.0,0.0,0.0,false,, 2.0
2024-09-19 15:18:32 +0000,Medicine Ball Reverse Lunge, 8,13.607787283069193,0.0,0.0,0.0,0.0,false,, 2.0
2024-09-19 15:18:32 +0000,Sled Drag, 0,61.235042773811365,0.0,36.575998829568036,0.0,0.0,false,, 0.0
2024-09-19 15:18:32 +0000,Sled Drag, 0,61.235042773811365,0.0,36.575998829568036,0.0,0.0,false,, 0.0
2024-09-19 15:18:32 +0000,Sled Drag, 0,61.235042773811365,0.0,36.575998829568036,0.0,0.0,false,, 0.0
2024-09-19 15:18:32 +0000,Seated Leg Curl, 8,34.01946820767298,0.0,0.0,0.0,0.0,true,, 1.0
2024-09-19 15:18:32 +0000,Seated Leg Curl, 6,56.69911367945497,0.0,0.0,0.0,0.0,false,, 1.0
2024-09-19 15:18:32 +0000,Seated Leg Curl, 6,58.96707822663317,0.0,0.0,0.0,0.0,false,, 1.0
2024-09-19 15:18:32 +0000,Seated Leg Curl, 6,61.235042773811365,0.0,0.0,0.0,0.0,false,, 1.0
2024-09-19 15:18:32 +0000,Seated Leg Curl, 6,65.77097186816776,0.0,0.0,0.0,0.0,false,, 1.0
2024-09-19 15:18:32 +0000,Standing Machine Calf Press, 6,161.02548284965212,0.0,0.0,0.0,0.0,false,, 1.0
2024-09-19 15:18:32 +0000,Standing Machine Calf Press, 6,161.02548284965212,0.0,0.0,0.0,0.0,false,, 1.0
2024-09-19 15:18:32 +0000,Standing Machine Calf Press, 6,161.02548284965212,0.0,0.0,0.0,0.0,false,, 1.0
2024-09-19 15:18:32 +0000,Standing Machine Calf Press, 6,163.29344739683032,0.0,0.0,0.0,0.0,false,, 1.0
2024-09-19 15:18:32 +0000,Side Leg Kick, 10,0.0,0.0,0.0,0.0,0.0,false,, 2.0
2024-09-19 15:18:32 +0000,Side Leg Kick, 10,0.0,0.0,0.0,0.0,0.0,false,, 2.0
2024-09-19 15:18:32 +0000,Side Leg Kick, 10,0.0,0.0,0.0,0.0,0.0,false,, 2.0
2024-09-18 15:07:04 +0000,Chin Up, 8,0.0,0.0,0.0,0.0,0.0,false,, 1.0
2024-09-18 15:07:04 +0000,Chin Up, 8,0.0,0.0,0.0,0.0,0.0,false,, 1.0
2024-09-18 15:07:04 +0000,Chin Up, 8,0.0,0.0,0.0,0.0,0.0,false,, 1.0
2024-09-18 15:07:04 +0000,Chin Up, 8,0.0,0.0,0.0,0.0,0.0,false,, 1.0
2024-09-18 15:07:04 +0000,Bent Over Barbell Row, 10,43.091326396385774,0.0,0.0,0.0,0.0,false,, 1.0
2024-09-18 15:07:04 +0000,Bent Over Barbell Row, 10,52.16318458509857,0.0,0.0,0.0,0.0,false,, 1.0
2024-09-18 15:07:04 +0000,Bent Over Barbell Row, 12,61.235042773811365,0.0,0.0,0.0,0.0,false,, 1.0
2024-09-18 15:07:04 +0000,Bent Over Barbell Row, 15,61.235042773811365,0.0,0.0,0.0,0.0,false,, 1.0
2024-09-18 15:07:04 +0000,EZ-Bar Curl, 13,22.67964547178199,0.0,0.0,0.0,0.0,false,, 1.0
2024-09-18 15:07:04 +0000,EZ-Bar Curl, 13,22.67964547178199,0.0,0.0,0.0,0.0,false,, 1.0
2024-09-18 15:07:04 +0000,EZ-Bar Curl, 13,22.67964547178199,0.0,0.0,0.0,0.0,false,, 1.0
2024-09-18 15:07:04 +0000,EZ-Bar Curl, 13,22.67964547178199,0.0,0.0,0.0,0.0,false,, 1.0
2024-09-18 15:07:04 +0000,Machine Preacher Curl, 8,20.41168092460379,0.0,0.0,0.0,0.0,true,, 1.0
2024-09-18 15:07:04 +0000,Machine Preacher Curl, 12,34.01946820767298,0.0,0.0,0.0,0.0,false,, 1.0
2024-09-18 15:07:04 +0000,Machine Preacher Curl, 12,34.01946820767298,0.0,0.0,0.0,0.0,false,, 1.0
2024-09-18 15:07:04 +0000,Machine Preacher Curl, 12,34.01946820767298,0.0,0.0,0.0,0.0,false,, 1.0
2024-09-18 15:07:04 +0000,Hammerstrength Iso Row, 8,47.62725549074217,0.0,0.0,0.0,0.0,false,, 2.0
2024-09-18 15:07:04 +0000,Hammerstrength Iso Row, 8,47.62725549074217,0.0,0.0,0.0,0.0,false,, 2.0
2024-09-18 15:07:04 +0000,Hammerstrength Iso Row, 8,47.62725549074217,0.0,0.0,0.0,0.0,false,, 2.0
2024-09-18 15:07:04 +0000,Hammerstrength Iso Row, 8,47.62725549074217,0.0,0.0,0.0,0.0,false,, 2.0
2024-09-18 15:07:04 +0000,Vertical Knee Raise, 7,0.0,0.0,0.0,0.0,0.0,false,, 1.0
2024-09-18 15:07:04 +0000,Vertical Knee Raise, 11,0.0,0.0,0.0,0.0,0.0,false,, 1.0
2024-09-18 15:07:04 +0000,Vertical Knee Raise, 18,0.0,0.0,0.0,0.0,0.0,false,, 1.0
2024-09-18 15:07:04 +0000,Vertical Knee Raise, 18,0.0,0.0,0.0,0.0,0.0,false,, 1.0
2024-09-17 14:07:25 +0000,Barbell Incline Bench Press, 8,43.091326396385774,0.0,0.0,0.0,0.0,true,, 1.0
2024-09-17 14:07:25 +0000,Barbell Incline Bench Press, 5,72.57486550970236,0.0,0.0,0.0,0.0,false,, 1.0
2024-09-17 14:07:25 +0000,Barbell Incline Bench Press, 5,72.57486550970236,0.0,0.0,0.0,0.0,false,, 1.0
2024-09-17 14:07:25 +0000,Barbell Incline Bench Press, 5,72.57486550970236,0.0,0.0,0.0,0.0,false,, 1.0
2024-09-17 14:07:25 +0000,Barbell Incline Bench Press, 5,72.57486550970236,0.0,0.0,0.0,0.0,false,, 1.0
2024-09-17 14:07:25 +0000,Barbell Incline Bench Press, 5,72.57486550970236,0.0,0.0,0.0,0.0,false,, 1.0
2024-09-17 14:07:25 +0000,Cable Tricep Pushdown, 8,19.27769865101469,0.0,0.0,0.0,0.0,true,, 1.0
2024-09-17 14:07:25 +0000,Cable Tricep Pushdown, 10,31.75150366049478,0.0,0.0,0.0,0.0,false,, 1.0
2024-09-17 14:07:25 +0000,Cable Tricep Pushdown, 10,31.75150366049478,0.0,0.0,0.0,0.0,false,, 1.0
2024-09-17 14:07:25 +0000,Cable Tricep Pushdown, 10,31.75150366049478,0.0,0.0,0.0,0.0,false,, 1.0
2024-09-17 14:07:25 +0000,Dumbbell Shoulder Press, 8,15.87575183024739,0.0,0.0,0.0,0.0,false,, 2.0
2024-09-17 14:07:25 +0000,Dumbbell Shoulder Press, 8,15.87575183024739,0.0,0.0,0.0,0.0,false,, 2.0
2024-09-17 14:07:25 +0000,Dumbbell Shoulder Press, 8,15.87575183024739,0.0,0.0,0.0,0.0,false,, 2.0
2024-09-17 14:07:25 +0000,Alternating Medicine Ball Push Up, 8,0.0,0.0,0.0,0.0,0.0,false,, 2.0
2024-09-17 14:07:25 +0000,Alternating Medicine Ball Push Up, 7,0.0,0.0,0.0,0.0,0.0,false,, 2.0
2024-09-17 14:07:25 +0000,Alternating Medicine Ball Push Up, 6,0.0,0.0,0.0,0.0,0.0,false,, 2.0
2024-09-17 14:07:25 +0000,Alternating Medicine Ball Push Up, 7,0.0,0.0,0.0,0.0,0.0,false,, 2.0
2024-09-17 14:07:25 +0000,Side Laterals to Front Raise, 8,5.443114913227677,0.0,0.0,0.0,0.0,false,, 2.0
2024-09-17 14:07:25 +0000,Side Laterals to Front Raise, 8,5.443114913227677,0.0,0.0,0.0,0.0,false,, 2.0
2024-09-17 14:07:25 +0000,Side Laterals to Front Raise, 12,5.443114913227677,0.0,0.0,0.0,0.0,false,, 2.0
2024-09-17 14:07:25 +0000,Side Laterals to Front Raise, 12,5.443114913227677,0.0,0.0,0.0,0.0,false,, 2.0
2024-09-17 14:07:25 +0000,Russian Twist, 15,15.87575183024739,0.0,0.0,0.0,0.0,false,, 2.0
2024-09-17 14:07:25 +0000,Russian Twist, 15,15.87575183024739,0.0,0.0,0.0,0.0,false,, 2.0
2024-09-17 14:07:25 +0000,Russian Twist, 15,15.87575183024739,0.0,0.0,0.0,0.0,false,, 2.0
2024-09-16 22:03:54 +0000,Deadlift, 3,79.37875915123695,0.0,0.0,0.0,0.0,true,, 1.0
2024-09-16 22:03:54 +0000,Deadlift, 3,120.20212100044454,0.0,0.0,0.0,0.0,true,, 1.0
2024-09-16 22:03:54 +0000,Deadlift, 3,131.54194373633553,0.0,0.0,0.0,0.0,false,, 1.0
2024-09-16 22:03:54 +0000,Deadlift, 3,131.54194373633553,0.0,0.0,0.0,0.0,false,, 1.0
2024-09-16 22:03:54 +0000,Deadlift, 3,131.54194373633553,0.0,0.0,0.0,0.0,false,, 1.0
2024-09-16 22:03:54 +0000,Dumbbell Lunge, 5,22.67964547178199,0.0,0.0,0.0,0.0,false,, 4.0
2024-09-16 22:03:54 +0000,Dumbbell Lunge, 5,22.67964547178199,0.0,0.0,0.0,0.0,false,, 4.0
2024-09-16 22:03:54 +0000,Dumbbell Lunge, 6,22.67964547178199,0.0,0.0,0.0,0.0,false,, 4.0
2024-09-16 22:03:54 +0000,Dumbbell Lunge, 7,22.67964547178199,0.0,0.0,0.0,0.0,false,, 4.0
2024-09-16 22:03:54 +0000,Dumbbell Lunge, 8,22.67964547178199,0.0,0.0,0.0,0.0,false,, 4.0
2024-09-16 22:03:54 +0000,Lying Hamstrings Curl, 8,38.55539730202938,0.0,0.0,0.0,0.0,true,, 1.0
2024-09-16 22:03:54 +0000,Lying Hamstrings Curl, 5,65.77097186816776,0.0,0.0,0.0,0.0,false,, 1.0
2024-09-16 22:03:54 +0000,Lying Hamstrings Curl, 5,65.77097186816776,0.0,0.0,0.0,0.0,false,, 1.0
2024-09-16 22:03:54 +0000,Lying Hamstrings Curl, 5,65.77097186816776,0.0,0.0,0.0,0.0,false,, 1.0
2024-09-16 22:03:54 +0000,Lying Hamstrings Curl, 6,65.77097186816776,0.0,0.0,0.0,0.0,false,, 1.0
2024-09-16 22:03:54 +0000,Lying Hamstrings Curl, 6,65.77097186816776,0.0,0.0,0.0,0.0,false,, 1.0
2024-09-14 19:41:59 +0000,Pull Up, 7,0.0,0.0,0.0,0.0,0.0,false,, 1.0
2024-09-14 19:41:59 +0000,Pull Up, 7,0.0,0.0,0.0,0.0,0.0,false,, 1.0
2024-09-14 19:41:59 +0000,Pull Up, 7,0.0,0.0,0.0,0.0,0.0,false,, 1.0
2024-09-14 19:41:59 +0000,Pull Up, 7,0.0,0.0,0.0,0.0,0.0,false,, 1.0
2024-09-14 19:41:59 +0000,Pull Up, 6,0.0,0.0,0.0,0.0,0.0,false,, 1.0
2024-09-14 19:41:59 +0000,Upright Row, 10,40.82336184920758,0.0,0.0,0.0,0.0,false,, 1.0
2024-09-14 19:41:59 +0000,Upright Row, 10,40.82336184920758,0.0,0.0,0.0,0.0,false,, 1.0
2024-09-14 19:41:59 +0000,Close-Grip EZ-Bar Curl, 12,13.607787283069193,0.0,0.0,0.0,0.0,false,, 1.0
2024-09-14 19:41:59 +0000,Close-Grip EZ-Bar Curl, 20,13.607787283069193,0.0,0.0,0.0,0.0,false,, 1.0
2024-09-14 19:41:59 +0000,Close-Grip EZ-Bar Curl, 21,13.607787283069193,0.0,0.0,0.0,0.0,false,, 1.0
2024-09-14 19:41:59 +0000,Cable Row, 10,45.35929094356398,0.0,0.0,0.0,0.0,false,, 1.0
2024-09-14 19:41:59 +0000,Cable Row, 10,54.43114913227677,0.0,0.0,0.0,0.0,false,, 1.0
2024-09-14 19:41:59 +0000,Cable Row, 11,72.57486550970236,0.0,0.0,0.0,0.0,false,, 1.0
2024-09-14 19:41:59 +0000,Cable Row, 10,72.57486550970236,0.0,0.0,0.0,0.0,false,, 1.0
2024-09-14 19:41:59 +0000,Reverse Dumbbell Curl, 11,4.535929094356398,0.0,0.0,0.0,0.0,false,, 2.0
2024-09-14 19:41:59 +0000,Reverse Dumbbell Curl, 16,4.535929094356398,0.0,0.0,0.0,0.0,false,, 2.0
2024-09-14 19:41:59 +0000,Reverse Dumbbell Curl, 17,4.535929094356398,0.0,0.0,0.0,0.0,false,, 2.0
2024-09-14 19:41:59 +0000,Reverse Grip Pull Down, 8,38.55539730202938,0.0,0.0,0.0,0.0,true,, 1.0
2024-09-14 19:41:59 +0000,Reverse Grip Pull Down, 10,63.50300732098956,0.0,0.0,0.0,0.0,false,, 1.0
2024-09-14 19:41:59 +0000,Reverse Grip Pull Down, 10,63.50300732098956,0.0,0.0,0.0,0.0,false,, 1.0
2024-09-14 19:41:59 +0000,Vertical Knee Raise, 13,0.0,0.0,0.0,0.0,0.0,false,, 1.0
2024-09-14 19:41:59 +0000,Vertical Knee Raise, 13,0.0,0.0,0.0,0.0,0.0,false,, 1.0
2024-09-14 19:41:59 +0000,Vertical Knee Raise, 14,0.0,0.0,0.0,0.0,0.0,false,, 1.0
2024-09-14 19:41:59 +0000,Vertical Knee Raise, 14,0.0,0.0,0.0,0.0,0.0,false,, 1.0
2024-09-14 19:41:59 +0000,Vertical Knee Raise, 14,0.0,0.0,0.0,0.0,0.0,false,, 1.0
2024-09-13 14:09:06 +0000,Lat Pulldown, 5,45.35929094356398,0.0,0.0,0.0,0.0,false,, 1.0
2024-09-13 14:09:06 +0000,Lat Pulldown, 5,63.50300732098956,0.0,0.0,0.0,0.0,false,, 1.0
2024-09-13 14:09:06 +0000,Lat Pulldown, 7,72.57486550970236,0.0,0.0,0.0,0.0,false,, 1.0
2024-09-13 14:09:06 +0000,Lat Pulldown, 6,72.57486550970236,0.0,0.0,0.0,0.0,false,, 1.0
2024-09-13 14:09:06 +0000,Barbell Curl, 5,36.28743275485118,0.0,0.0,0.0,0.0,false,, 1.0
2024-09-13 14:09:06 +0000,Barbell Curl, 5,36.28743275485118,0.0,0.0,0.0,0.0,false,, 1.0
2024-09-13 14:09:06 +0000,Barbell Curl, 5,36.28743275485118,0.0,0.0,0.0,0.0,false,, 1.0
2024-09-13 14:09:06 +0000,Barbell Curl, 5,36.28743275485118,0.0,0.0,0.0,0.0,false,, 1.0
2024-09-13 14:09:06 +0000,Machine Shoulder Shrug, 10,115.66619190608813,0.0,0.0,0.0,0.0,false,, 1.0
2024-09-13 14:09:06 +0000,Machine Shoulder Shrug, 10,115.66619190608813,0.0,0.0,0.0,0.0,false,, 1.0
2024-09-13 14:09:06 +0000,Machine Shoulder Shrug, 10,115.66619190608813,0.0,0.0,0.0,0.0,false,, 1.0
2024-09-13 14:09:06 +0000,Dumbbell Front Raise, 6,6.8038936415345965,0.0,0.0,0.0,0.0,false,, 2.0
2024-09-13 14:09:06 +0000,Dumbbell Front Raise, 6,6.8038936415345965,0.0,0.0,0.0,0.0,false,, 2.0
2024-09-13 14:09:06 +0000,Dumbbell Front Raise, 6,6.8038936415345965,0.0,0.0,0.0,0.0,false,, 2.0
2024-09-13 14:09:06 +0000,Dumbbell Front Raise, 6,6.8038936415345965,0.0,0.0,0.0,0.0,false,, 2.0
2024-09-13 14:09:06 +0000,Dumbbell Front Raise, 6,6.8038936415345965,0.0,0.0,0.0,0.0,false,, 2.0
2024-09-12 14:22:21 +0000,Barbell Bench Press, 8,52.16318458509857,0.0,0.0,0.0,0.0,true,, 1.0
2024-09-12 14:22:21 +0000,Barbell Bench Press, 5,83.91468824559335,0.0,0.0,0.0,0.0,false,, 1.0
2024-09-12 14:22:21 +0000,Barbell Bench Press, 5,83.91468824559335,0.0,0.0,0.0,0.0,false,, 1.0
2024-09-12 14:22:21 +0000,Barbell Bench Press, 5,83.91468824559335,0.0,0.0,0.0,0.0,false,, 1.0
2024-09-12 14:22:21 +0000,Barbell Bench Press, 5,83.91468824559335,0.0,0.0,0.0,0.0,false,, 1.0
2024-09-12 14:22:21 +0000,Barbell Bench Press, 5,83.91468824559335,0.0,0.0,0.0,0.0,false,, 1.0
2024-09-12 14:22:21 +0000,Barbell Shoulder Press, 8,29.483539113316585,0.0,0.0,0.0,0.0,false,, 1.0
2024-09-12 14:22:21 +0000,Barbell Shoulder Press, 8,34.01946820767298,0.0,0.0,0.0,0.0,false,, 1.0
2024-09-12 14:22:21 +0000,Barbell Shoulder Press, 8,40.82336184920758,0.0,0.0,0.0,0.0,false,, 1.0
2024-09-12 14:22:21 +0000,Barbell Shoulder Press, 9,40.82336184920758,0.0,0.0,0.0,0.0,false,, 1.0
2024-09-12 14:22:21 +0000,Dip, 9,0.0,0.0,0.0,0.0,0.0,false,, 1.0
2024-09-12 14:22:21 +0000,Dip, 9,0.0,0.0,0.0,0.0,0.0,false,, 1.0
2024-09-12 14:22:21 +0000,Dip, 9,0.0,0.0,0.0,0.0,0.0,false,, 1.0
2024-09-12 14:22:21 +0000,Push Up, 10,0.0,0.0,0.0,0.0,0.0,false,, 1.0
2024-09-12 14:22:21 +0000,Push Up, 10,0.0,0.0,0.0,0.0,0.0,false,, 1.0
2024-09-12 14:22:21 +0000,Push Up, 10,0.0,0.0,0.0,0.0,0.0,false,, 1.0
2024-09-12 14:22:21 +0000,Vertical Knee Raise, 13,0.0,0.0,0.0,0.0,0.0,false,, 1.0
2024-09-12 14:22:21 +0000,Vertical Knee Raise, 13,0.0,0.0,0.0,0.0,0.0,false,, 1.0
2024-09-12 14:22:21 +0000,Vertical Knee Raise, 13,0.0,0.0,0.0,0.0,0.0,false,, 1.0
2024-09-12 14:22:21 +0000,Cable One Arm Underhand Tricep Extension, 10,7.937875915123695,0.0,0.0,0.0,0.0,false,, 2.0
2024-09-12 14:22:21 +0000,Cable One Arm Underhand Tricep Extension, 10,7.937875915123695,0.0,0.0,0.0,0.0,false,, 2.0
2024-09-12 14:22:21 +0000,Cable One Arm Underhand Tricep Extension, 10,7.937875915123695,0.0,0.0,0.0,0.0,false,, 2.0
2024-09-12 14:22:21 +0000,Dumbbell Rear Delt Raise, 8,9.071858188712795,0.0,0.0,0.0,0.0,false,, 2.0
2024-09-12 14:22:21 +0000,Dumbbell Rear Delt Raise, 8,9.071858188712795,0.0,0.0,0.0,0.0,false,, 2.0
2024-09-12 14:22:21 +0000,Dumbbell Rear Delt Raise, 8,9.071858188712795,0.0,0.0,0.0,0.0,false,, 2.0
2024-09-11 17:38:32 +0000,Sumo Deadlift, 6,61.235042773811365,0.0,0.0,0.0,0.0,true,, 1.0
2024-09-11 17:38:32 +0000,Sumo Deadlift, 8,83.91468824559335,0.0,0.0,0.0,0.0,false,, 1.0
2024-09-11 17:38:32 +0000,Sumo Deadlift, 9,83.91468824559335,0.0,0.0,0.0,0.0,false,, 1.0
2024-09-11 17:38:32 +0000,Sumo Deadlift, 10,83.91468824559335,0.0,0.0,0.0,0.0,false,, 1.0
2024-09-11 17:38:32 +0000,Sumo Deadlift, 11,83.91468824559335,0.0,0.0,0.0,0.0,false,, 1.0
2024-09-11 17:38:32 +0000,Sumo Deadlift, 12,83.91468824559335,0.0,0.0,0.0,0.0,false,, 1.0
2024-09-11 17:38:32 +0000,Bulgarian Split Squat, 8,20.41168092460379,0.0,0.0,0.0,0.0,false,, 2.0
2024-09-11 17:38:32 +0000,Bulgarian Split Squat, 8,22.67964547178199,0.0,0.0,0.0,0.0,false,, 2.0
2024-09-11 17:38:32 +0000,Bulgarian Split Squat, 12,29.483539113316585,0.0,0.0,0.0,0.0,false,, 2.0
2024-09-11 17:38:32 +0000,Bulgarian Split Squat, 12,29.483539113316585,0.0,0.0,0.0,0.0,false,, 2.0
2024-09-11 17:38:32 +0000,Standing Barbell Calf Raise, 8,115.66619190608813,0.0,0.0,0.0,0.0,false,, 1.0
2024-09-11 17:38:32 +0000,Standing Barbell Calf Raise, 8,115.66619190608813,0.0,0.0,0.0,0.0,false,, 1.0
2024-09-11 17:38:32 +0000,Standing Barbell Calf Raise, 8,115.66619190608813,0.0,0.0,0.0,0.0,false,, 1.0
2024-09-11 17:38:32 +0000,Standing Barbell Calf Raise, 10,115.66619190608813,0.0,0.0,0.0,0.0,false,, 1.0
2024-09-11 17:38:32 +0000,Hack Squat, 12,106.1407408079397,0.0,0.0,0.0,0.0,false,, 1.0
2024-09-11 17:38:32 +0000,Hack Squat, 12,106.1407408079397,0.0,0.0,0.0,0.0,false,, 1.0
2024-09-11 17:38:32 +0000,Hack Squat, 12,106.1407408079397,0.0,0.0,0.0,0.0,false,, 1.0
2024-09-11 17:38:32 +0000,Decline Russian Twists, 8,9.071858188712795,0.0,0.0,0.0,0.0,false,, 2.0
2024-09-11 17:38:32 +0000,Decline Russian Twists, 8,11.339822735890994,0.0,0.0,0.0,0.0,false,, 2.0
2024-09-11 17:38:32 +0000,Decline Russian Twists, 10,15.87575183024739,0.0,0.0,0.0,0.0,false,, 2.0
2024-09-11 17:38:32 +0000,Decline Russian Twists, 10,15.87575183024739,0.0,0.0,0.0,0.0,false,, 2.0
2024-09-03 00:56:28 +0000,Cable Row, 8,38.55539730202938,0.0,0.0,0.0,0.0,true,, 1.0
2024-09-03 00:56:28 +0000,Cable Row, 12,68.03893641534596,0.0,0.0,0.0,0.0,false,, 1.0
2024-09-03 00:56:28 +0000,Cable Row, 12,68.03893641534596,0.0,0.0,0.0,0.0,false,, 1.0
2024-09-03 00:56:28 +0000,Cable Row, 12,68.03893641534596,0.0,0.0,0.0,0.0,false,, 1.0
2024-09-03 00:56:28 +0000,Hammerstrength Shrug, 4,49.895220037920375,0.0,0.0,0.0,0.0,false,, 2.0
2024-09-03 00:56:28 +0000,Hammerstrength Shrug, 5,49.895220037920375,0.0,0.0,0.0,0.0,false,, 2.0
2024-09-03 00:56:28 +0000,Hammerstrength Shrug, 5,49.895220037920375,0.0,0.0,0.0,0.0,false,, 2.0
2024-09-03 00:56:28 +0000,Hammerstrength Shrug, 5,49.895220037920375,0.0,0.0,0.0,0.0,false,, 2.0
2024-09-03 00:56:28 +0000,Hammerstrength Shrug, 6,49.895220037920375,0.0,0.0,0.0,0.0,false,, 2.0
2024-09-03 00:56:28 +0000,Dumbbell Bicep Curl, 8,15.87575183024739,0.0,0.0,0.0,0.0,false,, 2.0
2024-09-03 00:56:28 +0000,Dumbbell Bicep Curl, 8,15.87575183024739,0.0,0.0,0.0,0.0,false,, 2.0
2024-09-03 00:56:28 +0000,Dumbbell Bicep Curl, 8,15.87575183024739,0.0,0.0,0.0,0.0,false,, 2.0
2024-09-03 00:56:28 +0000,Dumbbell Bicep Curl, 8,15.87575183024739,0.0,0.0,0.0,0.0,false,, 2.0
2024-09-03 00:56:28 +0000,Hammer Curls, 6,15.87575183024739,0.0,0.0,0.0,0.0,false,, 2.0
2024-09-03 00:56:28 +0000,Hammer Curls, 6,15.87575183024739,0.0,0.0,0.0,0.0,false,, 2.0
2024-09-03 00:56:28 +0000,Hammer Curls, 6,15.87575183024739,0.0,0.0,0.0,0.0,false,, 2.0
2024-09-03 00:56:28 +0000,Hammer Curls, 6,15.87575183024739,0.0,0.0,0.0,0.0,false,, 2.0
2024-09-03 00:56:28 +0000,Lat Pulldown, 8,45.35929094356398,0.0,0.0,0.0,0.0,true,, 1.0
2024-09-03 00:56:28 +0000,Lat Pulldown, 4,77.11079460405875,0.0,0.0,0.0,0.0,false,, 1.0
2024-09-03 00:56:28 +0000,Lat Pulldown, 4,77.11079460405875,0.0,0.0,0.0,0.0,false,, 1.0
2024-09-03 00:56:28 +0000,Lat Pulldown, 4,77.11079460405875,0.0,0.0,0.0,0.0,false,, 1.0
2024-09-03 00:56:28 +0000,Lat Pulldown, 4,77.11079460405875,0.0,0.0,0.0,0.0,false,, 1.0
2024-09-03 00:56:28 +0000,Back Extensions, 10,0.0,0.0,0.0,0.0,0.0,false,, 1.0
2024-09-03 00:56:28 +0000,Back Extensions, 14,0.0,0.0,0.0,0.0,0.0,false,, 1.0
2024-09-03 00:56:28 +0000,Back Extensions, 25,0.0,0.0,0.0,0.0,0.0,false,, 1.0
2024-09-03 00:56:28 +0000,Back Extensions, 25,0.0,0.0,0.0,0.0,0.0,false,, 1.0
2024-09-03 00:56:28 +0000,Reverse Crunch, 13,0.0,0.0,0.0,0.0,0.0,false,, 1.0
2024-09-03 00:56:28 +0000,Reverse Crunch, 15,0.0,0.0,0.0,0.0,0.0,false,, 1.0
2024-09-03 00:56:28 +0000,Reverse Crunch, 15,0.0,0.0,0.0,0.0,0.0,false,, 1.0
2024-09-03 00:56:28 +0000,Reverse Crunch, 15,0.0,0.0,0.0,0.0,0.0,false,, 1.0
2024-08-31 20:45:09 +0000,Hand Release Push Up, 11,0.0,0.0,0.0,0.0,0.0,false,, 1.0
2024-08-31 20:45:09 +0000,Hand Release Push Up, 11,0.0,0.0,0.0,0.0,0.0,false,, 1.0
2024-08-31 20:45:09 +0000,Hand Release Push Up, 11,0.0,0.0,0.0,0.0,0.0,false,, 1.0
2024-08-31 20:45:09 +0000,Single Leg Glute Bridge, 0,0.0,11.0,0.0,0.0,0.0,false,, 0.0
2024-08-31 20:45:09 +0000,Single Leg Glute Bridge, 0,0.0,11.0,0.0,0.0,0.0,false,, 0.0
2024-08-31 20:45:09 +0000,Single Leg Glute Bridge, 0,0.0,11.0,0.0,0.0,0.0,false,, 0.0
2024-08-31 20:45:09 +0000,Pike Push Up, 7,0.0,0.0,0.0,0.0,0.0,false,, 1.0
2024-08-31 20:45:09 +0000,Pike Push Up, 7,0.0,0.0,0.0,0.0,0.0,false,, 1.0
2024-08-31 20:45:09 +0000,Pike Push Up, 7,0.0,0.0,0.0,0.0,0.0,false,, 1.0
2024-08-31 20:45:09 +0000,Alternating Superman, 7,0.0,0.0,0.0,0.0,0.0,false,, 2.0
2024-08-31 20:45:09 +0000,Alternating Superman, 7,0.0,0.0,0.0,0.0,0.0,false,, 2.0
2024-08-31 20:45:09 +0000,Alternating Superman, 7,0.0,0.0,0.0,0.0,0.0,false,, 2.0
2024-08-31 20:45:09 +0000,Curtsy Lunge, 10,0.0,0.0,0.0,0.0,0.0,false,, 2.0
2024-08-31 20:45:09 +0000,Curtsy Lunge, 10,0.0,0.0,0.0,0.0,0.0,false,, 2.0
2024-08-31 20:45:09 +0000,Curtsy Lunge, 10,0.0,0.0,0.0,0.0,0.0,false,, 2.0
2024-08-31 20:45:09 +0000,Downward Dog Push Up, 3,0.0,0.0,0.0,0.0,0.0,false,, 1.0
2024-08-31 20:45:09 +0000,Downward Dog Push Up, 3,0.0,0.0,0.0,0.0,0.0,false,, 1.0
2024-08-31 20:45:09 +0000,Downward Dog Push Up, 3,0.0,0.0,0.0,0.0,0.0,false,, 1.0
2024-08-31 20:45:09 +0000,Tuck Crunch, 12,0.0,0.0,0.0,0.0,0.0,false,, 1.0
2024-08-31 20:45:09 +0000,Tuck Crunch, 12,0.0,0.0,0.0,0.0,0.0,false,, 1.0
2024-08-31 20:45:09 +0000,Tuck Crunch, 12,0.0,0.0,0.0,0.0,0.0,false,, 1.0
2024-08-31 20:45:09 +0000,Tuck Crunch, 12,0.0,0.0,0.0,0.0,0.0,false,, 1.0
2024-08-31 20:45:09 +0000,Tuck Crunch, 12,0.0,0.0,0.0,0.0,0.0,false,, 1.0
2024-08-30 15:01:05 +0000,Single Leg Hip Thrust, 20,0.0,0.0,0.0,0.0,0.0,false,, 2.0
2024-08-30 15:01:05 +0000,Single Leg Hip Thrust, 20,0.0,0.0,0.0,0.0,0.0,false,, 2.0
2024-08-30 15:01:05 +0000,Single Leg Hip Thrust, 20,0.0,0.0,0.0,0.0,0.0,false,, 2.0
2024-08-30 15:01:05 +0000,Bodyweight Squat Hold, 0,0.0,64.0,0.0,0.0,0.0,false,, 0.0
2024-08-30 15:01:05 +0000,Bodyweight Squat Hold, 0,0.0,64.0,0.0,0.0,0.0,false,, 0.0
2024-08-30 15:01:05 +0000,Bodyweight Squat Hold, 0,0.0,64.0,0.0,0.0,0.0,false,, 0.0
2024-08-30 15:01:05 +0000,Cobra Triceps Extension, 10,0.0,0.0,0.0,0.0,0.0,false,, 1.0
2024-08-30 15:01:05 +0000,Cobra Triceps Extension, 10,0.0,0.0,0.0,0.0,0.0,false,, 1.0
2024-08-30 15:01:05 +0000,Cobra Triceps Extension, 10,0.0,0.0,0.0,0.0,0.0,false,, 1.0
2024-08-30 15:01:05 +0000,Pike Push Up, 7,0.0,0.0,0.0,0.0,0.0,false,, 1.0
2024-08-30 15:01:05 +0000,Pike Push Up, 7,0.0,0.0,0.0,0.0,0.0,false,, 1.0
2024-08-30 15:01:05 +0000,Pike Push Up, 7,0.0,0.0,0.0,0.0,0.0,false,, 1.0
2024-08-30 15:01:05 +0000,Rotation Push Up, 6,0.0,0.0,0.0,0.0,0.0,false,, 2.0
2024-08-30 15:01:05 +0000,Rotation Push Up, 6,0.0,0.0,0.0,0.0,0.0,false,, 2.0
2024-08-30 15:01:05 +0000,Rotation Push Up, 7,0.0,0.0,0.0,0.0,0.0,false,, 2.0
2024-08-30 15:01:05 +0000,Prone Y's, 11,0.0,0.0,0.0,0.0,0.0,false,, 1.0
2024-08-30 15:01:05 +0000,Prone Y's, 11,0.0,0.0,0.0,0.0,0.0,false,, 1.0
2024-08-30 15:01:05 +0000,Prone Y's, 11,0.0,0.0,0.0,0.0,0.0,false,, 1.0
2024-08-30 15:01:05 +0000,Flutter Kicks, 10,0.0,0.0,0.0,0.0,0.0,false,, 2.0
2024-08-30 15:01:05 +0000,Flutter Kicks, 12,0.0,0.0,0.0,0.0,0.0,false,, 2.0
2024-08-30 15:01:05 +0000,Flutter Kicks, 15,0.0,0.0,0.0,0.0,0.0,false,, 2.0
2024-08-30 15:01:05 +0000,Flutter Kicks, 16,0.0,0.0,0.0,0.0,0.0,false,, 2.0
2024-08-29 20:56:08 +0000,Burpee, 10,0.0,0.0,0.0,0.0,0.0,false,, 1.0
2024-08-29 20:56:08 +0000,Burpee, 10,0.0,0.0,0.0,0.0,0.0,false,, 1.0
2024-08-29 20:56:08 +0000,Burpee, 10,0.0,0.0,0.0,0.0,0.0,false,, 1.0
2024-08-29 20:56:08 +0000,Hand Release Push Up, 11,0.0,0.0,0.0,0.0,0.0,false,, 1.0
2024-08-29 20:56:08 +0000,Hand Release Push Up, 11,0.0,0.0,0.0,0.0,0.0,false,, 1.0
2024-08-29 20:56:08 +0000,Hand Release Push Up, 11,0.0,0.0,0.0,0.0,0.0,false,, 1.0
2024-08-29 20:56:08 +0000,Single Leg Kickback, 7,0.0,0.0,0.0,0.0,0.0,false,, 2.0
2024-08-29 20:56:08 +0000,Single Leg Kickback, 7,0.0,0.0,0.0,0.0,0.0,false,, 2.0
2024-08-29 20:56:08 +0000,Single Leg Kickback, 7,0.0,0.0,0.0,0.0,0.0,false,, 2.0
2024-08-29 20:56:08 +0000,Pike Push Up, 7,0.0,0.0,0.0,0.0,0.0,false,, 1.0
2024-08-29 20:56:08 +0000,Pike Push Up, 7,0.0,0.0,0.0,0.0,0.0,false,, 1.0
2024-08-29 20:56:08 +0000,Pike Push Up, 7,0.0,0.0,0.0,0.0,0.0,false,, 1.0
2024-08-29 20:56:08 +0000,Single Leg Standing Calf Raise, 7,0.0,0.0,0.0,0.0,0.0,false,, 2.0
2024-08-29 20:56:08 +0000,Single Leg Standing Calf Raise, 7,0.0,0.0,0.0,0.0,0.0,false,, 2.0
2024-08-29 20:56:08 +0000,Single Leg Standing Calf Raise, 7,0.0,0.0,0.0,0.0,0.0,false,, 2.0
2024-08-29 20:56:08 +0000,Tricep Push Up, 11,0.0,0.0,0.0,0.0,0.0,false,, 1.0
2024-08-29 20:56:08 +0000,Tricep Push Up, 11,0.0,0.0,0.0,0.0,0.0,false,, 1.0
2024-08-29 20:56:08 +0000,Tricep Push Up, 11,0.0,0.0,0.0,0.0,0.0,false,, 1.0
2024-08-29 20:56:08 +0000,Air Squats, 11,0.0,0.0,0.0,0.0,0.0,false,, 1.0
2024-08-29 20:56:08 +0000,Air Squats, 11,0.0,0.0,0.0,0.0,0.0,false,, 1.0
2024-08-29 20:56:08 +0000,Air Squats, 11,0.0,0.0,0.0,0.0,0.0,false,, 1.0
2024-08-29 20:56:08 +0000,Side Lunge, 8,0.0,0.0,0.0,0.0,0.0,false,, 2.0
2024-08-29 20:56:08 +0000,Side Lunge, 8,0.0,0.0,0.0,0.0,0.0,false,, 2.0
2024-08-29 20:56:08 +0000,Side Lunge, 8,0.0,0.0,0.0,0.0,0.0,false,, 2.0
2024-08-29 20:56:08 +0000,Lunge, 11,0.0,0.0,0.0,0.0,0.0,false,, 2.0
2024-08-29 20:56:08 +0000,Lunge, 11,0.0,0.0,0.0,0.0,0.0,false,, 2.0
2024-08-29 20:56:08 +0000,Lunge, 11,0.0,0.0,0.0,0.0,0.0,false,, 2.0
2024-08-29 20:56:08 +0000,Plank, 0,0.0,55.0,0.0,0.0,0.0,false,, 0.0
2024-08-29 20:56:08 +0000,Plank, 0,0.0,60.0,0.0,0.0,0.0,false,, 0.0
2024-08-29 20:56:08 +0000,Plank, 0,0.0,60.0,0.0,0.0,0.0,false,, 0.0
2024-08-29 20:56:08 +0000,Superman, 15,0.0,0.0,0.0,0.0,0.0,false,, 1.0
2024-08-29 20:56:08 +0000,Superman, 15,0.0,0.0,0.0,0.0,0.0,false,, 1.0
2024-08-29 20:56:08 +0000,Superman, 15,0.0,0.0,0.0,0.0,0.0,false,, 1.0
2024-08-28 19:12:45 +0000,Dumbbell Row, 5,22.67964547178199,0.0,0.0,0.0,0.0,false,, 2.0
2024-08-28 19:12:45 +0000,Dumbbell Row, 5,27.215574566138386,0.0,0.0,0.0,0.0,false,, 2.0
2024-08-28 19:12:45 +0000,Dumbbell Row, 8,34.01946820767298,0.0,0.0,0.0,0.0,false,, 2.0
2024-08-28 19:12:45 +0000,Dumbbell Row, 7,34.01946820767298,0.0,0.0,0.0,0.0,false,, 2.0
2024-08-28 19:12:45 +0000,Chin Up, 2,0.0,0.0,0.0,0.0,0.0,false,, 1.0
2024-08-28 19:12:45 +0000,Chin Up, 4,0.0,0.0,0.0,0.0,0.0,false,, 1.0
2024-08-28 19:12:45 +0000,Chin Up, 8,0.0,0.0,0.0,0.0,0.0,false,, 1.0
2024-08-28 19:12:45 +0000,Chin Up, 8,0.0,0.0,0.0,0.0,0.0,false,, 1.0
2024-08-28 19:12:45 +0000,Barbell Shrug, 12,61.235042773811365,0.0,0.0,0.0,0.0,false,, 1.0
2024-08-28 19:12:45 +0000,Barbell Shrug, 14,61.235042773811365,0.0,0.0,0.0,0.0,false,, 1.0
2024-08-28 19:12:45 +0000,Barbell Shrug, 14,61.235042773811365,0.0,0.0,0.0,0.0,false,, 1.0
2024-08-28 19:12:45 +0000,Barbell Shrug, 14,61.235042773811365,0.0,0.0,0.0,0.0,false,, 1.0
2024-08-28 19:12:45 +0000,Bent Over Barbell Row, 10,61.235042773811365,0.0,0.0,0.0,0.0,false,, 1.0
2024-08-28 19:12:45 +0000,Bent Over Barbell Row, 10,61.235042773811365,0.0,0.0,0.0,0.0,false,, 1.0
2024-08-28 19:12:45 +0000,Bent Over Barbell Row, 10,61.235042773811365,0.0,0.0,0.0,0.0,false,, 1.0
2024-08-28 19:12:45 +0000,Bent Over Barbell Row, 10,61.235042773811365,0.0,0.0,0.0,0.0,false,, 1.0
2024-08-28 19:12:45 +0000,Cable Face Pull, 6,15.87575183024739,0.0,0.0,0.0,0.0,false,, 1.0
2024-08-28 19:12:45 +0000,Cable Face Pull, 6,22.67964547178199,0.0,0.0,0.0,0.0,false,, 1.0
2024-08-28 19:12:45 +0000,Cable Face Pull, 8,27.215574566138386,0.0,0.0,0.0,0.0,false,, 1.0
2024-08-28 19:12:45 +0000,Cable Face Pull, 8,27.215574566138386,0.0,0.0,0.0,0.0,false,, 1.0
2024-08-28 19:12:45 +0000,Cable Rope Hammer Curls, 10,11.339822735890994,0.0,0.0,0.0,0.0,false,, 1.0
2024-08-28 19:12:45 +0000,Cable Rope Hammer Curls, 11,13.607787283069193,0.0,0.0,0.0,0.0,false,, 1.0
2024-08-28 19:12:45 +0000,Cable Rope Hammer Curls, 10,17.00973410383649,0.0,0.0,0.0,0.0,false,, 1.0
2024-08-28 19:12:45 +0000,Cable Rope Hammer Curls, 10,17.00973410383649,0.0,0.0,0.0,0.0,false,, 1.0
2024-08-28 19:12:45 +0000,Decline Crunch, 13,0.0,0.0,0.0,0.0,0.0,false,, 1.0
2024-08-28 19:12:45 +0000,Decline Crunch, 13,0.0,0.0,0.0,0.0,0.0,false,, 1.0
2024-08-28 19:12:45 +0000,Decline Crunch, 13,0.0,0.0,0.0,0.0,0.0,false,, 1.0
2024-08-27 20:04:51 +0000,Deadlift, 8,70.30690096252415,0.0,0.0,0.0,0.0,true,, 1.0
2024-08-27 20:04:51 +0000,Deadlift, 3,111.13026281173174,0.0,0.0,0.0,0.0,true,, 1.0
2024-08-27 20:04:51 +0000,Deadlift, 8,117.93415645326634,0.0,0.0,0.0,0.0,false,, 1.0
2024-08-27 20:04:51 +0000,Deadlift, 8,117.93415645326634,0.0,0.0,0.0,0.0,false,, 1.0
2024-08-27 20:04:51 +0000,Deadlift, 8,117.93415645326634,0.0,0.0,0.0,0.0,false,, 1.0
2024-08-27 20:04:51 +0000,Deadlift, 6,117.93415645326634,0.0,0.0,0.0,0.0,false,, 1.0
2024-08-27 20:04:51 +0000,Medicine Ball Romanian Deadlift, 14,6.8038936415345965,0.0,0.0,0.0,0.0,false,, 1.0
2024-08-27 20:04:51 +0000,Medicine Ball Romanian Deadlift, 14,6.8038936415345965,0.0,0.0,0.0,0.0,false,, 1.0
2024-08-27 20:04:51 +0000,Medicine Ball Romanian Deadlift, 14,6.8038936415345965,0.0,0.0,0.0,0.0,false,, 1.0
2024-08-27 20:04:51 +0000,Dumbbell Glute Bridge, 0,13.607787283069193,20.0,0.0,0.0,0.0,false,, 0.0
2024-08-27 20:04:51 +0000,Dumbbell Glute Bridge, 0,13.607787283069193,20.0,0.0,0.0,0.0,false,, 0.0
2024-08-27 20:04:51 +0000,Dumbbell Glute Bridge, 0,13.607787283069193,20.0,0.0,0.0,0.0,false,, 0.0
2024-08-27 20:04:51 +0000,Dumbbell Glute Bridge, 0,13.607787283069193,20.0,0.0,0.0,0.0,false,, 0.0
2024-08-27 20:04:51 +0000,Dumbbell Lunge, 6,20.41168092460379,0.0,0.0,0.0,0.0,false,, 4.0
2024-08-27 20:04:51 +0000,Dumbbell Lunge, 6,20.41168092460379,0.0,0.0,0.0,0.0,false,, 4.0
2024-08-27 20:04:51 +0000,Dumbbell Lunge, 6,20.41168092460379,0.0,0.0,0.0,0.0,false,, 4.0
2024-08-27 20:04:51 +0000,Dumbbell Lunge, 6,20.41168092460379,0.0,0.0,0.0,0.0,false,, 4.0
2024-08-27 20:04:51 +0000,Hip Thrust, 22,0.0,0.0,0.0,0.0,0.0,false,, 1.0
2024-08-27 20:04:51 +0000,Hip Thrust, 22,0.0,0.0,0.0,0.0,0.0,false,, 1.0
2024-08-27 20:04:51 +0000,Hip Thrust, 22,0.0,0.0,0.0,0.0,0.0,false,, 1.0
2024-08-27 20:04:51 +0000,Dead Bug, 20,0.0,0.0,0.0,0.0,0.0,false,, 2.0
2024-08-27 20:04:51 +0000,Dead Bug, 20,0.0,0.0,0.0,0.0,0.0,false,, 2.0
2024-08-27 20:04:51 +0000,Dead Bug, 20,0.0,0.0,0.0,0.0,0.0,false,, 2.0
2024-08-26 18:29:07 +0000,Barbell Bench Press, 8,40.82336184920758,0.0,0.0,0.0,0.0,true,, 1.0
2024-08-26 18:29:07 +0000,Barbell Bench Press, 3,83.91468824559335,0.0,0.0,0.0,0.0,true,, 1.0
2024-08-26 18:29:07 +0000,Barbell Bench Press, 4,88.45061733994974,0.0,0.0,0.0,0.0,false,, 1.0
2024-08-26 18:29:07 +0000,Barbell Bench Press, 4,88.45061733994974,0.0,0.0,0.0,0.0,false,, 1.0
2024-08-26 18:29:07 +0000,Barbell Bench Press, 3,88.45061733994974,0.0,0.0,0.0,0.0,false,, 1.0
2024-08-26 18:29:07 +0000,Barbell Bench Press, 3,88.45061733994974,0.0,0.0,0.0,0.0,false,, 1.0
2024-08-26 18:29:07 +0000,Barbell Bench Press, 3,88.45061733994974,0.0,0.0,0.0,0.0,false,, 1.0
2024-08-26 18:29:07 +0000,Skullcrusher, 6,36.28743275485118,0.0,0.0,0.0,0.0,false,, 1.0
2024-08-26 18:29:07 +0000,Skullcrusher, 6,36.28743275485118,0.0,0.0,0.0,0.0,false,, 1.0
2024-08-26 18:29:07 +0000,Skullcrusher, 5,36.28743275485118,0.0,0.0,0.0,0.0,false,, 1.0
2024-08-26 18:29:07 +0000,Push Up, 20,0.0,0.0,0.0,0.0,0.0,false,, 1.0
2024-08-26 18:29:07 +0000,Push Up, 20,0.0,0.0,0.0,0.0,0.0,false,, 1.0
2024-08-26 18:29:07 +0000,Push Up, 20,0.0,0.0,0.0,0.0,0.0,false,, 1.0
2024-08-26 18:29:07 +0000,Arnold Dumbbell Press, 11,13.607787283069193,0.0,0.0,0.0,0.0,false,, 2.0
2024-08-26 18:29:07 +0000,Arnold Dumbbell Press, 11,13.607787283069193,0.0,0.0,0.0,0.0,false,, 2.0
2024-08-26 18:29:07 +0000,Arnold Dumbbell Press, 11,13.607787283069193,0.0,0.0,0.0,0.0,false,, 2.0
2024-08-26 18:29:07 +0000,Dip, 10,0.0,0.0,0.0,0.0,0.0,false,, 1.0
2024-08-26 18:29:07 +0000,Dip, 8,0.0,0.0,0.0,0.0,0.0,false,, 1.0
2024-08-26 18:29:07 +0000,Dip, 8,0.0,0.0,0.0,0.0,0.0,false,, 1.0
2024-08-26 18:29:07 +0000,Back Extensions, 18,0.0,0.0,0.0,0.0,0.0,false,, 1.0
2024-08-26 18:29:07 +0000,Back Extensions, 18,0.0,0.0,0.0,0.0,0.0,false,, 1.0
2024-08-26 18:29:07 +0000,Back Extensions, 18,0.0,0.0,0.0,0.0,0.0,false,, 1.0
2024-08-25 01:06:28 +0000,Lat Pulldown, 5,52.16318458509857,0.0,0.0,0.0,0.0,false,, 1.0
2024-08-25 01:06:28 +0000,Lat Pulldown, 5,63.50300732098956,0.0,0.0,0.0,0.0,false,, 1.0
2024-08-25 01:06:28 +0000,Lat Pulldown, 6,74.84283005688056,0.0,0.0,0.0,0.0,false,, 1.0
2024-08-25 01:06:28 +0000,Lat Pulldown, 6,74.84283005688056,0.0,0.0,0.0,0.0,false,, 1.0
2024-08-25 01:06:28 +0000,Seated Dumbbell Curl, 5,15.87575183024739,0.0,0.0,0.0,0.0,false,, 2.0
2024-08-25 01:06:28 +0000,Seated Dumbbell Curl, 5,15.87575183024739,0.0,0.0,0.0,0.0,false,, 2.0
2024-08-25 01:06:28 +0000,Seated Dumbbell Curl, 5,15.87575183024739,0.0,0.0,0.0,0.0,false,, 2.0
2024-08-25 01:06:28 +0000,Seated Dumbbell Curl, 5,15.87575183024739,0.0,0.0,0.0,0.0,false,, 2.0
2024-08-25 01:06:28 +0000,Dumbbell Preacher Curls, 9,9.071858188712795,0.0,0.0,0.0,0.0,false,, 2.0
2024-08-25 01:06:28 +0000,Dumbbell Preacher Curls, 9,9.071858188712795,0.0,0.0,0.0,0.0,false,, 2.0
2024-08-25 01:06:28 +0000,Dumbbell Preacher Curls, 9,9.071858188712795,0.0,0.0,0.0,0.0,false,, 2.0
2024-08-25 01:06:28 +0000,Dumbbell Preacher Curls, 9,9.071858188712795,0.0,0.0,0.0,0.0,false,, 2.0
2024-08-25 01:06:28 +0000,T-Bar Row, 8,40.82336184920758,0.0,0.0,0.0,0.0,true,, 1.0
2024-08-25 01:06:28 +0000,T-Bar Row, 7,61.235042773811365,0.0,0.0,0.0,0.0,false,, 1.0
2024-08-25 01:06:28 +0000,T-Bar Row, 7,61.235042773811365,0.0,0.0,0.0,0.0,false,, 1.0
2024-08-25 01:06:28 +0000,T-Bar Row, 8,63.50300732098956,0.0,0.0,0.0,0.0,false,, 1.0
2024-08-25 01:06:28 +0000,EZ-Bar Curl, 10,22.67964547178199,0.0,0.0,0.0,0.0,false,, 1.0
2024-08-25 01:06:28 +0000,EZ-Bar Curl, 11,22.67964547178199,0.0,0.0,0.0,0.0,false,, 1.0
2024-08-25 01:06:28 +0000,EZ-Bar Curl, 12,22.67964547178199,0.0,0.0,0.0,0.0,false,, 1.0
2024-08-25 01:06:28 +0000,Cable Row, 8,40.82336184920758,0.0,0.0,0.0,0.0,true,, 1.0
2024-08-25 01:06:28 +0000,Cable Row, 9,68.03893641534596,0.0,0.0,0.0,0.0,false,, 1.0
2024-08-25 01:06:28 +0000,Cable Row, 9,68.03893641534596,0.0,0.0,0.0,0.0,false,, 1.0
2024-08-25 01:06:28 +0000,Cable Row, 8,68.03893641534596,0.0,0.0,0.0,0.0,false,, 1.0
2024-08-25 01:06:28 +0000,Bicycle Crunch, 15,0.0,0.0,0.0,0.0,0.0,false,, 2.0
2024-08-25 01:06:28 +0000,Bicycle Crunch, 15,0.0,0.0,0.0,0.0,0.0,false,, 2.0
2024-08-25 01:06:28 +0000,Bicycle Crunch, 15,0.0,0.0,0.0,0.0,0.0,false,, 2.0
2024-08-25 01:06:28 +0000,Bicycle Crunch, 15,0.0,0.0,0.0,0.0,0.0,false,, 2.0
2024-08-25 01:06:28 +0000,Bicycle Crunch, 15,0.0,0.0,0.0,0.0,0.0,false,, 2.0
2024-08-23 16:40:15 +0000,Barbell Shoulder Press, 8,29.483539113316585,0.0,0.0,0.0,0.0,true,, 1.0
2024-08-23 16:40:15 +0000,Barbell Shoulder Press, 4,45.35929094356398,0.0,0.0,0.0,0.0,false,, 1.0
2024-08-23 16:40:15 +0000,Barbell Shoulder Press, 4,45.35929094356398,0.0,0.0,0.0,0.0,false,, 1.0
2024-08-23 16:40:15 +0000,Barbell Shoulder Press, 4,45.35929094356398,0.0,0.0,0.0,0.0,false,, 1.0
2024-08-23 16:40:15 +0000,Barbell Shoulder Press, 5,45.35929094356398,0.0,0.0,0.0,0.0,false,, 1.0
2024-08-23 16:40:15 +0000,Barbell Shoulder Press, 5,45.35929094356398,0.0,0.0,0.0,0.0,false,, 1.0
2024-08-23 16:40:15 +0000,Dumbbell Bench Press, 10,29.483539113316585,0.0,0.0,0.0,0.0,false,, 2.0
2024-08-23 16:40:15 +0000,Dumbbell Bench Press, 10,29.483539113316585,0.0,0.0,0.0,0.0,false,, 2.0
2024-08-23 16:40:15 +0000,Dumbbell Bench Press, 10,29.483539113316585,0.0,0.0,0.0,0.0,false,, 2.0
2024-08-23 16:40:15 +0000,Dumbbell Kickbacks, 8,13.607787283069193,0.0,0.0,0.0,0.0,false,, 2.0
2024-08-23 16:40:15 +0000,Dumbbell Kickbacks, 8,13.607787283069193,0.0,0.0,0.0,0.0,false,, 2.0
2024-08-23 16:40:15 +0000,Dumbbell Kickbacks, 8,13.607787283069193,0.0,0.0,0.0,0.0,false,, 2.0
2024-08-23 16:40:15 +0000,Machine Bench Press, 8,38.55539730202938,0.0,0.0,0.0,0.0,true,, 1.0
2024-08-23 16:40:15 +0000,Machine Bench Press, 7,58.96707822663317,0.0,0.0,0.0,0.0,false,, 1.0
2024-08-23 16:40:15 +0000,Machine Bench Press, 7,58.96707822663317,0.0,0.0,0.0,0.0,false,, 1.0
2024-08-23 16:40:15 +0000,Machine Bench Press, 7,58.96707822663317,0.0,0.0,0.0,0.0,false,, 1.0
2024-08-23 16:40:15 +0000,EZ-Bar Overhead Tricep Extension, 12,22.67964547178199,0.0,0.0,0.0,0.0,false,, 1.0
2024-08-23 16:40:15 +0000,EZ-Bar Overhead Tricep Extension, 13,22.67964547178199,0.0,0.0,0.0,0.0,false,, 1.0
2024-08-23 16:40:15 +0000,EZ-Bar Overhead Tricep Extension, 12,22.67964547178199,0.0,0.0,0.0,0.0,false,, 1.0
2024-08-23 16:40:15 +0000,Dumbbell Lateral Raise, 8,9.071858188712795,0.0,0.0,0.0,0.0,false,, 2.0
2024-08-23 16:40:15 +0000,Dumbbell Lateral Raise, 8,9.071858188712795,0.0,0.0,0.0,0.0,false,, 2.0
2024-08-23 16:40:15 +0000,Dumbbell Lateral Raise, 8,9.071858188712795,0.0,0.0,0.0,0.0,false,, 2.0
2024-08-23 16:40:15 +0000,Superman Hold, 0,0.0,29.0,0.0,0.0,0.0,false,, 0.0
2024-08-23 16:40:15 +0000,Superman Hold, 0,0.0,29.0,0.0,0.0,0.0,false,, 0.0
2024-08-23 16:40:15 +0000,Superman Hold, 0,0.0,29.0,0.0,0.0,0.0,false,, 0.0
2024-08-22 13:32:41 +0000,Back Squat, 8,61.235042773811365,0.0,0.0,0.0,0.0,true,, 1.0
2024-08-22 13:32:41 +0000,Back Squat, 3,102.05840462301894,0.0,0.0,0.0,0.0,true,, 1.0
2024-08-22 13:32:41 +0000,Back Squat, 3,115.66619190608813,0.0,0.0,0.0,0.0,false,, 1.0
2024-08-22 13:32:41 +0000,Back Squat, 3,117.93415645326634,0.0,0.0,0.0,0.0,false,, 1.0
2024-08-22 13:32:41 +0000,Back Squat, 3,117.93415645326634,0.0,0.0,0.0,0.0,false,, 1.0
2024-08-22 13:32:41 +0000,Back Squat, 3,117.93415645326634,0.0,0.0,0.0,0.0,false,, 1.0
2024-08-22 13:32:41 +0000,Lying Hamstrings Curl, 8,43.091326396385774,0.0,0.0,0.0,0.0,true,, 1.0
2024-08-22 13:32:41 +0000,Lying Hamstrings Curl, 5,70.30690096252415,0.0,0.0,0.0,0.0,false,, 1.0
2024-08-22 13:32:41 +0000,Lying Hamstrings Curl, 5,70.30690096252415,0.0,0.0,0.0,0.0,false,, 1.0
2024-08-22 13:32:41 +0000,Lying Hamstrings Curl, 5,70.30690096252415,0.0,0.0,0.0,0.0,false,, 1.0
2024-08-22 13:32:41 +0000,Lying Hamstrings Curl, 5,70.30690096252415,0.0,0.0,0.0,0.0,false,, 1.0
2024-08-22 13:32:41 +0000,Standing Machine Calf Press, 10,140.6138019250483,0.0,0.0,0.0,0.0,false,, 1.0
2024-08-22 13:32:41 +0000,Standing Machine Calf Press, 10,140.6138019250483,0.0,0.0,0.0,0.0,false,, 1.0
2024-08-22 13:32:41 +0000,Standing Machine Calf Press, 10,145.14973101940473,0.0,0.0,0.0,0.0,false,, 1.0
2024-08-22 13:32:41 +0000,Standing Machine Calf Press, 9,145.14973101940473,0.0,0.0,0.0,0.0,false,, 1.0
2024-08-22 13:32:41 +0000,Leg Extension, 8,56.69911367945497,0.0,0.0,0.0,0.0,true,, 1.0
2024-08-22 13:32:41 +0000,Leg Extension, 7,92.98654643430615,0.0,0.0,0.0,0.0,false,, 1.0
2024-08-22 13:32:41 +0000,Leg Extension, 7,92.98654643430615,0.0,0.0,0.0,0.0,false,, 1.0
2024-08-22 13:32:41 +0000,Leg Extension, 7,92.98654643430615,0.0,0.0,0.0,0.0,false,, 1.0
2024-08-22 13:32:41 +0000,Leg Extension, 7,92.98654643430615,0.0,0.0,0.0,0.0,false,, 1.0
2024-08-22 13:32:41 +0000,Prone Flutter Kicks, 0,0.0,58.0,0.0,0.0,0.0,false,, 0.0
2024-08-22 13:32:41 +0000,Prone Flutter Kicks, 0,0.0,52.0,0.0,0.0,0.0,false,, 0.0
2024-08-22 13:32:41 +0000,Prone Flutter Kicks, 0,0.0,58.0,0.0,0.0,0.0,false,, 0.0
2024-08-22 13:32:41 +0000,Ab Crunch Machine, 8,58.96707822663317,0.0,0.0,0.0,0.0,false,, 1.0
2024-08-22 13:32:41 +0000,Ab Crunch Machine, 8,65.77097186816776,0.0,0.0,0.0,0.0,false,, 1.0
2024-08-22 13:32:41 +0000,Ab Crunch Machine, 10,77.11079460405875,0.0,0.0,0.0,0.0,false,, 1.0
2024-08-22 13:32:41 +0000,Ab Crunch Machine, 10,77.11079460405875,0.0,0.0,0.0,0.0,false,, 1.0
2024-08-21 17:15:47 +0000,Pull Up, 3,0.0,0.0,0.0,0.0,0.0,false,, 1.0
2024-08-21 17:15:47 +0000,Pull Up, 9,0.0,0.0,0.0,0.0,0.0,false,, 1.0
2024-08-21 17:15:47 +0000,Pull Up, 8,0.0,0.0,0.0,0.0,0.0,false,, 1.0
2024-08-21 17:15:47 +0000,Barbell Curl, 7,31.75150366049478,0.0,0.0,0.0,0.0,false,, 1.0
2024-08-21 17:15:47 +0000,Barbell Curl, 7,31.75150366049478,0.0,0.0,0.0,0.0,false,, 1.0
2024-08-21 17:15:47 +0000,Barbell Curl, 7,31.75150366049478,0.0,0.0,0.0,0.0,false,, 1.0
2024-08-21 17:15:47 +0000,Barbell Curl, 7,31.75150366049478,0.0,0.0,0.0,0.0,false,, 1.0
2024-08-21 17:15:47 +0000,Reverse Grip Barbell Bent Over Row, 7,34.01946820767298,0.0,0.0,0.0,0.0,true,, 1.0
2024-08-21 17:15:47 +0000,Reverse Grip Barbell Bent Over Row, 8,45.35929094356398,0.0,0.0,0.0,0.0,false,, 1.0
2024-08-21 17:15:47 +0000,Reverse Grip Barbell Bent Over Row, 9,45.35929094356398,0.0,0.0,0.0,0.0,false,, 1.0
2024-08-21 17:15:47 +0000,Reverse Grip Barbell Bent Over Row, 10,45.35929094356398,0.0,0.0,0.0,0.0,false,, 1.0
2024-08-21 17:15:47 +0000,Shotgun Row, 8,22.67964547178199,0.0,0.0,0.0,0.0,false,, 2.0
2024-08-21 17:15:47 +0000,Shotgun Row, 7,22.67964547178199,0.0,0.0,0.0,0.0,false,, 2.0
2024-08-21 17:15:47 +0000,Shotgun Row, 7,22.67964547178199,0.0,0.0,0.0,0.0,false,, 2.0
2024-08-21 17:15:47 +0000,Shotgun Row, 7,22.67964547178199,0.0,0.0,0.0,0.0,false,, 2.0
2024-08-21 17:15:47 +0000,Shotgun Row, 7,22.67964547178199,0.0,0.0,0.0,0.0,false,, 2.0
2024-08-21 17:15:47 +0000,Cross Body Hammer Curls, 10,11.339822735890994,0.0,0.0,0.0,0.0,false,, 2.0
2024-08-21 17:15:47 +0000,Cross Body Hammer Curls, 10,11.339822735890994,0.0,0.0,0.0,0.0,false,, 2.0
2024-08-21 17:15:47 +0000,Dumbbell Wide Curls, 10,4.535929094356398,0.0,0.0,0.0,0.0,false,, 2.0
2024-08-21 17:15:47 +0000,Dumbbell Wide Curls, 10,4.535929094356398,0.0,0.0,0.0,0.0,false,, 2.0
2024-08-21 17:15:47 +0000,Cable Crunch, 10,36.28743275485118,0.0,0.0,0.0,0.0,false,, 1.0
2024-08-21 17:15:47 +0000,Cable Crunch, 10,36.28743275485118,0.0,0.0,0.0,0.0,false,, 1.0
2024-08-21 17:15:47 +0000,Cable Crunch, 10,36.28743275485118,0.0,0.0,0.0,0.0,false,, 1.0
2024-08-21 17:15:47 +0000,Cable Crunch, 10,36.28743275485118,0.0,0.0,0.0,0.0,false,, 1.0
2024-08-21 17:15:47 +0000,Cable Crunch, 10,36.28743275485118,0.0,0.0,0.0,0.0,false,, 1.0
2024-08-20 17:19:20 +0000,Barbell Incline Bench Press, 4,61.235042773811365,0.0,0.0,0.0,0.0,false,, 1.0
2024-08-20 17:19:20 +0000,Barbell Incline Bench Press, 4,70.30690096252415,0.0,0.0,0.0,0.0,false,, 1.0
2024-08-20 17:19:20 +0000,Barbell Incline Bench Press, 3,83.91468824559335,0.0,0.0,0.0,0.0,false,, 1.0
2024-08-20 17:19:20 +0000,Barbell Incline Bench Press, 4,79.37875915123695,0.0,0.0,0.0,0.0,false,, 1.0
2024-08-20 17:19:20 +0000,Cable Rope Tricep Extension, 8,26.081592292549285,0.0,0.0,0.0,0.0,false,, 1.0
2024-08-20 17:19:20 +0000,Cable Rope Tricep Extension, 8,26.081592292549285,0.0,0.0,0.0,0.0,false,, 1.0
2024-08-20 17:19:20 +0000,Cable Rope Tricep Extension, 8,26.081592292549285,0.0,0.0,0.0,0.0,false,, 1.0
2024-08-20 17:19:20 +0000,Cable Rope Tricep Extension, 8,26.081592292549285,0.0,0.0,0.0,0.0,false,, 1.0
2024-08-20 17:19:20 +0000,Vertical Knee Raise, 7,0.0,0.0,0.0,0.0,0.0,false,, 1.0
2024-08-20 17:19:20 +0000,Vertical Knee Raise, 10,0.0,0.0,0.0,0.0,0.0,false,, 1.0
2024-08-20 17:19:20 +0000,Vertical Knee Raise, 16,0.0,0.0,0.0,0.0,0.0,false,, 1.0
2024-08-20 17:19:20 +0000,Vertical Knee Raise, 15,0.0,0.0,0.0,0.0,0.0,false,, 1.0
2024-08-20 17:19:20 +0000,Dip, 9,0.0,0.0,0.0,0.0,0.0,false,, 1.0
2024-08-20 17:19:20 +0000,Dip, 9,0.0,0.0,0.0,0.0,0.0,false,, 1.0
2024-08-20 17:19:20 +0000,Dip, 9,0.0,0.0,0.0,0.0,0.0,false,, 1.0
2024-08-20 17:19:20 +0000,Chest Dip, 7,0.0,0.0,0.0,0.0,0.0,false,, 1.0
2024-08-20 17:19:20 +0000,Chest Dip, 7,0.0,0.0,0.0,0.0,0.0,false,, 1.0
2024-08-20 17:19:20 +0000,Chest Dip, 7,0.0,0.0,0.0,0.0,0.0,false,, 1.0
2024-08-20 17:19:20 +0000,Front Plate Raise, 8,15.87575183024739,0.0,0.0,0.0,0.0,false,, 1.0
2024-08-20 17:19:20 +0000,Front Plate Raise, 8,15.87575183024739,0.0,0.0,0.0,0.0,false,, 1.0
2024-08-20 17:19:20 +0000,Back Extensions, 16,0.0,0.0,0.0,0.0,0.0,false,, 1.0
2024-08-20 17:19:20 +0000,Back Extensions, 16,0.0,0.0,0.0,0.0,0.0,false,, 1.0
2024-08-20 17:19:20 +0000,Back Extensions, 16,0.0,0.0,0.0,0.0,0.0,false,, 1.0
2024-08-20 17:19:20 +0000,Back Extensions, 16,0.0,0.0,0.0,0.0,0.0,false,, 1.0
2024-08-20 17:19:20 +0000,Push Up, 23,0.0,0.0,0.0,0.0,0.0,false,, 1.0
2024-08-20 17:19:20 +0000,Push Up, 20,0.0,0.0,0.0,0.0,0.0,false,, 1.0
2024-08-20 17:19:20 +0000,Push Up, 20,0.0,0.0,0.0,0.0,0.0,false,, 1.0
2024-08-19 16:58:33 +0000,Pulse Back Squat, 8,43.091326396385774,0.0,0.0,0.0,0.0,true,, 1.0
2024-08-19 16:58:33 +0000,Pulse Back Squat, 6,74.84283005688056,0.0,0.0,0.0,0.0,false,, 1.0
2024-08-19 16:58:33 +0000,Pulse Back Squat, 6,74.84283005688056,0.0,0.0,0.0,0.0,false,, 1.0
2024-08-19 16:58:33 +0000,Pulse Back Squat, 6,74.84283005688056,0.0,0.0,0.0,0.0,false,, 1.0
2024-08-19 16:58:33 +0000,Cable Hip Extension, 7,15.87575183024739,0.0,0.0,0.0,0.0,false,, 2.0
2024-08-19 16:58:33 +0000,Cable Hip Extension, 7,15.87575183024739,0.0,0.0,0.0,0.0,false,, 2.0
2024-08-19 16:58:33 +0000,Cable Hip Extension, 7,15.87575183024739,0.0,0.0,0.0,0.0,false,, 2.0
2024-08-19 16:58:33 +0000,Single Leg Romanian Deadlift, 10,9.071858188712795,0.0,0.0,0.0,0.0,false,, 4.0
2024-08-19 16:58:33 +0000,Single Leg Romanian Deadlift, 10,9.071858188712795,0.0,0.0,0.0,0.0,false,, 4.0
2024-08-19 16:58:33 +0000,Single Leg Romanian Deadlift, 10,9.071858188712795,0.0,0.0,0.0,0.0,false,, 4.0
2024-08-19 16:58:33 +0000,Dumbbell Squat, 11,20.41168092460379,0.0,0.0,0.0,0.0,false,, 2.0
2024-08-19 16:58:33 +0000,Dumbbell Squat, 11,20.41168092460379,0.0,0.0,0.0,0.0,false,, 2.0
2024-08-19 16:58:33 +0000,Dumbbell Squat, 11,20.41168092460379,0.0,0.0,0.0,0.0,false,, 2.0
2024-08-19 16:58:33 +0000,Box Jump, 11,0.0,0.0,0.0,0.0,0.0,false,, 1.0
2024-08-19 16:58:33 +0000,Box Jump, 11,0.0,0.0,0.0,0.0,0.0,false,, 1.0
2024-08-19 16:58:33 +0000,Box Jump, 11,0.0,0.0,0.0,0.0,0.0,false,, 1.0
2024-08-19 16:58:33 +0000,Dumbbell Hip Thrust, 10,13.607787283069193,0.0,0.0,0.0,0.0,false,, 1.0
2024-08-19 16:58:33 +0000,Dumbbell Hip Thrust, 10,13.607787283069193,0.0,0.0,0.0,0.0,false,, 1.0
2024-08-19 16:58:33 +0000,Dumbbell Hip Thrust, 10,13.607787283069193,0.0,0.0,0.0,0.0,false,, 1.0
2024-08-19 16:58:33 +0000,Leg Raise, 5,0.0,0.0,0.0,0.0,0.0,false,, 1.0
2024-08-19 16:58:33 +0000,Leg Raise, 6,0.0,0.0,0.0,0.0,0.0,false,, 1.0
2024-08-19 16:58:33 +0000,Leg Raise, 15,0.0,0.0,0.0,0.0,0.0,false,, 1.0
2024-08-19 16:58:33 +0000,Leg Raise, 15,0.0,0.0,0.0,0.0,0.0,false,, 1.0
2024-08-17 15:42:42 +0000,Inverted Row, 3,0.0,0.0,0.0,0.0,0.0,false,, 1.0
2024-08-17 15:42:42 +0000,Inverted Row, 5,0.0,0.0,0.0,0.0,0.0,false,, 1.0
2024-08-17 15:42:42 +0000,Inverted Row, 10,0.0,0.0,0.0,0.0,0.0,false,, 1.0
2024-08-17 15:42:42 +0000,Inverted Row, 10,0.0,0.0,0.0,0.0,0.0,false,, 1.0
2024-08-17 15:42:42 +0000,Upright Row, 12,20.41168092460379,0.0,0.0,0.0,0.0,false,, 1.0
2024-08-17 15:42:42 +0000,Upright Row, 12,29.483539113316585,0.0,0.0,0.0,0.0,false,, 1.0
2024-08-17 15:42:42 +0000,Upright Row, 14,36.28743275485118,0.0,0.0,0.0,0.0,false,, 1.0
2024-08-17 15:42:42 +0000,Upright Row, 12,36.28743275485118,0.0,0.0,0.0,0.0,false,, 1.0
2024-08-17 15:42:42 +0000,V-Bar Pull Up, 4,0.0,0.0,0.0,0.0,0.0,false,, 1.0
2024-08-17 15:42:42 +0000,V-Bar Pull Up, 4,0.0,0.0,0.0,0.0,0.0,false,, 1.0
2024-08-17 15:42:42 +0000,V-Bar Pull Up, 4,0.0,0.0,0.0,0.0,0.0,false,, 1.0
2024-08-17 15:42:42 +0000,V-Bar Pull Up, 4,0.0,0.0,0.0,0.0,0.0,false,, 1.0
2024-08-17 15:42:42 +0000,V-Bar Pull Up, 5,0.0,0.0,0.0,0.0,0.0,false,, 1.0
2024-08-17 15:42:42 +0000,Dumbbell Bicep Curl, 7,15.87575183024739,0.0,0.0,0.0,0.0,false,, 2.0
2024-08-17 15:42:42 +0000,Dumbbell Bicep Curl, 7,15.87575183024739,0.0,0.0,0.0,0.0,false,, 2.0
2024-08-17 15:42:42 +0000,Dumbbell Bicep Curl, 6,15.87575183024739,0.0,0.0,0.0,0.0,false,, 2.0
2024-08-17 15:42:42 +0000,Reverse Barbell Curl, 12,13.607787283069193,0.0,0.0,0.0,0.0,false,, 1.0
2024-08-17 15:42:42 +0000,Reverse Barbell Curl, 12,13.607787283069193,0.0,0.0,0.0,0.0,false,, 1.0
2024-08-17 15:42:42 +0000,Reverse Barbell Curl, 10,13.607787283069193,0.0,0.0,0.0,0.0,false,, 1.0
2024-08-17 15:42:42 +0000,Cable Row, 8,38.55539730202938,0.0,0.0,0.0,0.0,true,, 1.0
2024-08-17 15:42:42 +0000,Cable Row, 12,58.96707822663317,0.0,0.0,0.0,0.0,false,, 1.0
2024-08-17 15:42:42 +0000,Cable Row, 12,58.96707822663317,0.0,0.0,0.0,0.0,false,, 1.0
2024-08-17 15:42:42 +0000,Cable Row, 10,58.96707822663317,0.0,0.0,0.0,0.0,false,, 1.0
2024-08-17 15:42:42 +0000,Vertical Knee Raise, 12,0.0,0.0,0.0,0.0,0.0,false,, 1.0
2024-08-17 15:42:42 +0000,Vertical Knee Raise, 12,0.0,0.0,0.0,0.0,0.0,false,, 1.0
2024-08-17 15:42:42 +0000,Vertical Knee Raise, 12,0.0,0.0,0.0,0.0,0.0,false,, 1.0
2024-08-17 15:42:42 +0000,Vertical Knee Raise, 12,0.0,0.0,0.0,0.0,0.0,false,, 1.0
2024-08-16 16:21:10 +0000,Barbell Bench Press, 10,20.41168092460379,0.0,0.0,0.0,0.0,true,, 1.0
2024-08-16 16:21:10 +0000,Barbell Bench Press, 5,43.091326396385774,0.0,0.0,0.0,0.0,true,, 1.0
2024-08-16 16:21:10 +0000,Barbell Bench Press, 5,61.235042773811365,0.0,0.0,0.0,0.0,false,, 1.0
2024-08-16 16:21:10 +0000,Barbell Bench Press, 2,70.30690096252415,0.0,0.0,0.0,0.0,false,, 1.0
2024-08-16 16:21:10 +0000,Barbell Bench Press, 6,88.45061733994974,0.0,0.0,0.0,0.0,false,, 1.0
2024-08-16 16:21:10 +0000,Barbell Bench Press, 5,88.45061733994974,0.0,0.0,0.0,0.0,false,, 1.0
2024-08-16 16:21:10 +0000,Close-Grip Bench Press, 4,79.37875915123695,0.0,0.0,0.0,0.0,false,, 1.0
2024-08-16 16:21:10 +0000,Close-Grip Bench Press, 4,79.37875915123695,0.0,0.0,0.0,0.0,false,, 1.0
2024-08-16 16:21:10 +0000,Close-Grip Bench Press, 4,79.37875915123695,0.0,0.0,0.0,0.0,false,, 1.0
2024-08-16 16:21:10 +0000,Close-Grip Bench Press, 4,79.37875915123695,0.0,0.0,0.0,0.0,false,, 1.0
2024-08-16 16:21:10 +0000,Close-Grip Bench Press, 4,79.37875915123695,0.0,0.0,0.0,0.0,false,, 1.0
2024-08-16 16:21:10 +0000,Dumbbell Fly, 4,15.87575183024739,0.0,0.0,0.0,0.0,false,, 2.0
2024-08-16 16:21:10 +0000,Dumbbell Fly, 6,15.87575183024739,0.0,0.0,0.0,0.0,false,, 2.0
2024-08-16 16:21:10 +0000,Dumbbell Fly, 7,15.87575183024739,0.0,0.0,0.0,0.0,false,, 2.0
2024-08-16 16:21:10 +0000,Dumbbell Fly, 8,15.87575183024739,0.0,0.0,0.0,0.0,false,, 2.0
2024-08-16 16:21:10 +0000,Dumbbell Front Raise, 12,6.8038936415345965,0.0,0.0,0.0,0.0,false,, 2.0
2024-08-16 16:21:10 +0000,Dumbbell Front Raise, 12,6.8038936415345965,0.0,0.0,0.0,0.0,false,, 2.0
2024-08-16 16:21:10 +0000,Dumbbell Front Raise, 12,6.8038936415345965,0.0,0.0,0.0,0.0,false,, 2.0
2024-08-16 16:21:10 +0000,Dumbbell Rear Delt Raise, 10,6.8038936415345965,0.0,0.0,0.0,0.0,false,, 2.0
2024-08-16 16:21:10 +0000,Dumbbell Rear Delt Raise, 10,6.8038936415345965,0.0,0.0,0.0,0.0,false,, 2.0
2024-08-16 16:21:10 +0000,Dumbbell Rear Delt Raise, 10,6.8038936415345965,0.0,0.0,0.0,0.0,false,, 2.0
2024-08-16 16:21:10 +0000,Cable Tricep Pushdown, 8,19.27769865101469,0.0,0.0,0.0,0.0,true,, 1.0
2024-08-16 16:21:10 +0000,Cable Tricep Pushdown, 12,29.483539113316585,0.0,0.0,0.0,0.0,false,, 1.0
2024-08-16 16:21:10 +0000,Cable Tricep Pushdown, 12,29.483539113316585,0.0,0.0,0.0,0.0,false,, 1.0
2024-08-16 16:21:10 +0000,Medicine Ball Russian Twist, 10,6.8038936415345965,0.0,0.0,0.0,0.0,false,, 2.0
2024-08-16 16:21:10 +0000,Medicine Ball Russian Twist, 11,6.8038936415345965,0.0,0.0,0.0,0.0,false,, 2.0
2024-08-16 16:21:10 +0000,Medicine Ball Russian Twist, 12,6.8038936415345965,0.0,0.0,0.0,0.0,false,, 2.0
2024-08-15 17:04:19 +0000,Barbell Back Squat with Deep Partial Squat, 8,31.75150366049478,0.0,0.0,0.0,0.0,true,, 1.0
2024-08-15 17:04:19 +0000,Barbell Back Squat with Deep Partial Squat, 4,61.235042773811365,0.0,0.0,0.0,0.0,false,, 1.0
2024-08-15 17:04:19 +0000,Barbell Back Squat with Deep Partial Squat, 4,61.235042773811365,0.0,0.0,0.0,0.0,false,, 1.0
2024-08-15 17:04:19 +0000,Barbell Back Squat with Deep Partial Squat, 4,61.235042773811365,0.0,0.0,0.0,0.0,false,, 1.0
2024-08-15 17:04:19 +0000,Barbell Back Squat with Deep Partial Squat, 4,61.235042773811365,0.0,0.0,0.0,0.0,false,, 1.0
2024-08-15 17:04:19 +0000,Barbell Back Squat with Deep Partial Squat, 4,61.235042773811365,0.0,0.0,0.0,0.0,false,, 1.0
2024-08-15 17:04:19 +0000,Romanian Deadlift, 7,61.235042773811365,0.0,0.0,0.0,0.0,true,, 1.0
2024-08-15 17:04:19 +0000,Romanian Deadlift, 8,92.98654643430615,0.0,0.0,0.0,0.0,false,, 1.0
2024-08-15 17:04:19 +0000,Romanian Deadlift, 8,92.98654643430615,0.0,0.0,0.0,0.0,false,, 1.0
2024-08-15 17:04:19 +0000,Romanian Deadlift, 9,92.98654643430615,0.0,0.0,0.0,0.0,false,, 1.0
2024-08-15 17:04:19 +0000,Romanian Deadlift, 10,92.98654643430615,0.0,0.0,0.0,0.0,false,, 1.0
2024-08-15 17:04:19 +0000,Dual Kettlebell Front Squat, 13,11.974852809100888,0.0,0.0,0.0,0.0,false,, 2.0
2024-08-15 17:04:19 +0000,Kettlebell Swing, 12,11.974852809100888,0.0,0.0,0.0,0.0,false,, 1.0
2024-08-15 17:04:19 +0000,Leg Pull-In, 17,0.0,0.0,0.0,0.0,0.0,false,, 1.0
2024-08-15 17:04:19 +0000,Leg Pull-In, 17,0.0,0.0,0.0,0.0,0.0,false,, 1.0
2024-08-15 17:04:19 +0000,Leg Pull-In, 17,0.0,0.0,0.0,0.0,0.0,false,, 1.0
2024-08-15 17:04:19 +0000,Leg Pull-In, 17,0.0,0.0,0.0,0.0,0.0,false,, 1.0
2024-08-15 17:04:19 +0000,Leg Pull-In, 17,0.0,0.0,0.0,0.0,0.0,false,, 1.0
2024-08-15 17:04:19 +0000,Cable Pull Through, 8,24.947610018960187,0.0,0.0,0.0,0.0,true,, 1.0
2024-08-15 17:04:19 +0000,Cable Pull Through, 5,39.689379575618474,0.0,0.0,0.0,0.0,false,, 1.0
2024-08-15 17:04:19 +0000,Cable Pull Through, 6,39.689379575618474,0.0,0.0,0.0,0.0,false,, 1.0
2024-08-15 17:04:19 +0000,Cable Pull Through, 6,36.28743275485118,0.0,0.0,0.0,0.0,false,, 1.0
2024-08-14 17:09:03 +0000,Cable Bicep Curl, 8,15.87575183024739,0.0,0.0,0.0,0.0,true,, 1.0
2024-08-14 17:09:03 +0000,Cable Bicep Curl, 7,26.081592292549285,0.0,0.0,0.0,0.0,false,, 1.0
2024-08-14 17:09:03 +0000,Cable Bicep Curl, 7,26.081592292549285,0.0,0.0,0.0,0.0,false,, 1.0
2024-08-14 17:09:03 +0000,Cable Bicep Curl, 7,26.081592292549285,0.0,0.0,0.0,0.0,false,, 1.0
2024-08-14 17:09:03 +0000,Dumbbell Row, 7,20.41168092460379,0.0,0.0,0.0,0.0,true,, 2.0
2024-08-14 17:09:03 +0000,Dumbbell Row, 6,29.483539113316585,0.0,0.0,0.0,0.0,false,, 2.0
2024-08-14 17:09:03 +0000,Dumbbell Row, 6,29.483539113316585,0.0,0.0,0.0,0.0,false,, 2.0
2024-08-14 17:09:03 +0000,Dumbbell Row, 6,29.483539113316585,0.0,0.0,0.0,0.0,false,, 2.0
2024-08-14 17:09:03 +0000,Dumbbell Row, 6,29.483539113316585,0.0,0.0,0.0,0.0,false,, 2.0
2024-08-14 17:09:03 +0000,Dumbbell Row, 6,29.483539113316585,0.0,0.0,0.0,0.0,false,, 2.0
2024-08-14 17:09:03 +0000,Barbell Pause Curl, 12,22.67964547178199,0.0,0.0,0.0,0.0,false,, 1.0
2024-08-14 17:09:03 +0000,Barbell Pause Curl, 6,31.75150366049478,0.0,0.0,0.0,0.0,false,, 1.0
2024-08-14 17:09:03 +0000,Barbell Pause Curl, 6,31.75150366049478,0.0,0.0,0.0,0.0,false,, 1.0
2024-08-14 17:09:03 +0000,Machine Row, 5,65.77097186816776,0.0,0.0,0.0,0.0,false,, 1.0
2024-08-14 17:09:03 +0000,Machine Row, 6,65.77097186816776,0.0,0.0,0.0,0.0,false,, 1.0
2024-08-14 17:09:03 +0000,Machine Row, 6,65.77097186816776,0.0,0.0,0.0,0.0,false,, 1.0
2024-08-14 17:09:03 +0000,Machine Row, 6,65.77097186816776,0.0,0.0,0.0,0.0,false,, 1.0
2024-08-14 17:09:03 +0000,Lat Pulldown, 8,43.091326396385774,0.0,0.0,0.0,0.0,true,, 1.0
2024-08-14 17:09:03 +0000,Lat Pulldown, 4,72.57486550970236,0.0,0.0,0.0,0.0,false,, 1.0
2024-08-14 17:09:03 +0000,Lat Pulldown, 4,72.57486550970236,0.0,0.0,0.0,0.0,false,, 1.0
2024-08-14 17:09:03 +0000,Lat Pulldown, 4,72.57486550970236,0.0,0.0,0.0,0.0,false,, 1.0
2024-08-14 17:09:03 +0000,Lat Pulldown, 5,72.57486550970236,0.0,0.0,0.0,0.0,false,, 1.0
2024-08-14 17:09:03 +0000,Incline Back Extension, 5,0.0,0.0,0.0,0.0,0.0,false,, 1.0
2024-08-14 17:09:03 +0000,Incline Back Extension, 7,0.0,0.0,0.0,0.0,0.0,false,, 1.0
2024-08-14 17:09:03 +0000,Incline Back Extension, 15,0.0,0.0,0.0,0.0,0.0,false,, 1.0
2024-08-14 17:09:03 +0000,Incline Back Extension, 20,0.0,0.0,0.0,0.0,0.0,false,, 1.0
2024-08-13 16:54:17 +0000,Push Up, 10,0.0,0.0,0.0,0.0,0.0,false,, 1.0
2024-08-13 16:54:17 +0000,Push Up, 12,0.0,0.0,0.0,0.0,0.0,false,, 1.0
2024-08-13 16:54:17 +0000,Push Up, 25,0.0,0.0,0.0,0.0,0.0,false,, 1.0
2024-08-13 16:54:17 +0000,Push Up, 21,0.0,0.0,0.0,0.0,0.0,false,, 1.0
2024-08-13 16:54:17 +0000,Barbell Shoulder Press, 6,20.41168092460379,0.0,0.0,0.0,0.0,true,, 1.0
2024-08-13 16:54:17 +0000,Barbell Shoulder Press, 2,47.62725549074217,0.0,0.0,0.0,0.0,false,, 1.0
2024-08-13 16:54:17 +0000,Barbell Shoulder Press, 4,43.091326396385774,0.0,0.0,0.0,0.0,false,, 1.0
2024-08-13 16:54:17 +0000,Barbell Shoulder Press, 4,43.091326396385774,0.0,0.0,0.0,0.0,false,, 1.0
2024-08-13 16:54:17 +0000,Barbell Shoulder Press, 4,43.091326396385774,0.0,0.0,0.0,0.0,false,, 1.0
2024-08-13 16:54:17 +0000,Skullcrusher, 6,36.28743275485118,0.0,0.0,0.0,0.0,false,, 1.0
2024-08-13 16:54:17 +0000,Skullcrusher, 6,36.28743275485118,0.0,0.0,0.0,0.0,false,, 1.0
2024-08-13 16:54:17 +0000,Skullcrusher, 5,36.28743275485118,0.0,0.0,0.0,0.0,false,, 1.0
2024-08-13 16:54:17 +0000,Dumbbell Bench Press, 6,29.483539113316585,0.0,0.0,0.0,0.0,false,, 2.0
2024-08-13 16:54:17 +0000,Dumbbell Bench Press, 6,29.483539113316585,0.0,0.0,0.0,0.0,false,, 2.0
2024-08-13 16:54:17 +0000,Dumbbell Bench Press, 7,29.483539113316585,0.0,0.0,0.0,0.0,false,, 2.0
2024-08-13 16:54:17 +0000,Dumbbell Back Fly, 10,6.8038936415345965,0.0,0.0,0.0,0.0,false,, 2.0
2024-08-13 16:54:17 +0000,Dumbbell Back Fly, 10,6.8038936415345965,0.0,0.0,0.0,0.0,false,, 2.0
2024-08-13 16:54:17 +0000,Dumbbell Back Fly, 10,6.8038936415345965,0.0,0.0,0.0,0.0,false,, 2.0
2024-08-13 16:54:17 +0000,Dip, 9,0.0,0.0,0.0,0.0,0.0,false,, 1.0
2024-08-13 16:54:17 +0000,Dip, 9,0.0,0.0,0.0,0.0,0.0,false,, 1.0
2024-08-13 16:54:17 +0000,Dip, 8,0.0,0.0,0.0,0.0,0.0,false,, 1.0
2024-08-13 16:54:17 +0000,Dip, 8,0.0,0.0,0.0,0.0,0.0,false,, 1.0
2024-08-13 16:54:17 +0000,Dip, 6,0.0,0.0,0.0,0.0,0.0,false,, 1.0
2024-08-13 16:54:17 +0000,Hammerstrength Decline Chest Press, 8,20.41168092460379,0.0,0.0,0.0,0.0,true,, 2.0
2024-08-13 16:54:17 +0000,Hammerstrength Decline Chest Press, 8,40.82336184920758,0.0,0.0,0.0,0.0,false,, 2.0
2024-08-13 16:54:17 +0000,Hammerstrength Decline Chest Press, 8,40.82336184920758,0.0,0.0,0.0,0.0,false,, 2.0
2024-08-13 16:54:17 +0000,Hammerstrength Decline Chest Press, 8,40.82336184920758,0.0,0.0,0.0,0.0,false,, 2.0
2024-08-13 16:54:17 +0000,Ab Crunch Machine, 12,68.03893641534596,0.0,0.0,0.0,0.0,false,, 1.0
2024-08-13 16:54:17 +0000,Ab Crunch Machine, 12,68.03893641534596,0.0,0.0,0.0,0.0,false,, 1.0
2024-08-13 16:54:17 +0000,Ab Crunch Machine, 12,68.03893641534596,0.0,0.0,0.0,0.0,false,, 1.0
2024-08-12 18:38:17 +0000,Front Squat, 8,20.41168092460379,0.0,0.0,0.0,0.0,true,, 1.0
2024-08-12 18:38:17 +0000,Front Squat, 5,43.091326396385774,0.0,0.0,0.0,0.0,true,, 1.0
2024-08-12 18:38:17 +0000,Front Squat, 4,52.16318458509857,0.0,0.0,0.0,0.0,false,, 1.0
2024-08-12 18:38:17 +0000,Front Squat, 4,65.77097186816776,0.0,0.0,0.0,0.0,false,, 1.0
2024-08-12 18:38:17 +0000,Front Squat, 7,79.37875915123695,0.0,0.0,0.0,0.0,false,, 1.0
2024-08-12 18:38:17 +0000,Front Squat, 6,79.37875915123695,0.0,0.0,0.0,0.0,false,, 1.0
2024-08-12 18:38:17 +0000,Deadlift, 10,20.41168092460379,0.0,0.0,0.0,0.0,true,, 1.0
2024-08-12 18:38:17 +0000,Deadlift, 10,61.235042773811365,0.0,0.0,0.0,0.0,true,, 1.0
2024-08-12 18:38:17 +0000,Deadlift, 3,106.59433371737533,0.0,0.0,0.0,0.0,true,, 1.0
2024-08-12 18:38:17 +0000,Deadlift, 6,120.20212100044454,0.0,0.0,0.0,0.0,false,, 1.0
2024-08-12 18:38:17 +0000,Deadlift, 6,120.20212100044454,0.0,0.0,0.0,0.0,false,, 1.0
2024-08-12 18:38:17 +0000,Deadlift, 6,120.20212100044454,0.0,0.0,0.0,0.0,false,, 1.0
2024-08-12 18:38:17 +0000,Deadlift, 6,120.20212100044454,0.0,0.0,0.0,0.0,false,, 1.0
2024-08-12 18:38:17 +0000,Leg Press, 13,131.54194373633553,0.0,0.0,0.0,0.0,false,, 1.0
2024-08-12 18:38:17 +0000,Leg Press, 12,167.8293764911867,0.0,0.0,0.0,0.0,false,, 1.0
2024-08-12 18:38:17 +0000,Single Leg Glute Bridge, 0,0.0,10.0,0.0,0.0,0.0,false,, 0.0
2024-08-12 18:38:17 +0000,Single Leg Glute Bridge, 0,0.0,10.0,0.0,0.0,0.0,false,, 0.0
2024-08-12 18:38:17 +0000,Single Leg Glute Bridge, 0,0.0,10.0,0.0,0.0,0.0,false,, 0.0
2024-08-12 18:38:17 +0000,Single Leg Glute Bridge, 0,0.0,10.0,0.0,0.0,0.0,false,, 0.0
2024-08-12 18:38:17 +0000,Sled Push, 0,92.98654643430615,0.0,36.575998829568036,0.0,0.0,false,, 0.0
2024-08-12 18:38:17 +0000,Sled Push, 0,92.98654643430615,0.0,36.575998829568036,0.0,0.0,false,, 0.0
2024-08-12 18:38:17 +0000,Sled Push, 0,92.98654643430615,0.0,36.575998829568036,0.0,0.0,false,, 0.0
2024-08-12 18:38:17 +0000,Vertical Knee Raise, 12,0.0,0.0,0.0,0.0,0.0,false,, 1.0
2024-08-12 18:38:17 +0000,Vertical Knee Raise, 12,0.0,0.0,0.0,0.0,0.0,false,, 1.0
2024-08-12 18:38:17 +0000,Vertical Knee Raise, 12,0.0,0.0,0.0,0.0,0.0,false,, 1.0
2024-08-12 18:38:17 +0000,Vertical Knee Raise, 12,0.0,0.0,0.0,0.0,0.0,false,, 1.0
2024-08-12 18:38:17 +0000,Vertical Knee Raise, 12,0.0,0.0,0.0,0.0,0.0,false,, 1.0
2024-08-11 00:53:24 +0000,Pull Up, 7,0.0,0.0,0.0,0.0,0.0,false,, 1.0
2024-08-11 00:53:24 +0000,Pull Up, 7,0.0,0.0,0.0,0.0,0.0,false,, 1.0
2024-08-11 00:53:24 +0000,Pull Up, 7,0.0,0.0,0.0,0.0,0.0,false,, 1.0
2024-08-11 00:53:24 +0000,Barbell Curl, 10,27.215574566138386,0.0,0.0,0.0,0.0,false,, 1.0
2024-08-11 00:53:24 +0000,Barbell Curl, 10,27.215574566138386,0.0,0.0,0.0,0.0,false,, 1.0
2024-08-11 00:53:24 +0000,Barbell Curl, 10,27.215574566138386,0.0,0.0,0.0,0.0,false,, 1.0
2024-08-11 00:53:24 +0000,Barbell Curl, 10,27.215574566138386,0.0,0.0,0.0,0.0,false,, 1.0
2024-08-11 00:53:24 +0000,Hammerstrength High Row, 8,18.14371637742559,0.0,0.0,0.0,0.0,true,, 2.0
2024-08-11 00:53:24 +0000,Hammerstrength High Row, 7,31.75150366049478,0.0,0.0,0.0,0.0,false,, 2.0
2024-08-11 00:53:24 +0000,Hammerstrength High Row, 8,31.75150366049478,0.0,0.0,0.0,0.0,false,, 2.0
2024-08-11 00:53:24 +0000,Hammerstrength High Row, 8,31.75150366049478,0.0,0.0,0.0,0.0,false,, 2.0
2024-08-11 00:53:24 +0000,Hammer Curls, 7,13.607787283069193,0.0,0.0,0.0,0.0,false,, 2.0
2024-08-11 00:53:24 +0000,Hammer Curls, 8,13.607787283069193,0.0,0.0,0.0,0.0,false,, 2.0
2024-08-11 00:53:24 +0000,Hammer Curls, 8,13.607787283069193,0.0,0.0,0.0,0.0,false,, 2.0
2024-08-11 00:53:24 +0000,Machine Bicep Curl, 7,38.55539730202938,0.0,0.0,0.0,0.0,false,, 1.0
2024-08-11 00:53:24 +0000,Machine Bicep Curl, 7,40.82336184920758,0.0,0.0,0.0,0.0,false,, 1.0
2024-08-11 00:53:24 +0000,Machine Bicep Curl, 8,40.82336184920758,0.0,0.0,0.0,0.0,false,, 1.0
2024-08-11 00:53:24 +0000,Cable Row, 8,40.82336184920758,0.0,0.0,0.0,0.0,true,, 1.0
2024-08-11 00:53:24 +0000,Cable Row, 6,68.03893641534596,0.0,0.0,0.0,0.0,false,, 1.0
2024-08-11 00:53:24 +0000,Cable Row, 6,68.03893641534596,0.0,0.0,0.0,0.0,false,, 1.0
2024-08-11 00:53:24 +0000,Cable Row, 6,68.03893641534596,0.0,0.0,0.0,0.0,false,, 1.0
2024-08-11 00:53:24 +0000,Ab Crunch Machine, 12,54.43114913227677,0.0,0.0,0.0,0.0,false,, 1.0
2024-08-11 00:53:24 +0000,Ab Crunch Machine, 15,58.96707822663317,0.0,0.0,0.0,0.0,false,, 1.0
2024-08-11 00:53:24 +0000,Ab Crunch Machine, 15,58.96707822663317,0.0,0.0,0.0,0.0,false,, 1.0
2024-08-11 00:53:24 +0000,Back Extensions, 15,0.0,0.0,0.0,0.0,0.0,false,, 1.0
2024-08-11 00:53:24 +0000,Back Extensions, 18,0.0,0.0,0.0,0.0,0.0,false,, 1.0
2024-08-11 00:53:24 +0000,Back Extensions, 18,0.0,0.0,0.0,0.0,0.0,false,, 1.0
2024-08-09 18:56:02 +0000,Barbell Incline Bench Press, 8,45.35929094356398,0.0,0.0,0.0,0.0,true,, 1.0
2024-08-09 18:56:02 +0000,Barbell Incline Bench Press, 6,74.84283005688056,0.0,0.0,0.0,0.0,false,, 1.0
2024-08-09 18:56:02 +0000,Barbell Incline Bench Press, 6,74.84283005688056,0.0,0.0,0.0,0.0,false,, 1.0
2024-08-09 18:56:02 +0000,Barbell Incline Bench Press, 6,74.84283005688056,0.0,0.0,0.0,0.0,false,, 1.0
2024-08-09 18:56:02 +0000,Barbell Incline Bench Press, 6,74.84283005688056,0.0,0.0,0.0,0.0,false,, 1.0
2024-08-09 18:56:02 +0000,Alternating Medicine Ball Push Up, 2,0.0,0.0,0.0,0.0,0.0,false,, 2.0
2024-08-09 18:56:02 +0000,Alternating Medicine Ball Push Up, 3,0.0,0.0,0.0,0.0,0.0,false,, 2.0
2024-08-09 18:56:02 +0000,Alternating Medicine Ball Push Up, 9,0.0,0.0,0.0,0.0,0.0,false,, 2.0
2024-08-09 18:56:02 +0000,Alternating Medicine Ball Push Up, 6,0.0,0.0,0.0,0.0,0.0,false,, 2.0
2024-08-09 18:56:02 +0000,Cable Rope Tricep Extension, 9,15.87575183024739,0.0,0.0,0.0,0.0,true,, 1.0
2024-08-09 18:56:02 +0000,Cable Rope Tricep Extension, 6,26.081592292549285,0.0,0.0,0.0,0.0,false,, 1.0
2024-08-09 18:56:02 +0000,Cable Rope Tricep Extension, 6,27.215574566138386,0.0,0.0,0.0,0.0,false,, 1.0
2024-08-09 18:56:02 +0000,Cable Rope Tricep Extension, 7,27.215574566138386,0.0,0.0,0.0,0.0,false,, 1.0
2024-08-09 18:56:02 +0000,Cable Face Pull, 10,22.67964547178199,0.0,0.0,0.0,0.0,false,, 1.0
2024-08-09 18:56:02 +0000,Cable Face Pull, 10,22.67964547178199,0.0,0.0,0.0,0.0,false,, 1.0
2024-08-09 18:56:02 +0000,Cable Face Pull, 10,22.67964547178199,0.0,0.0,0.0,0.0,false,, 1.0
2024-08-09 18:56:02 +0000,Cable Face Pull, 10,22.67964547178199,0.0,0.0,0.0,0.0,false,, 1.0
2024-08-09 18:56:02 +0000,Dumbbell Decline Bench Press, 12,20.41168092460379,0.0,0.0,0.0,0.0,false,, 2.0
2024-08-09 18:56:02 +0000,Dumbbell Decline Bench Press, 12,20.41168092460379,0.0,0.0,0.0,0.0,false,, 2.0
2024-08-09 18:56:02 +0000,Dumbbell Decline Bench Press, 12,20.41168092460379,0.0,0.0,0.0,0.0,false,, 2.0
2024-08-09 18:56:02 +0000,Dumbbell Tricep Extension, 11,18.14371637742559,0.0,0.0,0.0,0.0,false,, 1.0
2024-08-09 18:56:02 +0000,Dumbbell Tricep Extension, 11,15.87575183024739,0.0,0.0,0.0,0.0,false,, 1.0
2024-08-09 18:56:02 +0000,Dumbbell Tricep Extension, 11,15.87575183024739,0.0,0.0,0.0,0.0,false,, 1.0
2024-08-09 18:56:02 +0000,Oblique Crunch, 11,0.0,0.0,0.0,0.0,0.0,false,, 2.0
2024-08-09 18:56:02 +0000,Oblique Crunch, 11,0.0,0.0,0.0,0.0,0.0,false,, 2.0
2024-08-09 18:56:02 +0000,Oblique Crunch, 11,0.0,0.0,0.0,0.0,0.0,false,, 2.0
2024-08-09 18:56:02 +0000,Oblique Crunch, 11,0.0,0.0,0.0,0.0,0.0,false,, 2.0
2024-08-09 18:56:02 +0000,Oblique Crunch, 11,0.0,0.0,0.0,0.0,0.0,false,, 2.0
2024-08-08 15:01:03 +0000,Back Squat, 5,61.235042773811365,0.0,0.0,0.0,0.0,false,, 1.0
2024-08-08 15:01:03 +0000,Back Squat, 5,79.37875915123695,0.0,0.0,0.0,0.0,false,, 1.0
2024-08-08 15:01:03 +0000,Back Squat, 11,92.98654643430615,0.0,0.0,0.0,0.0,false,, 1.0
2024-08-08 15:01:03 +0000,Back Squat, 6,92.98654643430615,0.0,0.0,0.0,0.0,false,, 1.0
2024-08-08 15:01:03 +0000,Lying Hamstrings Curl, 8,31.75150366049478,0.0,0.0,0.0,0.0,true,, 1.0
2024-08-08 15:01:03 +0000,Lying Hamstrings Curl, 12,54.43114913227677,0.0,0.0,0.0,0.0,false,, 1.0
2024-08-08 15:01:03 +0000,Lying Hamstrings Curl, 12,54.43114913227677,0.0,0.0,0.0,0.0,false,, 1.0
2024-08-08 15:01:03 +0000,Lying Hamstrings Curl, 12,54.43114913227677,0.0,0.0,0.0,0.0,false,, 1.0
2024-08-08 15:01:03 +0000,Lying Hamstrings Curl, 10,54.43114913227677,0.0,0.0,0.0,0.0,false,, 1.0
2024-08-08 15:01:03 +0000,Single Leg Hip Thrust, 19,0.0,0.0,0.0,0.0,0.0,false,, 2.0
2024-08-08 15:01:03 +0000,Single Leg Hip Thrust, 19,0.0,0.0,0.0,0.0,0.0,false,, 2.0
2024-08-08 15:01:03 +0000,Single Leg Hip Thrust, 19,0.0,0.0,0.0,0.0,0.0,false,, 2.0
2024-08-08 15:01:03 +0000,Dumbbell Lunge, 6,18.14371637742559,0.0,0.0,0.0,0.0,false,, 4.0
2024-08-08 15:01:03 +0000,Dumbbell Lunge, 7,18.14371637742559,0.0,0.0,0.0,0.0,false,, 4.0
2024-08-08 15:01:03 +0000,Dumbbell Lunge, 7,18.14371637742559,0.0,0.0,0.0,0.0,false,, 4.0
2024-08-08 15:01:03 +0000,Barbell Hip Thrust, 8,61.235042773811365,0.0,0.0,0.0,0.0,true,, 1.0
2024-08-08 15:01:03 +0000,Barbell Hip Thrust, 3,83.91468824559335,0.0,0.0,0.0,0.0,true,, 1.0
2024-08-08 15:01:03 +0000,Barbell Hip Thrust, 12,102.05840462301894,0.0,0.0,0.0,0.0,false,, 1.0
2024-08-08 15:01:03 +0000,Barbell Hip Thrust, 12,102.05840462301894,0.0,0.0,0.0,0.0,false,, 1.0
2024-08-08 15:01:03 +0000,Barbell Hip Thrust, 12,102.05840462301894,0.0,0.0,0.0,0.0,false,, 1.0
2024-08-08 15:01:03 +0000,Sit Up, 10,0.0,0.0,0.0,0.0,0.0,false,, 1.0
2024-08-08 15:01:03 +0000,Sit Up, 10,0.0,0.0,0.0,0.0,0.0,false,, 1.0
2024-08-08 15:01:03 +0000,Sit Up, 10,0.0,0.0,0.0,0.0,0.0,false,, 1.0
2024-08-08 15:01:03 +0000,Sit Up, 10,0.0,0.0,0.0,0.0,0.0,false,, 1.0
2024-08-07 19:15:09 +0000,Chin Up, 5,0.0,0.0,0.0,0.0,0.0,false,, 1.0
2024-08-07 19:15:09 +0000,Chin Up, 5,0.0,0.0,0.0,0.0,0.0,false,, 1.0
2024-08-07 19:15:09 +0000,Chin Up, 5,0.0,0.0,0.0,0.0,0.0,false,, 1.0
2024-08-07 19:15:09 +0000,Chin Up, 5,0.0,0.0,0.0,0.0,0.0,false,, 1.0
2024-08-07 19:15:09 +0000,Chin Up, 6,0.0,0.0,0.0,0.0,0.0,false,, 1.0
2024-08-07 19:15:09 +0000,Bent Over Barbell Row, 10,20.41168092460379,0.0,0.0,0.0,0.0,true,, 1.0
2024-08-07 19:15:09 +0000,Bent Over Barbell Row, 8,45.35929094356398,0.0,0.0,0.0,0.0,true,, 1.0
2024-08-07 19:15:09 +0000,Bent Over Barbell Row, 5,70.30690096252415,0.0,0.0,0.0,0.0,false,, 1.0
2024-08-07 19:15:09 +0000,Bent Over Barbell Row, 7,61.235042773811365,0.0,0.0,0.0,0.0,false,, 1.0
2024-08-07 19:15:09 +0000,Bent Over Barbell Row, 7,61.235042773811365,0.0,0.0,0.0,0.0,false,, 1.0
2024-08-07 19:15:09 +0000,Bent Over Barbell Row, 7,61.235042773811365,0.0,0.0,0.0,0.0,false,, 1.0
2024-08-07 19:15:09 +0000,Bent Over Barbell Row, 7,61.235042773811365,0.0,0.0,0.0,0.0,false,, 1.0
2024-08-07 19:15:09 +0000,Dumbbell Bicep Curl, 10,13.607787283069193,0.0,0.0,0.0,0.0,false,, 2.0
2024-08-07 19:15:09 +0000,Dumbbell Bicep Curl, 10,13.607787283069193,0.0,0.0,0.0,0.0,false,, 2.0
2024-08-07 19:15:09 +0000,Dumbbell Bicep Curl, 10,13.607787283069193,0.0,0.0,0.0,0.0,false,, 2.0
2024-08-07 19:15:09 +0000,Hammerstrength Iso Row, 8,31.75150366049478,0.0,0.0,0.0,0.0,true,, 2.0
2024-08-07 19:15:09 +0000,Hammerstrength Iso Row, 6,52.16318458509857,0.0,0.0,0.0,0.0,false,, 2.0
2024-08-07 19:15:09 +0000,Hammerstrength Iso Row, 6,52.16318458509857,0.0,0.0,0.0,0.0,false,, 2.0
2024-08-07 19:15:09 +0000,Hammerstrength Iso Row, 6,52.16318458509857,0.0,0.0,0.0,0.0,false,, 2.0
2024-08-07 19:15:09 +0000,EZ-Bar Pause Curl, 10,18.14371637742559,0.0,0.0,0.0,0.0,false,, 1.0
2024-08-07 19:15:09 +0000,EZ-Bar Pause Curl, 10,18.14371637742559,0.0,0.0,0.0,0.0,false,, 1.0
2024-08-07 19:15:09 +0000,Elbow to Knee Crunch, 10,0.0,0.0,0.0,0.0,0.0,false,, 2.0
2024-08-07 19:15:09 +0000,Elbow to Knee Crunch, 10,0.0,0.0,0.0,0.0,0.0,false,, 2.0
2024-08-07 19:15:09 +0000,Elbow to Knee Crunch, 10,0.0,0.0,0.0,0.0,0.0,false,, 2.0
2024-08-07 19:15:09 +0000,Superman, 8,0.0,0.0,0.0,0.0,0.0,false,, 1.0
2024-08-07 19:15:09 +0000,Superman, 10,0.0,0.0,0.0,0.0,0.0,false,, 1.0
2024-08-07 19:15:09 +0000,Superman, 15,0.0,0.0,0.0,0.0,0.0,false,, 1.0
2024-08-07 19:15:09 +0000,Superman, 16,0.0,0.0,0.0,0.0,0.0,false,, 1.0
2024-08-07 19:15:09 +0000,Lat Pulldown, 7,31.75150366049478,0.0,0.0,0.0,0.0,true,, 1.0
2024-08-07 19:15:09 +0000,Lat Pulldown, 5,45.35929094356398,0.0,0.0,0.0,0.0,false,, 1.0
2024-08-07 19:15:09 +0000,Lat Pulldown, 5,63.50300732098956,0.0,0.0,0.0,0.0,false,, 1.0
2024-08-07 19:15:09 +0000,Lat Pulldown, 6,72.57486550970236,0.0,0.0,0.0,0.0,false,, 1.0
2024-08-07 19:15:09 +0000,Lat Pulldown, 6,72.57486550970236,0.0,0.0,0.0,0.0,false,, 1.0
2024-08-05 11:56:19 +0000,Barbell Bench Press, 5,61.235042773811365,0.0,0.0,0.0,0.0,false,, 1.0
2024-08-05 11:56:19 +0000,Barbell Bench Press, 4,70.30690096252415,0.0,0.0,0.0,0.0,false,, 1.0
2024-08-05 11:56:19 +0000,Barbell Bench Press, 6,86.18265279277155,0.0,0.0,0.0,0.0,false,, 1.0
2024-08-05 11:56:19 +0000,Barbell Bench Press, 6,61.235042773811365,0.0,0.0,0.0,0.0,false,, 1.0
2024-08-05 11:56:19 +0000,Dumbbell Standing Single Arm Front Press, 5,13.607787283069193,0.0,0.0,0.0,0.0,false,, 2.0
2024-08-05 11:56:19 +0000,Dumbbell Standing Single Arm Front Press, 6,13.607787283069193,0.0,0.0,0.0,0.0,false,, 2.0
2024-08-05 11:56:19 +0000,Dumbbell Standing Single Arm Front Press, 7,13.607787283069193,0.0,0.0,0.0,0.0,false,, 2.0
2024-08-05 11:56:19 +0000,Dip, 10,0.0,0.0,0.0,0.0,0.0,false,, 1.0
2024-08-05 11:56:19 +0000,Dip, 10,0.0,0.0,0.0,0.0,0.0,false,, 1.0
2024-08-05 11:56:19 +0000,Dip, 10,0.0,0.0,0.0,0.0,0.0,false,, 1.0
2024-08-05 11:56:19 +0000,Dumbbell Cuban Shoulder Rotations, 12,2.267964547178199,0.0,0.0,0.0,0.0,false,, 2.0
2024-08-05 11:56:19 +0000,Dumbbell Cuban Shoulder Rotations, 10,4.535929094356398,0.0,0.0,0.0,0.0,false,, 2.0
2024-08-05 11:56:19 +0000,Dumbbell Cuban Shoulder Rotations, 11,4.535929094356398,0.0,0.0,0.0,0.0,false,, 2.0
2024-08-05 11:56:19 +0000,Dumbbell Cuban Shoulder Rotations, 12,4.535929094356398,0.0,0.0,0.0,0.0,false,, 2.0
2024-08-05 11:56:19 +0000,Hammerstrength Incline Chest Press, 8,20.41168092460379,0.0,0.0,0.0,0.0,true,, 2.0
2024-08-05 11:56:19 +0000,Hammerstrength Incline Chest Press, 7,27.215574566138386,0.0,0.0,0.0,0.0,false,, 2.0
2024-08-05 11:56:19 +0000,Hammerstrength Incline Chest Press, 7,27.215574566138386,0.0,0.0,0.0,0.0,false,, 2.0
2024-08-05 11:56:19 +0000,Hammerstrength Incline Chest Press, 7,27.215574566138386,0.0,0.0,0.0,0.0,false,, 2.0
2024-08-05 11:56:19 +0000,Tricep Push Up, 11,0.0,0.0,0.0,0.0,0.0,false,, 1.0
2024-08-05 11:56:19 +0000,Tricep Push Up, 11,0.0,0.0,0.0,0.0,0.0,false,, 1.0
2024-08-05 11:56:19 +0000,Tricep Push Up, 11,0.0,0.0,0.0,0.0,0.0,false,, 1.0
2024-08-05 11:56:19 +0000,Scissor Kick, 22,0.0,0.0,0.0,0.0,0.0,false,, 2.0
2024-08-05 11:56:19 +0000,Scissor Kick, 22,0.0,0.0,0.0,0.0,0.0,false,, 2.0
2024-08-05 11:56:19 +0000,Scissor Kick, 22,0.0,0.0,0.0,0.0,0.0,false,, 2.0
2024-08-03 12:51:06 +0000,Pause Front Squat, 8,34.01946820767298,0.0,0.0,0.0,0.0,true,, 1.0
2024-08-03 12:51:06 +0000,Pause Front Squat, 4,61.235042773811365,0.0,0.0,0.0,0.0,false,, 1.0
2024-08-03 12:51:06 +0000,Pause Front Squat, 4,61.235042773811365,0.0,0.0,0.0,0.0,false,, 1.0
2024-08-03 12:51:06 +0000,Pause Front Squat, 4,61.235042773811365,0.0,0.0,0.0,0.0,false,, 1.0
2024-08-03 12:51:06 +0000,Pause Front Squat, 4,61.235042773811365,0.0,0.0,0.0,0.0,false,, 1.0
2024-08-03 12:51:06 +0000,Pause Front Squat, 4,61.235042773811365,0.0,0.0,0.0,0.0,false,, 1.0
2024-08-03 12:51:06 +0000,Romanian Deadlift, 8,61.235042773811365,0.0,0.0,0.0,0.0,true,, 1.0
2024-08-03 12:51:06 +0000,Romanian Deadlift, 8,92.98654643430615,0.0,0.0,0.0,0.0,false,, 1.0
2024-08-03 12:51:06 +0000,Romanian Deadlift, 8,92.98654643430615,0.0,0.0,0.0,0.0,false,, 1.0
2024-08-03 12:51:06 +0000,Barbell Glute Bridge, 0,61.235042773811365,20.0,0.0,0.0,0.0,false,, 0.0
2024-08-03 12:51:06 +0000,Barbell Glute Bridge, 0,61.235042773811365,20.0,0.0,0.0,0.0,false,, 0.0
2024-08-03 12:51:06 +0000,Barbell Glute Bridge, 0,61.235042773811365,20.0,0.0,0.0,0.0,false,, 0.0
2024-08-03 12:51:06 +0000,Barbell Glute Bridge, 0,61.235042773811365,20.0,0.0,0.0,0.0,false,, 0.0
2024-08-03 12:51:06 +0000,Standing Machine Calf Press, 5,149.68566011376112,0.0,0.0,0.0,0.0,false,, 1.0
2024-08-03 12:51:06 +0000,Standing Machine Calf Press, 5,149.68566011376112,0.0,0.0,0.0,0.0,false,, 1.0
2024-08-03 12:51:06 +0000,Standing Machine Calf Press, 5,149.68566011376112,0.0,0.0,0.0,0.0,false,, 1.0
2024-08-03 12:51:06 +0000,Standing Machine Calf Press, 5,149.68566011376112,0.0,0.0,0.0,0.0,false,, 1.0
2024-08-03 12:51:06 +0000,Scissor Crossover Kick, 20,0.0,0.0,0.0,0.0,0.0,false,, 2.0
2024-08-03 12:51:06 +0000,Scissor Crossover Kick, 20,0.0,0.0,0.0,0.0,0.0,false,, 2.0
2024-08-03 12:51:06 +0000,Scissor Crossover Kick, 20,0.0,0.0,0.0,0.0,0.0,false,, 2.0
2024-08-03 12:51:06 +0000,Scissor Crossover Kick, 20,0.0,0.0,0.0,0.0,0.0,false,, 2.0
2024-08-02 14:20:39 +0000,Dumbbell Row, 8,18.14371637742559,0.0,0.0,0.0,0.0,true,, 2.0
2024-08-02 14:20:39 +0000,Dumbbell Row, 5,29.483539113316585,0.0,0.0,0.0,0.0,false,, 2.0
2024-08-02 14:20:39 +0000,Dumbbell Row, 5,29.483539113316585,0.0,0.0,0.0,0.0,false,, 2.0
2024-08-02 14:20:39 +0000,Dumbbell Row, 5,29.483539113316585,0.0,0.0,0.0,0.0,false,, 2.0
2024-08-02 14:20:39 +0000,Dumbbell Row, 5,29.483539113316585,0.0,0.0,0.0,0.0,false,, 2.0
2024-08-02 14:20:39 +0000,Preacher Curl, 12,22.67964547178199,0.0,0.0,0.0,0.0,false,, 1.0
2024-08-02 14:20:39 +0000,Preacher Curl, 12,22.67964547178199,0.0,0.0,0.0,0.0,false,, 1.0
2024-08-02 14:20:39 +0000,EZ-Bar Curl, 10,22.67964547178199,0.0,0.0,0.0,0.0,false,, 1.0
2024-08-02 14:20:39 +0000,EZ-Bar Curl, 10,22.67964547178199,0.0,0.0,0.0,0.0,false,, 1.0
2024-08-02 14:20:39 +0000,Hammerstrength Iso Row, 12,24.947610018960187,0.0,0.0,0.0,0.0,true,, 2.0
2024-08-02 14:20:39 +0000,Hammerstrength Iso Row, 8,49.895220037920375,0.0,0.0,0.0,0.0,false,, 2.0
2024-08-02 14:20:39 +0000,Hammerstrength Iso Row, 8,49.895220037920375,0.0,0.0,0.0,0.0,false,, 2.0
2024-08-02 14:20:39 +0000,Hammerstrength Iso Row, 8,49.895220037920375,0.0,0.0,0.0,0.0,false,, 2.0
2024-08-02 14:20:39 +0000,Hammerstrength Iso Row, 8,49.895220037920375,0.0,0.0,0.0,0.0,false,, 2.0
2024-08-02 14:20:39 +0000,Dumbbell Hammer Pause Curl, 4,13.607787283069193,0.0,0.0,0.0,0.0,false,, 2.0
2024-08-02 14:20:39 +0000,Dumbbell Hammer Pause Curl, 4,13.607787283069193,0.0,0.0,0.0,0.0,false,, 2.0
2024-08-02 14:20:39 +0000,Dumbbell Hammer Pause Curl, 5,13.607787283069193,0.0,0.0,0.0,0.0,false,, 2.0
2024-08-02 14:20:39 +0000,Seated Back Extension, 10,88.45061733994974,0.0,0.0,0.0,0.0,false,, 1.0
2024-08-02 14:20:39 +0000,Seated Back Extension, 10,88.45061733994974,0.0,0.0,0.0,0.0,false,, 1.0
2024-08-02 14:20:39 +0000,Seated Back Extension, 10,88.45061733994974,0.0,0.0,0.0,0.0,false,, 1.0
2024-08-02 14:20:39 +0000,Decline Sit Up, 10,0.0,0.0,0.0,0.0,0.0,false,, 1.0
2024-08-02 14:20:39 +0000,Decline Sit Up, 10,0.0,0.0,0.0,0.0,0.0,false,, 1.0
2024-08-02 14:20:39 +0000,Decline Sit Up, 10,0.0,0.0,0.0,0.0,0.0,false,, 1.0
2024-08-01 14:10:07 +0000,Barbell Incline Bench Press, 8,43.091326396385774,0.0,0.0,0.0,0.0,true,, 1.0
2024-08-01 14:10:07 +0000,Barbell Incline Bench Press, 5,74.84283005688056,0.0,0.0,0.0,0.0,false,, 1.0
2024-08-01 14:10:07 +0000,Barbell Incline Bench Press, 5,74.84283005688056,0.0,0.0,0.0,0.0,false,, 1.0
2024-08-01 14:10:07 +0000,Barbell Incline Bench Press, 5,74.84283005688056,0.0,0.0,0.0,0.0,false,, 1.0
2024-08-01 14:10:07 +0000,Barbell Incline Bench Press, 5,74.84283005688056,0.0,0.0,0.0,0.0,false,, 1.0
2024-08-01 14:10:07 +0000,Barbell Incline Bench Press, 7,74.84283005688056,0.0,0.0,0.0,0.0,false,, 1.0
2024-08-01 14:10:07 +0000,Barbell Shoulder Press, 8,20.41168092460379,0.0,0.0,0.0,0.0,true,, 1.0
2024-08-01 14:10:07 +0000,Barbell Shoulder Press, 6,43.091326396385774,0.0,0.0,0.0,0.0,false,, 1.0
2024-08-01 14:10:07 +0000,Barbell Shoulder Press, 6,43.091326396385774,0.0,0.0,0.0,0.0,false,, 1.0
2024-08-01 14:10:07 +0000,Barbell Shoulder Press, 6,43.091326396385774,0.0,0.0,0.0,0.0,false,, 1.0
2024-08-01 14:10:07 +0000,EZ-Bar Overhead Tricep Extension, 8,18.14371637742559,0.0,0.0,0.0,0.0,false,, 1.0
2024-08-01 14:10:07 +0000,EZ-Bar Overhead Tricep Extension, 8,22.67964547178199,0.0,0.0,0.0,0.0,false,, 1.0
2024-08-01 14:10:07 +0000,EZ-Bar Overhead Tricep Extension, 8,27.215574566138386,0.0,0.0,0.0,0.0,false,, 1.0
2024-08-01 14:10:07 +0000,EZ-Bar Overhead Tricep Extension, 8,27.215574566138386,0.0,0.0,0.0,0.0,false,, 1.0
2024-08-01 14:10:07 +0000,Decline Push Up, 7,0.0,0.0,0.0,0.0,0.0,false,, 1.0
2024-08-01 14:10:07 +0000,Decline Push Up, 7,0.0,0.0,0.0,0.0,0.0,false,, 1.0
2024-08-01 14:10:07 +0000,Decline Push Up, 8,0.0,0.0,0.0,0.0,0.0,false,, 1.0
2024-08-01 14:10:07 +0000,Decline Push Up, 8,0.0,0.0,0.0,0.0,0.0,false,, 1.0
2024-08-01 14:10:07 +0000,Decline Push Up, 9,0.0,0.0,0.0,0.0,0.0,false,, 1.0
2024-08-01 14:10:07 +0000,Bench Dip, 14,0.0,0.0,0.0,0.0,0.0,false,, 1.0
2024-08-01 14:10:07 +0000,Bench Dip, 14,0.0,0.0,0.0,0.0,0.0,false,, 1.0
2024-08-01 14:10:07 +0000,Bench Dip, 14,0.0,0.0,0.0,0.0,0.0,false,, 1.0
2024-08-01 14:10:07 +0000,Hammerstrength Chest Press, 7,31.75150366049478,0.0,0.0,0.0,0.0,false,, 2.0
2024-08-01 14:10:07 +0000,Hammerstrength Chest Press, 7,31.75150366049478,0.0,0.0,0.0,0.0,false,, 2.0
2024-08-01 14:10:07 +0000,Russian Twist, 18,15.87575183024739,0.0,0.0,0.0,0.0,false,, 2.0
2024-08-01 14:10:07 +0000,Russian Twist, 18,15.87575183024739,0.0,0.0,0.0,0.0,false,, 2.0
2024-08-01 14:10:07 +0000,Russian Twist, 18,15.87575183024739,0.0,0.0,0.0,0.0,false,, 2.0
2024-07-31 21:11:25 +0000,Trap Bar Deadlift, 7,65.77097186816776,0.0,0.0,0.0,0.0,false,, 1.0
2024-07-31 21:11:25 +0000,Trap Bar Deadlift, 7,83.91468824559335,0.0,0.0,0.0,0.0,false,, 1.0
2024-07-31 21:11:25 +0000,Trap Bar Deadlift, 15,97.52247552866254,0.0,0.0,0.0,0.0,false,, 1.0
2024-07-31 21:11:25 +0000,Trap Bar Deadlift, 16,106.59433371737533,0.0,0.0,0.0,0.0,false,, 1.0
2024-07-31 21:11:25 +0000,Dumbbell Romanian Deadlift, 10,20.41168092460379,0.0,0.0,0.0,0.0,false,, 2.0
2024-07-31 21:11:25 +0000,Dumbbell Romanian Deadlift, 11,20.41168092460379,0.0,0.0,0.0,0.0,false,, 2.0
2024-07-31 21:11:25 +0000,Dumbbell Romanian Deadlift, 12,20.41168092460379,0.0,0.0,0.0,0.0,false,, 2.0
2024-07-31 21:11:25 +0000,Dumbbell Romanian Deadlift, 13,20.41168092460379,0.0,0.0,0.0,0.0,false,, 2.0
2024-07-31 21:11:25 +0000,Elevated Hip Bridge, 13,0.0,0.0,0.0,0.0,0.0,false,, 1.0
2024-07-31 21:11:25 +0000,Elevated Hip Bridge, 13,0.0,0.0,0.0,0.0,0.0,false,, 1.0
2024-07-31 21:11:25 +0000,Elevated Hip Bridge, 13,0.0,0.0,0.0,0.0,0.0,false,, 1.0
2024-07-31 21:11:25 +0000,Barbell Step Up, 7,40.82336184920758,0.0,0.0,0.0,0.0,false,, 2.0
2024-07-31 21:11:25 +0000,Barbell Step Up, 7,40.82336184920758,0.0,0.0,0.0,0.0,false,, 2.0
2024-07-31 21:11:25 +0000,Barbell Step Up, 10,40.82336184920758,0.0,0.0,0.0,0.0,false,, 2.0
2024-07-31 21:11:25 +0000,Box Jump, 11,0.0,0.0,0.0,0.0,0.0,false,, 1.0
2024-07-31 21:11:25 +0000,Box Jump, 11,0.0,0.0,0.0,0.0,0.0,false,, 1.0
2024-07-31 21:11:25 +0000,Barbell Hip Thrust, 6,102.05840462301894,0.0,0.0,0.0,0.0,false,, 1.0
2024-07-31 21:11:25 +0000,Barbell Hip Thrust, 6,124.73805009480093,0.0,0.0,0.0,0.0,false,, 1.0
2024-07-31 21:11:25 +0000,Barbell Hip Thrust, 6,142.88176647222653,0.0,0.0,0.0,0.0,false,, 1.0
2024-07-31 21:11:25 +0000,Bicycle Crunch, 15,0.0,0.0,0.0,0.0,0.0,false,, 2.0
2024-07-31 21:11:25 +0000,Bicycle Crunch, 15,0.0,0.0,0.0,0.0,0.0,false,, 2.0
2024-07-31 21:11:25 +0000,Bicycle Crunch, 15,0.0,0.0,0.0,0.0,0.0,false,, 2.0
2024-07-31 21:11:25 +0000,Bicycle Crunch, 15,0.0,0.0,0.0,0.0,0.0,false,, 2.0
2024-07-30 13:50:03 +0000,Pull Up, 6,0.0,0.0,0.0,0.0,0.0,false,, 1.0
2024-07-30 13:50:03 +0000,Pull Up, 6,0.0,0.0,0.0,0.0,0.0,false,, 1.0
2024-07-30 13:50:03 +0000,Pull Up, 6,0.0,0.0,0.0,0.0,0.0,false,, 1.0
2024-07-30 13:50:03 +0000,Pull Up, 7,0.0,0.0,0.0,0.0,0.0,false,, 1.0
2024-07-30 13:50:03 +0000,Dead Hang, 0,0.0,45.0,0.0,0.0,0.0,false,, 0.0
2024-07-30 13:50:03 +0000,Dead Hang, 0,0.0,45.0,0.0,0.0,0.0,false,, 0.0
2024-07-30 13:50:03 +0000,Dead Hang, 0,0.0,45.0,0.0,0.0,0.0,false,, 0.0
2024-07-30 13:50:03 +0000,Seated Dumbbell Curl, 8,13.607787283069193,0.0,0.0,0.0,0.0,false,, 2.0
2024-07-30 13:50:03 +0000,Seated Dumbbell Curl, 8,13.607787283069193,0.0,0.0,0.0,0.0,false,, 2.0
2024-07-30 13:50:03 +0000,Seated Dumbbell Curl, 8,13.607787283069193,0.0,0.0,0.0,0.0,false,, 2.0
2024-07-30 13:50:03 +0000,Incline Dumbbell Curl, 7,9.071858188712795,0.0,0.0,0.0,0.0,false,, 2.0
2024-07-30 13:50:03 +0000,Incline Dumbbell Curl, 7,9.071858188712795,0.0,0.0,0.0,0.0,false,, 2.0
2024-07-30 13:50:03 +0000,Incline Dumbbell Curl, 7,9.071858188712795,0.0,0.0,0.0,0.0,false,, 2.0
2024-07-30 13:50:03 +0000,Cable Row, 8,36.28743275485118,0.0,0.0,0.0,0.0,true,, 1.0
2024-07-30 13:50:03 +0000,Cable Row, 9,63.50300732098956,0.0,0.0,0.0,0.0,false,, 1.0
2024-07-30 13:50:03 +0000,Cable Row, 10,63.50300732098956,0.0,0.0,0.0,0.0,false,, 1.0
2024-07-30 13:50:03 +0000,Barbell Curl, 10,27.215574566138386,0.0,0.0,0.0,0.0,false,, 1.0
2024-07-30 13:50:03 +0000,Barbell Curl, 9,27.215574566138386,0.0,0.0,0.0,0.0,false,, 1.0
2024-07-30 13:50:03 +0000,Barbell Curl, 8,27.215574566138386,0.0,0.0,0.0,0.0,false,, 1.0
2024-07-30 13:50:03 +0000,Medicine Ball Superman, 8,3.628743275485118,0.0,0.0,0.0,0.0,false,, 1.0
2024-07-30 13:50:03 +0000,Medicine Ball Superman, 8,3.628743275485118,0.0,0.0,0.0,0.0,false,, 1.0
2024-07-29 14:08:06 +0000,Barbell Decline Bench Press, 10,20.41168092460379,0.0,0.0,0.0,0.0,true,, 1.0
2024-07-29 14:08:06 +0000,Barbell Decline Bench Press, 5,47.62725549074217,0.0,0.0,0.0,0.0,true,, 1.0
2024-07-29 14:08:06 +0000,Barbell Decline Bench Press, 5,65.77097186816776,0.0,0.0,0.0,0.0,false,, 1.0
2024-07-29 14:08:06 +0000,Barbell Decline Bench Press, 10,65.77097186816776,0.0,0.0,0.0,0.0,false,, 1.0
2024-07-29 14:08:06 +0000,Barbell Decline Bench Press, 10,70.30690096252415,0.0,0.0,0.0,0.0,false,, 1.0
2024-07-29 14:08:06 +0000,Barbell Decline Bench Press, 10,74.84283005688056,0.0,0.0,0.0,0.0,false,, 1.0
2024-07-29 14:08:06 +0000,Barbell Decline Bench Press, 9,79.37875915123695,0.0,0.0,0.0,0.0,false,, 1.0
2024-07-29 14:08:06 +0000,Close-Grip Bench Press, 8,43.091326396385774,0.0,0.0,0.0,0.0,true,, 1.0
2024-07-29 14:08:06 +0000,Close-Grip Bench Press, 8,70.30690096252415,0.0,0.0,0.0,0.0,false,, 1.0
2024-07-29 14:08:06 +0000,Close-Grip Bench Press, 7,70.30690096252415,0.0,0.0,0.0,0.0,false,, 1.0
2024-07-29 14:08:06 +0000,Close-Grip Bench Press, 6,70.30690096252415,0.0,0.0,0.0,0.0,false,, 1.0
2024-07-29 14:08:06 +0000,Dumbbell Shoulder Press, 5,18.14371637742559,0.0,0.0,0.0,0.0,false,, 2.0
2024-07-29 14:08:06 +0000,Dumbbell Shoulder Press, 5,18.14371637742559,0.0,0.0,0.0,0.0,false,, 2.0
2024-07-29 14:08:06 +0000,Dumbbell Shoulder Press, 5,18.14371637742559,0.0,0.0,0.0,0.0,false,, 2.0
2024-07-29 14:08:06 +0000,Dumbbell Shoulder Press, 5,18.14371637742559,0.0,0.0,0.0,0.0,false,, 2.0
2024-07-29 14:08:06 +0000,Dumbbell Fly, 14,11.339822735890994,0.0,0.0,0.0,0.0,false,, 2.0
2024-07-29 14:08:06 +0000,Dumbbell Fly, 14,11.339822735890994,0.0,0.0,0.0,0.0,false,, 2.0
2024-07-29 14:08:06 +0000,Dumbbell Skullcrusher, 9,11.339822735890994,0.0,0.0,0.0,0.0,false,, 2.0
2024-07-29 14:08:06 +0000,Dumbbell Skullcrusher, 9,11.339822735890994,0.0,0.0,0.0,0.0,false,, 2.0
2024-07-29 14:08:06 +0000,Cable Front Raise, 10,6.8038936415345965,0.0,0.0,0.0,0.0,false,, 1.0
2024-07-29 14:08:06 +0000,Cable Front Raise, 10,7.937875915123695,0.0,0.0,0.0,0.0,false,, 1.0
2024-07-29 14:08:06 +0000,Cable Front Raise, 10,9.071858188712795,0.0,0.0,0.0,0.0,false,, 1.0
2024-07-29 14:08:06 +0000,Cable Tricep Pushdown, 5,36.28743275485118,0.0,0.0,0.0,0.0,false,, 1.0
2024-07-29 14:08:06 +0000,Cable Tricep Pushdown, 6,34.01946820767298,0.0,0.0,0.0,0.0,false,, 1.0
2024-07-29 14:08:06 +0000,Cable Tricep Pushdown, 6,34.01946820767298,0.0,0.0,0.0,0.0,false,, 1.0
2024-07-29 14:08:06 +0000,Alternating Heel Touch, 12,0.0,0.0,0.0,0.0,0.0,false,, 2.0
2024-07-29 14:08:06 +0000,Alternating Heel Touch, 12,0.0,0.0,0.0,0.0,0.0,false,, 2.0
2024-07-29 14:08:06 +0000,Alternating Heel Touch, 12,0.0,0.0,0.0,0.0,0.0,false,, 2.0
2024-07-29 14:08:06 +0000,Alternating Heel Touch, 15,0.0,0.0,0.0,0.0,0.0,false,, 2.0
2024-07-27 13:03:17 +0000,Deadlift, 8,20.41168092460379,0.0,0.0,0.0,0.0,true,, 1.0
2024-07-27 13:03:17 +0000,Deadlift, 6,61.235042773811365,0.0,0.0,0.0,0.0,true,, 1.0
2024-07-27 13:03:17 +0000,Deadlift, 4,79.37875915123695,0.0,0.0,0.0,0.0,false,, 1.0
2024-07-27 13:03:17 +0000,Deadlift, 4,92.98654643430615,0.0,0.0,0.0,0.0,false,, 1.0
2024-07-27 13:03:17 +0000,Deadlift, 5,115.66619190608813,0.0,0.0,0.0,0.0,false,, 1.0
2024-07-27 13:03:17 +0000,Deadlift, 7,115.66619190608813,0.0,0.0,0.0,0.0,false,, 1.0
2024-07-27 13:03:17 +0000,Cable Hip Extension, 4,13.607787283069193,0.0,0.0,0.0,0.0,false,, 2.0
2024-07-27 13:03:17 +0000,Cable Hip Extension, 6,13.607787283069193,0.0,0.0,0.0,0.0,false,, 2.0
2024-07-27 13:03:17 +0000,Cable Hip Extension, 8,13.607787283069193,0.0,0.0,0.0,0.0,false,, 2.0
2024-07-27 13:03:17 +0000,Landmine Squat to Press, 10,20.41168092460379,0.0,0.0,0.0,0.0,false,, 1.0
2024-07-27 13:03:17 +0000,Landmine Squat to Press, 10,20.41168092460379,0.0,0.0,0.0,0.0,false,, 1.0
2024-07-27 13:03:17 +0000,Landmine Squat to Press, 10,20.41168092460379,0.0,0.0,0.0,0.0,false,, 1.0
2024-07-27 13:03:17 +0000,Barbell Hip Thrust, 8,61.235042773811365,0.0,0.0,0.0,0.0,true,, 1.0
2024-07-27 13:03:17 +0000,Barbell Hip Thrust, 3,92.98654643430615,0.0,0.0,0.0,0.0,true,, 1.0
2024-07-27 13:03:17 +0000,Barbell Hip Thrust, 8,102.05840462301894,0.0,0.0,0.0,0.0,false,, 1.0
2024-07-27 13:03:17 +0000,Landmine Romanian Deadlift, 10,20.41168092460379,0.0,0.0,0.0,0.0,true,, 1.0
2024-07-27 13:03:17 +0000,Landmine Romanian Deadlift, 8,40.82336184920758,0.0,0.0,0.0,0.0,false,, 1.0
2024-07-27 13:03:17 +0000,Landmine Romanian Deadlift, 8,40.82336184920758,0.0,0.0,0.0,0.0,false,, 1.0
2024-07-27 13:03:17 +0000,Lunge Jump, 8,0.0,0.0,0.0,0.0,0.0,false,, 2.0
2024-07-27 13:03:17 +0000,Lunge Jump, 8,0.0,0.0,0.0,0.0,0.0,false,, 2.0
2024-07-27 13:03:17 +0000,Lunge Jump, 8,0.0,0.0,0.0,0.0,0.0,false,, 2.0
2024-07-27 13:03:17 +0000,Leg Raise, 10,0.0,0.0,0.0,0.0,0.0,false,, 1.0
2024-07-27 13:03:17 +0000,Leg Raise, 10,0.0,0.0,0.0,0.0,0.0,false,, 1.0
2024-07-27 13:03:17 +0000,Leg Raise, 10,0.0,0.0,0.0,0.0,0.0,false,, 1.0
2024-07-26 14:14:33 +0000,Dumbbell Bicep Curl, 8,9.071858188712795,0.0,0.0,0.0,0.0,false,, 2.0
2024-07-26 14:14:33 +0000,Dumbbell Bicep Curl, 8,11.339822735890994,0.0,0.0,0.0,0.0,false,, 2.0
2024-07-26 14:14:33 +0000,Dumbbell Bicep Curl, 11,13.607787283069193,0.0,0.0,0.0,0.0,false,, 2.0
2024-07-26 14:14:33 +0000,Dumbbell Bicep Curl, 10,13.607787283069193,0.0,0.0,0.0,0.0,false,, 2.0
2024-07-26 14:14:33 +0000,Lat Pulldown, 8,38.55539730202938,0.0,0.0,0.0,0.0,true,, 1.0
2024-07-26 14:14:33 +0000,Lat Pulldown, 4,72.57486550970236,0.0,0.0,0.0,0.0,false,, 1.0
2024-07-26 14:14:33 +0000,Lat Pulldown, 4,72.57486550970236,0.0,0.0,0.0,0.0,false,, 1.0
2024-07-26 14:14:33 +0000,Lat Pulldown, 4,72.57486550970236,0.0,0.0,0.0,0.0,false,, 1.0
2024-07-26 14:14:33 +0000,Lat Pulldown, 4,72.57486550970236,0.0,0.0,0.0,0.0,false,, 1.0
2024-07-26 14:14:33 +0000,Lat Pulldown, 4,72.57486550970236,0.0,0.0,0.0,0.0,false,, 1.0
2024-07-26 14:14:33 +0000,Upright Row, 10,36.28743275485118,0.0,0.0,0.0,0.0,false,, 1.0
2024-07-26 14:14:33 +0000,Upright Row, 10,36.28743275485118,0.0,0.0,0.0,0.0,false,, 1.0
2024-07-26 14:14:33 +0000,Upright Row, 11,36.28743275485118,0.0,0.0,0.0,0.0,false,, 1.0
2024-07-26 14:14:33 +0000,Incline EZ-Bar Curl, 10,18.14371637742559,0.0,0.0,0.0,0.0,false,, 1.0
2024-07-26 14:14:33 +0000,Incline EZ-Bar Curl, 10,18.14371637742559,0.0,0.0,0.0,0.0,false,, 1.0
2024-07-26 14:14:33 +0000,Dumbbell Bent Over Row, 10,20.41168092460379,0.0,0.0,0.0,0.0,false,, 2.0
2024-07-26 14:14:33 +0000,Dumbbell Bent Over Row, 8,20.41168092460379,0.0,0.0,0.0,0.0,false,, 2.0
2024-07-26 14:14:33 +0000,Dumbbell Bent Over Row, 10,20.41168092460379,0.0,0.0,0.0,0.0,false,, 2.0
2024-07-26 14:14:33 +0000,Gorilla Rows, 8,11.974852809100888,0.0,0.0,0.0,0.0,false,, 2.0
2024-07-26 14:14:33 +0000,Gorilla Rows, 10,11.974852809100888,0.0,0.0,0.0,0.0,false,, 2.0
2024-07-26 14:14:33 +0000,Back Extensions, 16,0.0,0.0,0.0,0.0,0.0,false,, 1.0
2024-07-26 14:14:33 +0000,Back Extensions, 16,0.0,0.0,0.0,0.0,0.0,false,, 1.0
2024-07-26 14:14:33 +0000,Jackknife Sit-Up, 8,0.0,0.0,0.0,0.0,0.0,false,, 1.0
2024-07-26 14:14:33 +0000,Jackknife Sit-Up, 10,0.0,0.0,0.0,0.0,0.0,false,, 1.0
2024-07-26 14:14:33 +0000,Jackknife Sit-Up, 16,0.0,0.0,0.0,0.0,0.0,false,, 1.0
2024-07-26 14:14:33 +0000,Jackknife Sit-Up, 16,0.0,0.0,0.0,0.0,0.0,false,, 1.0
2024-07-25 14:41:39 +0000,Pause Barbell Incline Bench Press, 8,40.82336184920758,0.0,0.0,0.0,0.0,true,, 1.0
2024-07-25 14:41:39 +0000,Pause Barbell Incline Bench Press, 5,68.03893641534596,0.0,0.0,0.0,0.0,false,, 1.0
2024-07-25 14:41:39 +0000,Pause Barbell Incline Bench Press, 6,68.03893641534596,0.0,0.0,0.0,0.0,false,, 1.0
2024-07-25 14:41:39 +0000,Pause Barbell Incline Bench Press, 6,68.03893641534596,0.0,0.0,0.0,0.0,false,, 1.0
2024-07-25 14:41:39 +0000,Pause Barbell Incline Bench Press, 6,68.03893641534596,0.0,0.0,0.0,0.0,false,, 1.0
2024-07-25 14:41:39 +0000,Pause Barbell Incline Bench Press, 6,68.03893641534596,0.0,0.0,0.0,0.0,false,, 1.0
2024-07-25 14:41:39 +0000,Skullcrusher, 8,18.14371637742559,0.0,0.0,0.0,0.0,true,, 1.0
2024-07-25 14:41:39 +0000,Skullcrusher, 9,31.75150366049478,0.0,0.0,0.0,0.0,false,, 1.0
2024-07-25 14:41:39 +0000,Skullcrusher, 9,31.75150366049478,0.0,0.0,0.0,0.0,false,, 1.0
2024-07-25 14:41:39 +0000,Skullcrusher, 9,31.75150366049478,0.0,0.0,0.0,0.0,false,, 1.0
2024-07-25 14:41:39 +0000,Standing Single Arm Dumbbell Shoulder Press, 9,11.339822735890994,0.0,0.0,0.0,0.0,false,, 2.0
2024-07-25 14:41:39 +0000,Standing Single Arm Dumbbell Shoulder Press, 9,11.339822735890994,0.0,0.0,0.0,0.0,false,, 2.0
2024-07-25 14:41:39 +0000,Standing Single Arm Dumbbell Shoulder Press, 9,11.339822735890994,0.0,0.0,0.0,0.0,false,, 2.0
2024-07-25 14:41:39 +0000,Standing Single Arm Dumbbell Shoulder Press, 9,11.339822735890994,0.0,0.0,0.0,0.0,false,, 2.0
2024-07-25 14:41:39 +0000,Cable Lateral Raise, 5,6.8038936415345965,0.0,0.0,0.0,0.0,false,, 2.0
2024-07-25 14:41:39 +0000,Cable Lateral Raise, 5,6.8038936415345965,0.0,0.0,0.0,0.0,false,, 2.0
2024-07-25 14:41:39 +0000,Push Up, 17,0.0,0.0,0.0,0.0,0.0,false,, 1.0
2024-07-25 14:41:39 +0000,Push Up, 17,0.0,0.0,0.0,0.0,0.0,false,, 1.0
2024-07-25 14:41:39 +0000,Push Up, 13,0.0,0.0,0.0,0.0,0.0,false,, 1.0
2024-07-25 14:41:39 +0000,Bench Dip, 10,0.0,0.0,0.0,0.0,0.0,false,, 1.0
2024-07-25 14:41:39 +0000,Bench Dip, 10,0.0,0.0,0.0,0.0,0.0,false,, 1.0
2024-07-25 14:41:39 +0000,Bench Dip, 15,0.0,0.0,0.0,0.0,0.0,false,, 1.0
2024-07-25 14:41:39 +0000,Bench Dip, 16,0.0,0.0,0.0,0.0,0.0,false,, 1.0
2024-07-25 14:41:39 +0000,Leg Pull-In, 8,0.0,0.0,0.0,0.0,0.0,false,, 1.0
2024-07-25 14:41:39 +0000,Leg Pull-In, 10,0.0,0.0,0.0,0.0,0.0,false,, 1.0
2024-07-25 14:41:39 +0000,Leg Pull-In, 20,0.0,0.0,0.0,0.0,0.0,false,, 1.0
2024-07-25 14:41:39 +0000,Leg Pull-In, 15,0.0,0.0,0.0,0.0,0.0,false,, 1.0
2024-07-24 14:55:53 +0000,Front Squat, 8,43.091326396385774,0.0,0.0,0.0,0.0,true,, 1.0
2024-07-24 14:55:53 +0000,Front Squat, 4,74.84283005688056,0.0,0.0,0.0,0.0,false,, 1.0
2024-07-24 14:55:53 +0000,Front Squat, 5,74.84283005688056,0.0,0.0,0.0,0.0,false,, 1.0
2024-07-24 14:55:53 +0000,Front Squat, 5,74.84283005688056,0.0,0.0,0.0,0.0,false,, 1.0
2024-07-24 14:55:53 +0000,Front Squat, 6,74.84283005688056,0.0,0.0,0.0,0.0,false,, 1.0
2024-07-24 14:55:53 +0000,Landmine Squat, 8,20.41168092460379,0.0,0.0,0.0,0.0,false,, 1.0
2024-07-24 14:55:53 +0000,Landmine Squat, 8,24.947610018960187,0.0,0.0,0.0,0.0,false,, 1.0
2024-07-24 14:55:53 +0000,Landmine Squat, 8,29.483539113316585,0.0,0.0,0.0,0.0,false,, 1.0
2024-07-24 14:55:53 +0000,Romanian Deadlift, 6,61.235042773811365,0.0,0.0,0.0,0.0,true,, 1.0
2024-07-24 14:55:53 +0000,Romanian Deadlift, 6,92.98654643430615,0.0,0.0,0.0,0.0,false,, 1.0
2024-07-24 14:55:53 +0000,Romanian Deadlift, 7,92.98654643430615,0.0,0.0,0.0,0.0,false,, 1.0
2024-07-24 14:55:53 +0000,Romanian Deadlift, 7,92.98654643430615,0.0,0.0,0.0,0.0,false,, 1.0
2024-07-24 14:55:53 +0000,Step Up, 21,0.0,0.0,0.0,0.0,0.0,false,, 2.0
2024-07-24 14:55:53 +0000,Step Up, 21,0.0,0.0,0.0,0.0,0.0,false,, 2.0
2024-07-24 14:55:53 +0000,Step Up, 21,0.0,0.0,0.0,0.0,0.0,false,, 2.0
2024-07-24 14:55:53 +0000,Standing Leg Side Hold, 0,0.0,15.0,0.0,0.0,0.0,false,, 0.0
2024-07-24 14:55:53 +0000,Standing Leg Side Hold, 0,0.0,15.0,0.0,0.0,0.0,false,, 0.0
2024-07-24 14:55:53 +0000,Standing Leg Side Hold, 0,0.0,15.0,0.0,0.0,0.0,false,, 0.0
2024-07-24 14:55:53 +0000,Crunches, 12,0.0,0.0,0.0,0.0,0.0,false,, 1.0
2024-07-24 14:55:53 +0000,Crunches, 12,0.0,0.0,0.0,0.0,0.0,false,, 1.0
2024-07-24 14:55:53 +0000,Crunches, 15,0.0,0.0,0.0,0.0,0.0,false,, 1.0
2024-07-24 14:55:53 +0000,Crunches, 15,0.0,0.0,0.0,0.0,0.0,false,, 1.0
2024-07-23 13:26:01 +0000,Barbell Curl, 8,18.14371637742559,0.0,0.0,0.0,0.0,true,, 1.0
2024-07-23 13:26:01 +0000,Barbell Curl, 6,31.75150366049478,0.0,0.0,0.0,0.0,false,, 1.0
2024-07-23 13:26:01 +0000,Barbell Curl, 6,31.75150366049478,0.0,0.0,0.0,0.0,false,, 1.0
2024-07-23 13:26:01 +0000,Barbell Curl, 6,31.75150366049478,0.0,0.0,0.0,0.0,false,, 1.0
2024-07-23 13:26:01 +0000,Barbell Curl, 6,31.75150366049478,0.0,0.0,0.0,0.0,false,, 1.0
2024-07-23 13:26:01 +0000,Barbell Curl, 6,31.75150366049478,0.0,0.0,0.0,0.0,false,, 1.0
2024-07-23 13:26:01 +0000,Wide Grip Pull Up, 2,0.0,0.0,0.0,0.0,0.0,false,, 1.0
2024-07-23 13:26:01 +0000,Wide Grip Pull Up, 3,0.0,0.0,0.0,0.0,0.0,false,, 1.0
2024-07-23 13:26:01 +0000,Wide Grip Pull Up, 6,0.0,0.0,0.0,0.0,0.0,false,, 1.0
2024-07-23 13:26:01 +0000,Wide Grip Pull Up, 6,0.0,0.0,0.0,0.0,0.0,false,, 1.0
2024-07-23 13:26:01 +0000,Smith Machine Bent Over Row, 8,29.483539113316585,0.0,0.0,0.0,0.0,true,, 1.0
2024-07-23 13:26:01 +0000,Smith Machine Bent Over Row, 6,49.895220037920375,0.0,0.0,0.0,0.0,false,, 1.0
2024-07-23 13:26:01 +0000,Smith Machine Bent Over Row, 6,49.895220037920375,0.0,0.0,0.0,0.0,false,, 1.0
2024-07-23 13:26:01 +0000,Close-Grip EZ-Bar Curl, 12,13.607787283069193,0.0,0.0,0.0,0.0,false,, 1.0
2024-07-23 13:26:01 +0000,Close-Grip EZ-Bar Curl, 13,13.607787283069193,0.0,0.0,0.0,0.0,false,, 1.0
2024-07-23 13:26:01 +0000,Landmine Row, 10,20.41168092460379,0.0,0.0,0.0,0.0,true,, 1.0
2024-07-23 13:26:01 +0000,Landmine Row, 5,36.28743275485118,0.0,0.0,0.0,0.0,true,, 1.0
2024-07-23 13:26:01 +0000,Landmine Row, 7,47.62725549074217,0.0,0.0,0.0,0.0,false,, 1.0
2024-07-23 13:26:01 +0000,Landmine Row, 7,47.62725549074217,0.0,0.0,0.0,0.0,false,, 1.0
2024-07-23 13:26:01 +0000,Landmine Row, 7,47.62725549074217,0.0,0.0,0.0,0.0,false,, 1.0
2024-07-23 13:26:01 +0000,Inverted Row, 7,0.0,0.0,0.0,0.0,0.0,false,, 1.0
2024-07-23 13:26:01 +0000,Inverted Row, 7,0.0,0.0,0.0,0.0,0.0,false,, 1.0
2024-07-23 13:26:01 +0000,Inverted Row, 7,0.0,0.0,0.0,0.0,0.0,false,, 1.0
2024-07-22 14:13:33 +0000,Barbell Bench Press, 8,47.62725549074217,0.0,0.0,0.0,0.0,true,, 1.0
2024-07-22 14:13:33 +0000,Barbell Bench Press, 6,83.91468824559335,0.0,0.0,0.0,0.0,false,, 1.0
2024-07-22 14:13:33 +0000,Barbell Bench Press, 6,83.91468824559335,0.0,0.0,0.0,0.0,false,, 1.0
2024-07-22 14:13:33 +0000,Barbell Bench Press, 7,83.91468824559335,0.0,0.0,0.0,0.0,false,, 1.0
2024-07-22 14:13:33 +0000,Cable Rope Tricep Extension, 10,22.67964547178199,0.0,0.0,0.0,0.0,false,, 1.0
2024-07-22 14:13:33 +0000,Cable Rope Tricep Extension, 10,22.67964547178199,0.0,0.0,0.0,0.0,false,, 1.0
2024-07-22 14:13:33 +0000,Cable Rope Tricep Extension, 10,22.67964547178199,0.0,0.0,0.0,0.0,false,, 1.0
2024-07-22 14:13:33 +0000,Cable Face Pull, 8,22.67964547178199,0.0,0.0,0.0,0.0,false,, 1.0
2024-07-22 14:13:33 +0000,Cable Face Pull, 8,22.67964547178199,0.0,0.0,0.0,0.0,false,, 1.0
2024-07-22 14:13:33 +0000,Cable Face Pull, 8,22.67964547178199,0.0,0.0,0.0,0.0,false,, 1.0
2024-07-22 14:13:33 +0000,Dumbbell Rear Delt Raise, 6,11.339822735890994,0.0,0.0,0.0,0.0,false,, 2.0
2024-07-22 14:13:33 +0000,Dumbbell Rear Delt Raise, 7,9.071858188712795,0.0,0.0,0.0,0.0,false,, 2.0
2024-07-22 14:13:33 +0000,Dumbbell Rear Delt Raise, 7,9.071858188712795,0.0,0.0,0.0,0.0,false,, 2.0
2024-07-22 14:13:33 +0000,Dip, 10,0.0,0.0,0.0,0.0,0.0,false,, 1.0
2024-07-22 14:13:33 +0000,Dip, 10,0.0,0.0,0.0,0.0,0.0,false,, 1.0
2024-07-22 14:13:33 +0000,Dip, 10,0.0,0.0,0.0,0.0,0.0,false,, 1.0
2024-07-22 14:13:33 +0000,Dumbbell Bench Press, 11,24.947610018960187,0.0,0.0,0.0,0.0,false,, 2.0
2024-07-22 14:13:33 +0000,Dumbbell Bench Press, 9,24.947610018960187,0.0,0.0,0.0,0.0,false,, 2.0
2024-07-22 14:13:33 +0000,Dumbbell Bench Press, 10,24.947610018960187,0.0,0.0,0.0,0.0,false,, 2.0
2024-07-22 14:13:33 +0000,Dumbbell Bench Press, 9,24.947610018960187,0.0,0.0,0.0,0.0,false,, 2.0
2024-07-22 14:13:33 +0000,Dumbbell Superman, 5,2.267964547178199,0.0,0.0,0.0,0.0,false,, 2.0
2024-07-22 14:13:33 +0000,Dumbbell Superman, 6,2.267964547178199,0.0,0.0,0.0,0.0,false,, 2.0
2024-07-22 14:13:33 +0000,Dumbbell Superman, 9,2.267964547178199,0.0,0.0,0.0,0.0,false,, 2.0
2024-07-22 14:13:33 +0000,Dumbbell Superman, 9,2.267964547178199,0.0,0.0,0.0,0.0,false,, 2.0
2024-07-20 13:10:37 +0000,Hack Squat, 8,63.50300732098956,0.0,0.0,0.0,0.0,true,, 1.0
2024-07-20 13:10:37 +0000,Hack Squat, 3,90.71858188712795,0.0,0.0,0.0,0.0,true,, 1.0
2024-07-20 13:10:37 +0000,Hack Squat, 6,104.32636917019714,0.0,0.0,0.0,0.0,false,, 1.0
2024-07-20 13:10:37 +0000,Hack Squat, 6,108.86229826455354,0.0,0.0,0.0,0.0,false,, 1.0
2024-07-20 13:10:37 +0000,Hack Squat, 6,113.39822735890993,0.0,0.0,0.0,0.0,false,, 1.0
2024-07-20 13:10:37 +0000,Hack Squat, 6,117.93415645326634,0.0,0.0,0.0,0.0,false,, 1.0
2024-07-20 13:10:37 +0000,Leg Press, 10,104.32636917019714,0.0,0.0,0.0,0.0,false,, 1.0
2024-07-20 13:10:37 +0000,Leg Press, 10,133.80990828351372,0.0,0.0,0.0,0.0,false,, 1.0
2024-07-20 13:10:37 +0000,Leg Press, 12,154.2215892081175,0.0,0.0,0.0,0.0,false,, 1.0
2024-07-20 13:10:37 +0000,Leg Press, 11,154.2215892081175,0.0,0.0,0.0,0.0,false,, 1.0
2024-07-20 13:10:37 +0000,Single Arm Kettlebell Deadlift, 6,11.974852809100888,0.0,0.0,0.0,0.0,false,, 2.0
2024-07-20 13:10:37 +0000,Single Arm Kettlebell Deadlift, 6,11.974852809100888,0.0,0.0,0.0,0.0,false,, 2.0
2024-07-20 13:10:37 +0000,Single Arm Kettlebell Deadlift, 6,11.974852809100888,0.0,0.0,0.0,0.0,false,, 2.0
2024-07-20 13:10:37 +0000,Single Arm Kettlebell Deadlift, 6,20.003447306111713,0.0,0.0,0.0,0.0,false,, 2.0
2024-07-20 13:10:37 +0000,Kettlebell Sumo Squat, 8,28.122760385009663,0.0,0.0,0.0,0.0,false,, 1.0
2024-07-20 13:10:37 +0000,Kettlebell Sumo Squat, 8,28.122760385009663,0.0,0.0,0.0,0.0,false,, 1.0
2024-07-20 13:10:37 +0000,Kettlebell Sumo Squat, 10,28.122760385009663,0.0,0.0,0.0,0.0,false,, 1.0
2024-07-20 13:10:37 +0000,Medicine Ball Reverse Lunge, 5,3.628743275485118,0.0,0.0,0.0,0.0,false,, 2.0
2024-07-20 13:10:37 +0000,Medicine Ball Reverse Lunge, 6,3.628743275485118,0.0,0.0,0.0,0.0,false,, 2.0
2024-07-20 13:10:37 +0000,Medicine Ball Reverse Lunge, 10,3.628743275485118,0.0,0.0,0.0,0.0,false,, 2.0
2024-07-20 13:10:37 +0000,Single Leg Glute Bridge and Squeeze, 7,6.8038936415345965,0.0,0.0,0.0,0.0,false,, 2.0
2024-07-20 13:10:37 +0000,Single Leg Glute Bridge and Squeeze, 7,6.8038936415345965,0.0,0.0,0.0,0.0,false,, 2.0
2024-07-20 13:10:37 +0000,Single Leg Glute Bridge and Squeeze, 7,6.8038936415345965,0.0,0.0,0.0,0.0,false,, 2.0
2024-07-19 14:14:34 +0000,Hammerstrength Iso Row, 8,24.947610018960187,0.0,0.0,0.0,0.0,true,, 2.0
2024-07-19 14:14:34 +0000,Hammerstrength Iso Row, 8,45.35929094356398,0.0,0.0,0.0,0.0,false,, 2.0
2024-07-19 14:14:34 +0000,Hammerstrength Iso Row, 8,45.35929094356398,0.0,0.0,0.0,0.0,false,, 2.0
2024-07-19 14:14:34 +0000,Hammerstrength Iso Row, 7,49.895220037920375,0.0,0.0,0.0,0.0,false,, 2.0
2024-07-19 14:14:34 +0000,Hammerstrength Iso Row, 7,49.895220037920375,0.0,0.0,0.0,0.0,false,, 2.0
2024-07-19 14:14:34 +0000,Dumbbell Row, 8,18.14371637742559,0.0,0.0,0.0,0.0,true,, 2.0
2024-07-19 14:14:34 +0000,Dumbbell Row, 4,31.75150366049478,0.0,0.0,0.0,0.0,false,, 2.0
2024-07-19 14:14:34 +0000,Dumbbell Row, 4,31.75150366049478,0.0,0.0,0.0,0.0,false,, 2.0
2024-07-19 14:14:34 +0000,Dumbbell Row, 4,29.483539113316585,0.0,0.0,0.0,0.0,false,, 2.0
2024-07-19 14:14:34 +0000,Dumbbell Row, 5,29.483539113316585,0.0,0.0,0.0,0.0,false,, 2.0
2024-07-19 14:14:34 +0000,Reverse Dumbbell Curl, 12,4.535929094356398,0.0,0.0,0.0,0.0,false,, 2.0
2024-07-19 14:14:34 +0000,Reverse Dumbbell Curl, 12,4.535929094356398,0.0,0.0,0.0,0.0,false,, 2.0
2024-07-19 14:14:34 +0000,Reverse Dumbbell Curl, 12,4.535929094356398,0.0,0.0,0.0,0.0,false,, 2.0
2024-07-19 14:14:34 +0000,Australian Chin Up, 8,0.0,0.0,0.0,0.0,0.0,false,, 1.0
2024-07-19 14:14:34 +0000,Australian Chin Up, 8,0.0,0.0,0.0,0.0,0.0,false,, 1.0
2024-07-19 14:14:34 +0000,Australian Chin Up, 8,0.0,0.0,0.0,0.0,0.0,false,, 1.0
2024-07-19 14:14:34 +0000,Barbell Bicep Drag Curl, 10,18.14371637742559,0.0,0.0,0.0,0.0,false,, 1.0
2024-07-19 14:14:34 +0000,Barbell Bicep Drag Curl, 10,18.14371637742559,0.0,0.0,0.0,0.0,false,, 1.0
2024-07-19 14:14:34 +0000,Barbell Bicep Drag Curl, 10,18.14371637742559,0.0,0.0,0.0,0.0,false,, 1.0
2024-07-19 14:14:34 +0000,Wide Grip Lat Pulldown, 8,38.55539730202938,0.0,0.0,0.0,0.0,true,, 1.0
2024-07-19 14:14:34 +0000,Wide Grip Lat Pulldown, 10,54.43114913227677,0.0,0.0,0.0,0.0,false,, 1.0
2024-07-19 14:14:34 +0000,Wide Grip Lat Pulldown, 10,54.43114913227677,0.0,0.0,0.0,0.0,false,, 1.0
2024-07-19 14:14:34 +0000,Wide Grip Lat Pulldown, 10,54.43114913227677,0.0,0.0,0.0,0.0,false,, 1.0
2024-07-19 14:14:34 +0000,Cocoon Crunch, 4,0.0,0.0,0.0,0.0,0.0,false,, 1.0
2024-07-19 14:14:34 +0000,Cocoon Crunch, 6,0.0,0.0,0.0,0.0,0.0,false,, 1.0
2024-07-19 14:14:34 +0000,Cocoon Crunch, 12,0.0,0.0,0.0,0.0,0.0,false,, 1.0
2024-07-19 14:14:34 +0000,Cocoon Crunch, 13,0.0,0.0,0.0,0.0,0.0,false,, 1.0
2024-07-18 13:56:51 +0000,Barbell Incline Bench Press, 8,45.35929094356398,0.0,0.0,0.0,0.0,true,, 1.0
2024-07-18 13:56:51 +0000,Barbell Incline Bench Press, 4,74.84283005688056,0.0,0.0,0.0,0.0,false,, 1.0
2024-07-18 13:56:51 +0000,Barbell Incline Bench Press, 4,74.84283005688056,0.0,0.0,0.0,0.0,false,, 1.0
2024-07-18 13:56:51 +0000,Barbell Incline Bench Press, 4,74.84283005688056,0.0,0.0,0.0,0.0,false,, 1.0
2024-07-18 13:56:51 +0000,Barbell Incline Bench Press, 4,74.84283005688056,0.0,0.0,0.0,0.0,false,, 1.0
2024-07-18 13:56:51 +0000,Barbell Incline Bench Press, 5,74.84283005688056,0.0,0.0,0.0,0.0,false,, 1.0
2024-07-18 13:56:51 +0000,Dumbbell Lateral Raise, 10,6.8038936415345965,0.0,0.0,0.0,0.0,false,, 2.0
2024-07-18 13:56:51 +0000,Dumbbell Lateral Raise, 10,6.8038936415345965,0.0,0.0,0.0,0.0,false,, 2.0
2024-07-18 13:56:51 +0000,Dumbbell Lateral Raise, 10,6.8038936415345965,0.0,0.0,0.0,0.0,false,, 2.0
2024-07-18 13:56:51 +0000,Dumbbell Skullcrusher, 12,9.071858188712795,0.0,0.0,0.0,0.0,false,, 2.0
2024-07-18 13:56:51 +0000,Dumbbell Skullcrusher, 12,9.071858188712795,0.0,0.0,0.0,0.0,false,, 2.0
2024-07-18 13:56:51 +0000,Dumbbell Skullcrusher, 12,9.071858188712795,0.0,0.0,0.0,0.0,false,, 2.0
2024-07-18 13:56:51 +0000,Cable Face Pull, 10,20.41168092460379,0.0,0.0,0.0,0.0,false,, 1.0
2024-07-18 13:56:51 +0000,Cable Face Pull, 10,20.41168092460379,0.0,0.0,0.0,0.0,false,, 1.0
2024-07-18 13:56:51 +0000,Cable Face Pull, 10,20.41168092460379,0.0,0.0,0.0,0.0,false,, 1.0
2024-07-18 13:56:51 +0000,Dumbbell Incline Bench Press, 8,15.87575183024739,0.0,0.0,0.0,0.0,true,, 2.0
2024-07-18 13:56:51 +0000,Dumbbell Incline Bench Press, 8,24.947610018960187,0.0,0.0,0.0,0.0,false,, 2.0
2024-07-18 13:56:51 +0000,Dumbbell Incline Bench Press, 8,24.947610018960187,0.0,0.0,0.0,0.0,false,, 2.0
2024-07-18 13:56:51 +0000,Dumbbell Incline Bench Press, 8,24.947610018960187,0.0,0.0,0.0,0.0,false,, 2.0
2024-07-18 13:56:51 +0000,Incline Barbell Skull Crusher, 10,18.14371637742559,0.0,0.0,0.0,0.0,false,, 1.0
2024-07-18 13:56:51 +0000,Incline Barbell Skull Crusher, 12,18.14371637742559,0.0,0.0,0.0,0.0,false,, 1.0
2024-07-18 13:56:51 +0000,Incline Barbell Skull Crusher, 12,18.14371637742559,0.0,0.0,0.0,0.0,false,, 1.0
2024-07-18 13:56:51 +0000,Side Leg Hip Circle, 10,0.0,0.0,0.0,0.0,0.0,false,, 2.0
2024-07-18 13:56:51 +0000,Side Leg Hip Circle, 10,0.0,0.0,0.0,0.0,0.0,false,, 2.0
2024-07-18 13:56:51 +0000,Side Leg Hip Circle, 10,0.0,0.0,0.0,0.0,0.0,false,, 2.0
2024-07-17 16:30:06 +0000,Deadlift, 8,70.30690096252415,0.0,0.0,0.0,0.0,true,, 1.0
2024-07-17 16:30:06 +0000,Deadlift, 3,102.05840462301894,0.0,0.0,0.0,0.0,true,, 1.0
2024-07-17 16:30:06 +0000,Deadlift, 3,111.13026281173174,0.0,0.0,0.0,0.0,false,, 1.0
2024-07-17 16:30:06 +0000,Deadlift, 3,111.13026281173174,0.0,0.0,0.0,0.0,false,, 1.0
2024-07-17 16:30:06 +0000,Deadlift, 3,111.13026281173174,0.0,0.0,0.0,0.0,false,, 1.0
2024-07-17 16:30:06 +0000,Deadlift, 3,111.13026281173174,0.0,0.0,0.0,0.0,false,, 1.0
2024-07-17 16:30:06 +0000,Deadlift, 3,111.13026281173174,0.0,0.0,0.0,0.0,false,, 1.0
2024-07-17 16:30:06 +0000,Deadlift, 3,111.13026281173174,0.0,0.0,0.0,0.0,false,, 1.0
2024-07-17 16:30:06 +0000,Cable Pull Through, 12,19.27769865101469,0.0,0.0,0.0,0.0,false,, 1.0
2024-07-17 16:30:06 +0000,Cable Pull Through, 12,26.081592292549285,0.0,0.0,0.0,0.0,false,, 1.0
2024-07-17 16:30:06 +0000,Cable Pull Through, 14,29.483539113316585,0.0,0.0,0.0,0.0,false,, 1.0
2024-07-17 16:30:06 +0000,Cable Pull Through, 15,29.483539113316585,0.0,0.0,0.0,0.0,false,, 1.0
2024-07-17 16:30:06 +0000,Back Squat, 8,47.62725549074217,0.0,0.0,0.0,0.0,true,, 1.0
2024-07-17 16:30:06 +0000,Back Squat, 8,83.91468824559335,0.0,0.0,0.0,0.0,false,, 1.0
2024-07-17 16:30:06 +0000,Back Squat, 8,83.91468824559335,0.0,0.0,0.0,0.0,false,, 1.0
2024-07-17 16:30:06 +0000,Back Squat, 8,83.91468824559335,0.0,0.0,0.0,0.0,false,, 1.0
2024-07-17 16:30:06 +0000,Dumbbell Lunge, 5,20.41168092460379,0.0,0.0,0.0,0.0,false,, 4.0
2024-07-17 16:30:06 +0000,Dumbbell Lunge, 5,20.41168092460379,0.0,0.0,0.0,0.0,false,, 4.0
2024-07-17 16:30:06 +0000,Vertical Knee Raise, 9,0.0,0.0,0.0,0.0,0.0,false,, 1.0
2024-07-17 16:30:06 +0000,Vertical Knee Raise, 10,0.0,0.0,0.0,0.0,0.0,false,, 1.0
2024-07-17 16:30:06 +0000,Vertical Knee Raise, 13,0.0,0.0,0.0,0.0,0.0,false,, 1.0
2024-07-17 16:30:06 +0000,Vertical Knee Raise, 14,0.0,0.0,0.0,0.0,0.0,false,, 1.0
2024-07-16 13:57:23 +0000,Pull Up, 5,0.0,0.0,0.0,0.0,0.0,false,, 1.0
2024-07-16 13:57:23 +0000,Pull Up, 5,0.0,0.0,0.0,0.0,0.0,false,, 1.0
2024-07-16 13:57:23 +0000,Pull Up, 5,0.0,0.0,0.0,0.0,0.0,false,, 1.0
2024-07-16 13:57:23 +0000,Pull Up, 5,0.0,0.0,0.0,0.0,0.0,false,, 1.0
2024-07-16 13:57:23 +0000,Pull Up, 7,0.0,0.0,0.0,0.0,0.0,false,, 1.0
2024-07-16 13:57:23 +0000,Dumbbell Bicep Curl, 12,11.339822735890994,0.0,0.0,0.0,0.0,false,, 2.0
2024-07-16 13:57:23 +0000,Dumbbell Bicep Curl, 12,11.339822735890994,0.0,0.0,0.0,0.0,false,, 2.0
2024-07-16 13:57:23 +0000,Dumbbell Bicep Curl, 12,11.339822735890994,0.0,0.0,0.0,0.0,false,, 2.0
2024-07-16 13:57:23 +0000,Hammer Curls, 4,15.87575183024739,0.0,0.0,0.0,0.0,false,, 2.0
2024-07-16 13:57:23 +0000,Hammer Curls, 6,11.339822735890994,0.0,0.0,0.0,0.0,false,, 2.0
2024-07-16 13:57:23 +0000,Hammer Curls, 6,11.339822735890994,0.0,0.0,0.0,0.0,false,, 2.0
2024-07-16 13:57:23 +0000,T-Bar Row, 8,34.01946820767298,0.0,0.0,0.0,0.0,true,, 1.0
2024-07-16 13:57:23 +0000,T-Bar Row, 8,56.69911367945497,0.0,0.0,0.0,0.0,false,, 1.0
2024-07-16 13:57:23 +0000,T-Bar Row, 8,56.69911367945497,0.0,0.0,0.0,0.0,false,, 1.0
2024-07-16 13:57:23 +0000,Dumbbell Drag Pause Curl, 6,11.339822735890994,0.0,0.0,0.0,0.0,false,, 2.0
2024-07-16 13:57:23 +0000,Dumbbell Drag Pause Curl, 6,11.339822735890994,0.0,0.0,0.0,0.0,false,, 2.0
2024-07-16 13:57:23 +0000,Neutral Grip Pull Up, 4,0.0,0.0,0.0,0.0,0.0,false,, 1.0
2024-07-16 13:57:23 +0000,Neutral Grip Pull Up, 4,0.0,0.0,0.0,0.0,0.0,false,, 1.0
2024-07-16 13:57:23 +0000,Neutral Grip Pull Up, 4,0.0,0.0,0.0,0.0,0.0,false,, 1.0
2024-07-15 14:01:14 +0000,Barbell Shoulder Press, 5,27.215574566138386,0.0,0.0,0.0,0.0,false,, 1.0
2024-07-15 14:01:14 +0000,Barbell Shoulder Press, 5,34.01946820767298,0.0,0.0,0.0,0.0,false,, 1.0
2024-07-15 14:01:14 +0000,Barbell Shoulder Press, 11,40.82336184920758,0.0,0.0,0.0,0.0,false,, 1.0
2024-07-15 14:01:14 +0000,Barbell Shoulder Press, 10,40.82336184920758,0.0,0.0,0.0,0.0,false,, 1.0
2024-07-15 14:01:14 +0000,Close-Grip Bench Press, 8,43.091326396385774,0.0,0.0,0.0,0.0,true,, 1.0
2024-07-15 14:01:14 +0000,Close-Grip Bench Press, 5,74.84283005688056,0.0,0.0,0.0,0.0,false,, 1.0
2024-07-15 14:01:14 +0000,Close-Grip Bench Press, 5,74.84283005688056,0.0,0.0,0.0,0.0,false,, 1.0
2024-07-15 14:01:14 +0000,Close-Grip Bench Press, 5,74.84283005688056,0.0,0.0,0.0,0.0,false,, 1.0
2024-07-15 14:01:14 +0000,Tricep Push Up, 11,0.0,0.0,0.0,0.0,0.0,false,, 1.0
2024-07-15 14:01:14 +0000,Tricep Push Up, 11,0.0,0.0,0.0,0.0,0.0,false,, 1.0
2024-07-15 14:01:14 +0000,Tricep Push Up, 11,0.0,0.0,0.0,0.0,0.0,false,, 1.0
2024-07-15 14:01:14 +0000,Reverse Hyperextension, 13,0.0,0.0,0.0,0.0,0.0,false,, 1.0
2024-07-15 14:01:14 +0000,Reverse Hyperextension, 13,0.0,0.0,0.0,0.0,0.0,false,, 1.0
2024-07-15 14:01:14 +0000,Hammerstrength Chest Press, 15,20.41168092460379,0.0,0.0,0.0,0.0,false,, 2.0
2024-07-15 14:01:14 +0000,Hammerstrength Chest Press, 7,31.75150366049478,0.0,0.0,0.0,0.0,false,, 2.0
2024-07-15 14:01:14 +0000,Hammerstrength Chest Press, 7,31.75150366049478,0.0,0.0,0.0,0.0,false,, 2.0
2024-07-15 14:01:14 +0000,Hammerstrength Chest Press, 7,31.75150366049478,0.0,0.0,0.0,0.0,false,, 2.0
2024-07-15 14:01:14 +0000,Cable Underhand Tricep Pushdown, 10,15.87575183024739,0.0,0.0,0.0,0.0,false,, 1.0
2024-07-15 14:01:14 +0000,Cable Underhand Tricep Pushdown, 10,15.87575183024739,0.0,0.0,0.0,0.0,false,, 1.0
2024-07-15 14:01:14 +0000,Cable Underhand Tricep Pushdown, 10,15.87575183024739,0.0,0.0,0.0,0.0,false,, 1.0
2024-07-15 14:01:14 +0000,Jackknife Sit-Up, 7,0.0,0.0,0.0,0.0,0.0,false,, 1.0
2024-07-15 14:01:14 +0000,Jackknife Sit-Up, 10,0.0,0.0,0.0,0.0,0.0,false,, 1.0
2024-07-15 14:01:14 +0000,Jackknife Sit-Up, 15,0.0,0.0,0.0,0.0,0.0,false,, 1.0
2024-07-15 14:01:14 +0000,Jackknife Sit-Up, 16,0.0,0.0,0.0,0.0,0.0,false,, 1.0
2024-07-14 01:31:25 +0000,Bodyweight Squat Hold, 0,0.0,62.0,0.0,0.0,0.0,false,, 0.0
2024-07-14 01:31:25 +0000,Bodyweight Squat Hold, 0,0.0,62.0,0.0,0.0,0.0,false,, 0.0
2024-07-14 01:31:25 +0000,Bodyweight Squat Hold, 0,0.0,62.0,0.0,0.0,0.0,false,, 0.0
2024-07-14 01:31:25 +0000,Single Leg Glute Bridge, 0,0.0,1.0,0.0,0.0,0.0,false,, 0.0
2024-07-14 01:31:25 +0000,Single Leg Glute Bridge, 0,0.0,1.0,0.0,0.0,0.0,false,, 0.0
2024-07-14 01:31:25 +0000,Single Leg Glute Bridge, 0,0.0,1.0,0.0,0.0,0.0,false,, 0.0
2024-07-14 01:31:25 +0000,Tuck Jump, 6,0.0,0.0,0.0,0.0,0.0,false,, 1.0
2024-07-14 01:31:25 +0000,Tuck Jump, 6,0.0,0.0,0.0,0.0,0.0,false,, 1.0
2024-07-14 01:31:25 +0000,Tuck Jump, 6,0.0,0.0,0.0,0.0,0.0,false,, 1.0
2024-07-14 01:31:25 +0000,Jump Squat, 8,0.0,0.0,0.0,0.0,0.0,false,, 1.0
2024-07-14 01:31:25 +0000,Jump Squat, 8,0.0,0.0,0.0,0.0,0.0,false,, 1.0
2024-07-14 01:31:25 +0000,Jump Squat, 8,0.0,0.0,0.0,0.0,0.0,false,, 1.0
2024-07-14 01:31:25 +0000,Frog Pump, 7,0.0,0.0,0.0,0.0,0.0,false,, 1.0
2024-07-14 01:31:25 +0000,Frog Pump, 7,0.0,0.0,0.0,0.0,0.0,false,, 1.0
2024-07-14 01:31:25 +0000,Frog Pump, 8,0.0,0.0,0.0,0.0,0.0,false,, 1.0
2024-07-14 01:31:25 +0000,Reverse Bear Crawl, 6,0.0,0.0,0.0,0.0,0.0,false,, 0.0
2024-07-14 01:31:25 +0000,Reverse Bear Crawl, 6,0.0,0.0,0.0,0.0,0.0,false,, 0.0
2024-07-14 01:31:25 +0000,Reverse Bear Crawl, 6,0.0,0.0,0.0,0.0,0.0,false,, 0.0
2024-07-14 01:31:25 +0000,Sit Up, 10,0.0,0.0,0.0,0.0,0.0,false,, 1.0
2024-07-14 01:31:25 +0000,Sit Up, 10,0.0,0.0,0.0,0.0,0.0,false,, 1.0
2024-07-14 01:31:25 +0000,Sit Up, 10,0.0,0.0,0.0,0.0,0.0,false,, 1.0
2024-07-13 01:56:03 +0000,Hand Release Push Up, 11,0.0,0.0,0.0,0.0,0.0,false,, 1.0
2024-07-13 01:56:03 +0000,Hand Release Push Up, 11,0.0,0.0,0.0,0.0,0.0,false,, 1.0
2024-07-13 01:56:03 +0000,Hand Release Push Up, 11,0.0,0.0,0.0,0.0,0.0,false,, 1.0
2024-07-13 01:56:03 +0000,Cobra Triceps Extension, 7,0.0,0.0,0.0,0.0,0.0,false,, 1.0
2024-07-13 01:56:03 +0000,Cobra Triceps Extension, 7,0.0,0.0,0.0,0.0,0.0,false,, 1.0
2024-07-13 01:56:03 +0000,Cobra Triceps Extension, 7,0.0,0.0,0.0,0.0,0.0,false,, 1.0
2024-07-13 01:56:03 +0000,Backward Arm Circle, 11,0.0,0.0,0.0,0.0,0.0,false,, 1.0
2024-07-13 01:56:03 +0000,Backward Arm Circle, 11,0.0,0.0,0.0,0.0,0.0,false,, 1.0
2024-07-13 01:56:03 +0000,Backward Arm Circle, 11,0.0,0.0,0.0,0.0,0.0,false,, 1.0
2024-07-13 01:56:03 +0000,Push Up on Knees, 10,0.0,0.0,0.0,0.0,0.0,false,, 1.0
2024-07-13 01:56:03 +0000,Push Up on Knees, 10,0.0,0.0,0.0,0.0,0.0,false,, 1.0
2024-07-13 01:56:03 +0000,Push Up on Knees, 10,0.0,0.0,0.0,0.0,0.0,false,, 1.0
2024-07-13 01:56:03 +0000,Pike Push Up, 7,0.0,0.0,0.0,0.0,0.0,false,, 1.0
2024-07-13 01:56:03 +0000,Pike Push Up, 7,0.0,0.0,0.0,0.0,0.0,false,, 1.0
2024-07-13 01:56:03 +0000,Pike Push Up, 7,0.0,0.0,0.0,0.0,0.0,false,, 1.0
2024-07-13 01:56:03 +0000,Downward Dog Push Up, 2,0.0,0.0,0.0,0.0,0.0,false,, 1.0
2024-07-13 01:56:03 +0000,Downward Dog Push Up, 2,0.0,0.0,0.0,0.0,0.0,false,, 1.0
2024-07-13 01:56:03 +0000,Downward Dog Push Up, 2,0.0,0.0,0.0,0.0,0.0,false,, 1.0
2024-07-13 01:56:03 +0000,Superman, 15,0.0,0.0,0.0,0.0,0.0,false,, 1.0
2024-07-13 01:56:03 +0000,Superman, 15,0.0,0.0,0.0,0.0,0.0,false,, 1.0
2024-07-13 01:56:03 +0000,Superman, 15,0.0,0.0,0.0,0.0,0.0,false,, 1.0
2024-07-13 01:56:03 +0000,Bicycle Crunch, 14,0.0,0.0,0.0,0.0,0.0,false,, 2.0
2024-07-13 01:56:03 +0000,Bicycle Crunch, 15,0.0,0.0,0.0,0.0,0.0,false,, 2.0
2024-07-13 01:56:03 +0000,Bicycle Crunch, 16,0.0,0.0,0.0,0.0,0.0,false,, 2.0
2024-07-12 14:08:11 +0000,Lat Pulldown, 8,45.35929094356398,0.0,0.0,0.0,0.0,true,, 1.0
2024-07-12 14:08:11 +0000,Lat Pulldown, 4,72.57486550970236,0.0,0.0,0.0,0.0,false,, 1.0
2024-07-12 14:08:11 +0000,Lat Pulldown, 4,72.57486550970236,0.0,0.0,0.0,0.0,false,, 1.0
2024-07-12 14:08:11 +0000,Lat Pulldown, 4,72.57486550970236,0.0,0.0,0.0,0.0,false,, 1.0
2024-07-12 14:08:11 +0000,Lat Pulldown, 4,72.57486550970236,0.0,0.0,0.0,0.0,false,, 1.0
2024-07-12 14:08:11 +0000,Lat Pulldown, 4,72.57486550970236,0.0,0.0,0.0,0.0,false,, 1.0
2024-07-12 14:08:11 +0000,Barbell Curl, 8,18.14371637742559,0.0,0.0,0.0,0.0,true,, 1.0
2024-07-12 14:08:11 +0000,Barbell Curl, 6,31.75150366049478,0.0,0.0,0.0,0.0,false,, 1.0
2024-07-12 14:08:11 +0000,Barbell Curl, 6,31.75150366049478,0.0,0.0,0.0,0.0,false,, 1.0
2024-07-12 14:08:11 +0000,Barbell Curl, 6,31.75150366049478,0.0,0.0,0.0,0.0,false,, 1.0
2024-07-12 14:08:11 +0000,Barbell Curl, 6,31.75150366049478,0.0,0.0,0.0,0.0,false,, 1.0
2024-07-12 14:08:11 +0000,Gorilla Rows, 7,5.987426404550444,0.0,0.0,0.0,0.0,false,, 2.0
2024-07-12 14:08:11 +0000,Gorilla Rows, 7,5.987426404550444,0.0,0.0,0.0,0.0,false,, 2.0
2024-07-12 14:08:11 +0000,Gorilla Rows, 7,7.98323520606726,0.0,0.0,0.0,0.0,false,, 2.0
2024-07-12 14:08:11 +0000,Concentration Curl, 10,11.339822735890994,0.0,0.0,0.0,0.0,false,, 2.0
2024-07-12 14:08:11 +0000,Concentration Curl, 10,11.339822735890994,0.0,0.0,0.0,0.0,false,, 2.0
2024-07-12 14:08:11 +0000,V-Bar Pulldown, 8,31.75150366049478,0.0,0.0,0.0,0.0,true,, 1.0
2024-07-12 14:08:11 +0000,V-Bar Pulldown, 10,45.35929094356398,0.0,0.0,0.0,0.0,false,, 1.0
2024-07-12 14:08:11 +0000,V-Bar Pulldown, 10,54.43114913227677,0.0,0.0,0.0,0.0,false,, 1.0
2024-07-12 14:08:11 +0000,V-Bar Pulldown, 10,54.43114913227677,0.0,0.0,0.0,0.0,false,, 1.0
2024-07-12 14:08:11 +0000,1/2 Kneeling Shotgun Row, 8,9.071858188712795,0.0,0.0,0.0,0.0,false,, 2.0
2024-07-12 14:08:11 +0000,1/2 Kneeling Shotgun Row, 15,10.205840462301895,0.0,0.0,0.0,0.0,false,, 2.0
2024-07-12 14:08:11 +0000,1/2 Kneeling Shotgun Row, 15,11.339822735890994,0.0,0.0,0.0,0.0,false,, 2.0
2024-07-12 14:08:11 +0000,Scissor Kick, 20,0.0,0.0,0.0,0.0,0.0,false,, 2.0
2024-07-12 14:08:11 +0000,Scissor Kick, 20,0.0,0.0,0.0,0.0,0.0,false,, 2.0
2024-07-12 14:08:11 +0000,Scissor Kick, 20,0.0,0.0,0.0,0.0,0.0,false,, 2.0
2024-07-12 14:08:11 +0000,Scissor Kick, 20,0.0,0.0,0.0,0.0,0.0,false,, 2.0
2024-07-11 13:59:35 +0000,Barbell Bench Press, 4,63.50300732098956,0.0,0.0,0.0,0.0,false,, 1.0
2024-07-11 13:59:35 +0000,Barbell Bench Press, 4,77.11079460405875,0.0,0.0,0.0,0.0,false,, 1.0
2024-07-11 13:59:35 +0000,Barbell Bench Press, 5,90.71858188712795,0.0,0.0,0.0,0.0,false,, 1.0
2024-07-11 13:59:35 +0000,Barbell Bench Press, 4,90.71858188712795,0.0,0.0,0.0,0.0,false,, 1.0
2024-07-11 13:59:35 +0000,Skullcrusher, 12,27.215574566138386,0.0,0.0,0.0,0.0,false,, 1.0
2024-07-11 13:59:35 +0000,Skullcrusher, 12,27.215574566138386,0.0,0.0,0.0,0.0,false,, 1.0
2024-07-11 13:59:35 +0000,Skullcrusher, 12,27.215574566138386,0.0,0.0,0.0,0.0,false,, 1.0
2024-07-11 13:59:35 +0000,Dumbbell Standing Front Press, 10,9.071858188712795,0.0,0.0,0.0,0.0,false,, 2.0
2024-07-11 13:59:35 +0000,Dumbbell Standing Front Press, 10,9.071858188712795,0.0,0.0,0.0,0.0,false,, 2.0
2024-07-11 13:59:35 +0000,Dumbbell Standing Front Press, 10,9.071858188712795,0.0,0.0,0.0,0.0,false,, 2.0
2024-07-11 13:59:35 +0000,Dip, 7,0.0,0.0,0.0,0.0,0.0,false,, 1.0
2024-07-11 13:59:35 +0000,Dip, 7,0.0,0.0,0.0,0.0,0.0,false,, 1.0
2024-07-11 13:59:35 +0000,Dip, 7,0.0,0.0,0.0,0.0,0.0,false,, 1.0
2024-07-11 13:59:35 +0000,Cable Lateral Raise, 8,3.4019468207672983,0.0,0.0,0.0,0.0,false,, 2.0
2024-07-11 13:59:35 +0000,Cable Lateral Raise, 8,4.535929094356398,0.0,0.0,0.0,0.0,false,, 2.0
2024-07-11 13:59:35 +0000,Cable Lateral Raise, 12,5.669911367945497,0.0,0.0,0.0,0.0,false,, 2.0
2024-07-11 13:59:35 +0000,Cable Lateral Raise, 10,5.669911367945497,0.0,0.0,0.0,0.0,false,, 2.0
2024-07-11 13:59:35 +0000,Hammerstrength Decline Chest Press, 8,22.67964547178199,0.0,0.0,0.0,0.0,true,, 2.0
2024-07-11 13:59:35 +0000,Hammerstrength Decline Chest Press, 4,31.75150366049478,0.0,0.0,0.0,0.0,false,, 2.0
2024-07-11 13:59:35 +0000,Hammerstrength Decline Chest Press, 4,38.55539730202938,0.0,0.0,0.0,0.0,false,, 2.0
2024-07-11 13:59:35 +0000,Hammerstrength Decline Chest Press, 8,45.35929094356398,0.0,0.0,0.0,0.0,false,, 2.0
2024-07-11 13:59:35 +0000,Hammerstrength Decline Chest Press, 9,45.35929094356398,0.0,0.0,0.0,0.0,false,, 2.0
2024-07-11 13:59:35 +0000,Hammerstrength Incline Chest Press, 12,22.67964547178199,0.0,0.0,0.0,0.0,false,, 2.0
2024-07-11 13:59:35 +0000,Hammerstrength Incline Chest Press, 12,22.67964547178199,0.0,0.0,0.0,0.0,false,, 2.0
2024-07-11 13:59:35 +0000,Scissor Crossover Kick, 20,0.0,0.0,0.0,0.0,0.0,false,, 2.0
2024-07-11 13:59:35 +0000,Scissor Crossover Kick, 20,0.0,0.0,0.0,0.0,0.0,false,, 2.0
2024-07-11 13:59:35 +0000,Scissor Crossover Kick, 20,0.0,0.0,0.0,0.0,0.0,false,, 2.0
2024-07-10 14:19:44 +0000,Pause Back Squat, 8,20.41168092460379,0.0,0.0,0.0,0.0,true,, 1.0
2024-07-10 14:19:44 +0000,Pause Back Squat, 5,36.28743275485118,0.0,0.0,0.0,0.0,true,, 1.0
2024-07-10 14:19:44 +0000,Pause Back Squat, 4,47.62725549074217,0.0,0.0,0.0,0.0,false,, 1.0
2024-07-10 14:19:44 +0000,Pause Back Squat, 4,61.235042773811365,0.0,0.0,0.0,0.0,false,, 1.0
2024-07-10 14:19:44 +0000,Pause Back Squat, 14,70.30690096252415,0.0,0.0,0.0,0.0,false,, 1.0
2024-07-10 14:19:44 +0000,Pause Back Squat, 15,70.30690096252415,0.0,0.0,0.0,0.0,false,, 1.0
2024-07-10 14:19:44 +0000,Romanian Deadlift, 10,20.41168092460379,0.0,0.0,0.0,0.0,true,, 1.0
2024-07-10 14:19:44 +0000,Romanian Deadlift, 5,49.895220037920375,0.0,0.0,0.0,0.0,true,, 1.0
2024-07-10 14:19:44 +0000,Romanian Deadlift, 10,70.30690096252415,0.0,0.0,0.0,0.0,false,, 1.0
2024-07-10 14:19:44 +0000,Romanian Deadlift, 10,72.57486550970236,0.0,0.0,0.0,0.0,false,, 1.0
2024-07-10 14:19:44 +0000,Romanian Deadlift, 10,74.84283005688056,0.0,0.0,0.0,0.0,false,, 1.0
2024-07-10 14:19:44 +0000,Romanian Deadlift, 10,77.11079460405875,0.0,0.0,0.0,0.0,false,, 1.0
2024-07-10 14:19:44 +0000,Romanian Deadlift, 10,79.37875915123695,0.0,0.0,0.0,0.0,false,, 1.0
2024-07-10 14:19:44 +0000,Decline Crunch, 10,0.0,0.0,0.0,0.0,0.0,false,, 1.0
2024-07-10 14:19:44 +0000,Decline Crunch, 10,0.0,0.0,0.0,0.0,0.0,false,, 1.0
2024-07-10 14:19:44 +0000,Decline Crunch, 10,0.0,0.0,0.0,0.0,0.0,false,, 1.0
2024-07-10 14:19:44 +0000,Hip Thrust, 10,0.0,0.0,0.0,0.0,0.0,false,, 1.0
2024-07-10 14:19:44 +0000,Hip Thrust, 10,0.0,0.0,0.0,0.0,0.0,false,, 1.0
2024-07-10 14:19:44 +0000,Hip Thrust, 10,0.0,0.0,0.0,0.0,0.0,false,, 1.0
2024-07-10 14:19:44 +0000,Hip Thrust, 10,0.0,0.0,0.0,0.0,0.0,false,, 1.0
2024-07-10 14:19:44 +0000,Hip Thrust, 10,0.0,0.0,0.0,0.0,0.0,false,, 1.0
2024-07-10 14:19:44 +0000,Incline Back Extension, 10,0.0,0.0,0.0,0.0,0.0,false,, 1.0
2024-07-10 14:19:44 +0000,Incline Back Extension, 10,0.0,0.0,0.0,0.0,0.0,false,, 1.0
2024-07-10 14:19:44 +0000,Incline Back Extension, 10,0.0,0.0,0.0,0.0,0.0,false,, 1.0
2024-07-09 13:43:29 +0000,Shotgun Row, 5,22.67964547178199,0.0,0.0,0.0,0.0,false,, 2.0
2024-07-09 13:43:29 +0000,Shotgun Row, 8,22.67964547178199,0.0,0.0,0.0,0.0,false,, 2.0
2024-07-09 13:43:29 +0000,Shotgun Row, 8,22.67964547178199,0.0,0.0,0.0,0.0,false,, 2.0
2024-07-09 13:43:29 +0000,Shotgun Row, 8,22.67964547178199,0.0,0.0,0.0,0.0,false,, 2.0
2024-07-09 13:43:29 +0000,Preacher Curl, 8,20.41168092460379,0.0,0.0,0.0,0.0,false,, 1.0
2024-07-09 13:43:29 +0000,Preacher Curl, 8,20.41168092460379,0.0,0.0,0.0,0.0,false,, 1.0
2024-07-09 13:43:29 +0000,Preacher Curl, 10,24.947610018960187,0.0,0.0,0.0,0.0,false,, 1.0
2024-07-09 13:43:29 +0000,Preacher Curl, 11,24.947610018960187,0.0,0.0,0.0,0.0,false,, 1.0
2024-07-09 13:43:29 +0000,Cable Row, 8,45.35929094356398,0.0,0.0,0.0,0.0,false,, 1.0
2024-07-09 13:43:29 +0000,Cable Row, 8,54.43114913227677,0.0,0.0,0.0,0.0,false,, 1.0
2024-07-09 13:43:29 +0000,Cable Row, 8,63.50300732098956,0.0,0.0,0.0,0.0,false,, 1.0
2024-07-09 13:43:29 +0000,Cable Row, 8,63.50300732098956,0.0,0.0,0.0,0.0,false,, 1.0
2024-07-09 13:43:29 +0000,Cable Row, 8,63.50300732098956,0.0,0.0,0.0,0.0,false,, 1.0
2024-07-09 13:43:29 +0000,Dumbbell Pause Curl, 13,9.071858188712795,0.0,0.0,0.0,0.0,false,, 2.0
2024-07-09 13:43:29 +0000,Dumbbell Pause Curl, 13,9.071858188712795,0.0,0.0,0.0,0.0,false,, 2.0
2024-07-09 13:43:29 +0000,Dumbbell Pause Curl, 13,9.071858188712795,0.0,0.0,0.0,0.0,false,, 2.0
2024-07-09 13:43:29 +0000,Dead Bug, 6,0.0,0.0,0.0,0.0,0.0,false,, 2.0
2024-07-09 13:43:29 +0000,Dead Bug, 9,0.0,0.0,0.0,0.0,0.0,false,, 2.0
2024-07-09 13:43:29 +0000,Dead Bug, 20,0.0,0.0,0.0,0.0,0.0,false,, 2.0
2024-07-09 13:43:29 +0000,Dead Bug, 21,0.0,0.0,0.0,0.0,0.0,false,, 2.0
2024-07-09 13:43:29 +0000,Back Extensions, 14,0.0,0.0,0.0,0.0,0.0,false,, 1.0
2024-07-09 13:43:29 +0000,Back Extensions, 14,0.0,0.0,0.0,0.0,0.0,false,, 1.0
2024-07-09 13:43:29 +0000,Back Extensions, 14,0.0,0.0,0.0,0.0,0.0,false,, 1.0
2024-07-08 14:02:33 +0000,Hand Release Push Up, 10,0.0,0.0,0.0,0.0,0.0,false,, 1.0
2024-07-08 14:02:33 +0000,Hand Release Push Up, 10,0.0,0.0,0.0,0.0,0.0,false,, 1.0
2024-07-08 14:02:33 +0000,Hand Release Push Up, 10,0.0,0.0,0.0,0.0,0.0,false,, 1.0
2024-07-08 14:02:33 +0000,Hand Release Push Up, 10,0.0,0.0,0.0,0.0,0.0,false,, 1.0
2024-07-08 14:02:33 +0000,Seated Barbell Shoulder Press, 10,36.28743275485118,0.0,0.0,0.0,0.0,false,, 1.0
2024-07-08 14:02:33 +0000,Seated Barbell Shoulder Press, 10,36.28743275485118,0.0,0.0,0.0,0.0,false,, 1.0
2024-07-08 14:02:33 +0000,Seated Barbell Shoulder Press, 10,36.28743275485118,0.0,0.0,0.0,0.0,false,, 1.0
2024-07-08 14:02:33 +0000,Dumbbell Tricep Extension, 8,15.87575183024739,0.0,0.0,0.0,0.0,false,, 1.0
2024-07-08 14:02:33 +0000,Dumbbell Tricep Extension, 9,22.67964547178199,0.0,0.0,0.0,0.0,false,, 1.0
2024-07-08 14:02:33 +0000,Dumbbell Tricep Extension, 9,22.67964547178199,0.0,0.0,0.0,0.0,false,, 1.0
2024-07-08 14:02:33 +0000,Low Cable Chest Fly, 6,11.339822735890994,0.0,0.0,0.0,0.0,false,, 2.0
2024-07-08 14:02:33 +0000,Low Cable Chest Fly, 7,11.339822735890994,0.0,0.0,0.0,0.0,false,, 2.0
2024-07-08 14:02:33 +0000,Low Cable Chest Fly, 8,11.339822735890994,0.0,0.0,0.0,0.0,false,, 2.0
2024-07-08 14:02:33 +0000,Low Cable Chest Fly, 8,11.339822735890994,0.0,0.0,0.0,0.0,false,, 2.0
2024-07-08 14:02:33 +0000,Smith Machine One-Arm Upright Row, 6,13.607787283069193,0.0,0.0,0.0,0.0,false,, 2.0
2024-07-08 14:02:33 +0000,Smith Machine One-Arm Upright Row, 6,15.87575183024739,0.0,0.0,0.0,0.0,false,, 2.0
2024-07-08 14:02:33 +0000,Smith Machine One-Arm Upright Row, 6,15.87575183024739,0.0,0.0,0.0,0.0,false,, 2.0
2024-07-08 14:02:33 +0000,Dip, 8,0.0,0.0,0.0,0.0,0.0,false,, 1.0
2024-07-08 14:02:33 +0000,Dip, 8,0.0,0.0,0.0,0.0,0.0,false,, 1.0
2024-07-08 14:02:33 +0000,Dip, 8,0.0,0.0,0.0,0.0,0.0,false,, 1.0
2024-07-08 14:02:33 +0000,Dip, 8,0.0,0.0,0.0,0.0,0.0,false,, 1.0
2024-07-08 14:02:33 +0000,Hanging Knee Raise, 11,0.0,0.0,0.0,0.0,0.0,false,, 1.0
2024-07-08 14:02:33 +0000,Hanging Knee Raise, 10,0.0,0.0,0.0,0.0,0.0,false,, 1.0
2024-07-06 13:09:21 +0000,Dumbbell Row, 4,22.67964547178199,0.0,0.0,0.0,0.0,false,, 2.0
2024-07-06 13:09:21 +0000,Dumbbell Row, 4,27.215574566138386,0.0,0.0,0.0,0.0,false,, 2.0
2024-07-06 13:09:21 +0000,Dumbbell Row, 7,31.75150366049478,0.0,0.0,0.0,0.0,false,, 2.0
2024-07-06 13:09:21 +0000,Dumbbell Row, 7,31.75150366049478,0.0,0.0,0.0,0.0,false,, 2.0
2024-07-06 13:09:21 +0000,Dumbbell Bicep Curl, 5,15.87575183024739,0.0,0.0,0.0,0.0,false,, 2.0
2024-07-06 13:09:21 +0000,Dumbbell Bicep Curl, 5,15.87575183024739,0.0,0.0,0.0,0.0,false,, 2.0
2024-07-06 13:09:21 +0000,Dumbbell Bicep Curl, 5,15.87575183024739,0.0,0.0,0.0,0.0,false,, 2.0
2024-07-06 13:09:21 +0000,Dumbbell Bicep Curl, 5,15.87575183024739,0.0,0.0,0.0,0.0,false,, 2.0
2024-07-06 13:09:21 +0000,Incline Dumbbell Row, 11,15.87575183024739,0.0,0.0,0.0,0.0,false,, 2.0
2024-07-06 13:09:21 +0000,Incline Dumbbell Row, 11,15.87575183024739,0.0,0.0,0.0,0.0,false,, 2.0
2024-07-06 13:09:21 +0000,Incline Dumbbell Row, 11,15.87575183024739,0.0,0.0,0.0,0.0,false,, 2.0
2024-07-06 13:09:21 +0000,Incline Dumbbell Row, 11,15.87575183024739,0.0,0.0,0.0,0.0,false,, 2.0
2024-07-06 13:09:21 +0000,EZ-Bar Curl, 10,9.071858188712795,0.0,0.0,0.0,0.0,true,, 1.0
2024-07-06 13:09:21 +0000,EZ-Bar Curl, 8,22.67964547178199,0.0,0.0,0.0,0.0,false,, 1.0
2024-07-06 13:09:21 +0000,EZ-Bar Curl, 10,22.67964547178199,0.0,0.0,0.0,0.0,false,, 1.0
2024-07-06 13:09:21 +0000,EZ-Bar Curl, 12,22.67964547178199,0.0,0.0,0.0,0.0,false,, 1.0
2024-07-06 13:09:21 +0000,Dumbbell Shrug, 5,24.947610018960187,0.0,0.0,0.0,0.0,false,, 2.0
2024-07-06 13:09:21 +0000,Dumbbell Shrug, 5,29.483539113316585,0.0,0.0,0.0,0.0,false,, 2.0
2024-07-06 13:09:21 +0000,Dumbbell Shrug, 10,36.28743275485118,0.0,0.0,0.0,0.0,false,, 2.0
2024-07-06 13:09:21 +0000,Dumbbell Shrug, 10,36.28743275485118,0.0,0.0,0.0,0.0,false,, 2.0
2024-07-06 13:09:21 +0000,Cocoon Crunch, 7,0.0,0.0,0.0,0.0,0.0,false,, 1.0
2024-07-06 13:09:21 +0000,Cocoon Crunch, 7,0.0,0.0,0.0,0.0,0.0,false,, 1.0
2024-07-06 13:09:21 +0000,Cocoon Crunch, 7,0.0,0.0,0.0,0.0,0.0,false,, 1.0
2024-07-06 13:09:21 +0000,Cocoon Crunch, 7,0.0,0.0,0.0,0.0,0.0,false,, 1.0
2024-07-06 13:09:21 +0000,Cocoon Crunch, 7,0.0,0.0,0.0,0.0,0.0,false,, 1.0
2024-07-06 13:09:21 +0000,Superman Hold, 0,0.0,25.0,0.0,0.0,0.0,false,, 0.0
2024-07-06 13:09:21 +0000,Superman Hold, 0,0.0,25.0,0.0,0.0,0.0,false,, 0.0
2024-07-06 13:09:21 +0000,Superman Hold, 0,0.0,25.0,0.0,0.0,0.0,false,, 0.0
2024-07-06 13:09:21 +0000,Superman Hold, 0,0.0,25.0,0.0,0.0,0.0,false,, 0.0
2024-07-06 13:09:21 +0000,Superman Hold, 0,0.0,25.0,0.0,0.0,0.0,false,, 0.0
2024-07-05 13:12:44 +0000,Pause Barbell Decline Bench Press, 8,20.41168092460379,0.0,0.0,0.0,0.0,true,, 1.0
2024-07-05 13:12:44 +0000,Pause Barbell Decline Bench Press, 8,47.62725549074217,0.0,0.0,0.0,0.0,true,, 1.0
2024-07-05 13:12:44 +0000,Pause Barbell Decline Bench Press, 4,79.37875915123695,0.0,0.0,0.0,0.0,false,, 1.0
2024-07-05 13:12:44 +0000,Pause Barbell Decline Bench Press, 5,79.37875915123695,0.0,0.0,0.0,0.0,false,, 1.0
2024-07-05 13:12:44 +0000,Pause Barbell Decline Bench Press, 5,79.37875915123695,0.0,0.0,0.0,0.0,false,, 1.0
2024-07-05 13:12:44 +0000,Pause Barbell Decline Bench Press, 5,79.37875915123695,0.0,0.0,0.0,0.0,false,, 1.0
2024-07-05 13:12:44 +0000,Pause Barbell Decline Bench Press, 6,79.37875915123695,0.0,0.0,0.0,0.0,false,, 1.0
2024-07-05 13:12:44 +0000,Cable One Arm Tricep Side Extension, 8,4.535929094356398,0.0,0.0,0.0,0.0,false,, 2.0
2024-07-05 13:12:44 +0000,Cable One Arm Tricep Side Extension, 8,5.669911367945497,0.0,0.0,0.0,0.0,false,, 2.0
2024-07-05 13:12:44 +0000,Cable One Arm Tricep Side Extension, 10,6.8038936415345965,0.0,0.0,0.0,0.0,false,, 2.0
2024-07-05 13:12:44 +0000,Cable One Arm Tricep Side Extension, 10,6.8038936415345965,0.0,0.0,0.0,0.0,false,, 2.0
2024-07-05 13:12:44 +0000,Behind the Back Cable Lateral Raise, 10,2.267964547178199,0.0,0.0,0.0,0.0,false,, 2.0
2024-07-05 13:12:44 +0000,Behind the Back Cable Lateral Raise, 10,4.535929094356398,0.0,0.0,0.0,0.0,false,, 2.0
2024-07-05 13:12:44 +0000,Behind the Back Cable Lateral Raise, 10,4.535929094356398,0.0,0.0,0.0,0.0,false,, 2.0
2024-07-05 13:12:44 +0000,Chest Dip, 7,0.0,0.0,0.0,0.0,0.0,false,, 1.0
2024-07-05 13:12:44 +0000,Chest Dip, 8,0.0,0.0,0.0,0.0,0.0,false,, 1.0
2024-07-05 13:12:44 +0000,Chest Dip, 8,0.0,0.0,0.0,0.0,0.0,false,, 1.0
2024-07-05 13:12:44 +0000,Machine Tricep Extension, 8,20.41168092460379,0.0,0.0,0.0,0.0,true,, 1.0
2024-07-05 13:12:44 +0000,Machine Tricep Extension, 5,34.01946820767298,0.0,0.0,0.0,0.0,false,, 1.0
2024-07-05 13:12:44 +0000,Machine Tricep Extension, 5,40.82336184920758,0.0,0.0,0.0,0.0,false,, 1.0
2024-07-05 13:12:44 +0000,Machine Tricep Extension, 6,47.62725549074217,0.0,0.0,0.0,0.0,false,, 1.0
2024-07-05 13:12:44 +0000,Machine Tricep Extension, 6,47.62725549074217,0.0,0.0,0.0,0.0,false,, 1.0
2024-07-05 13:12:44 +0000,Dumbbell Lateral Raise To Front Raise, 5,6.8038936415345965,0.0,0.0,0.0,0.0,false,, 2.0
2024-07-05 13:12:44 +0000,Dumbbell Lateral Raise To Front Raise, 5,6.8038936415345965,0.0,0.0,0.0,0.0,false,, 2.0
2024-07-05 13:12:44 +0000,Dumbbell Lateral Raise To Front Raise, 5,6.8038936415345965,0.0,0.0,0.0,0.0,false,, 2.0
2024-07-05 13:12:44 +0000,Dumbbell Lateral Raise To Front Raise, 5,6.8038936415345965,0.0,0.0,0.0,0.0,false,, 2.0
2024-07-05 13:12:44 +0000,Elbow to Knee Crunch, 5,0.0,0.0,0.0,0.0,0.0,false,, 2.0
2024-07-05 13:12:44 +0000,Elbow to Knee Crunch, 8,0.0,0.0,0.0,0.0,0.0,false,, 2.0
2024-07-05 13:12:44 +0000,Elbow to Knee Crunch, 10,0.0,0.0,0.0,0.0,0.0,false,, 2.0
2024-07-04 12:25:27 +0000,Front Squat, 10,20.41168092460379,0.0,0.0,0.0,0.0,true,, 1.0
2024-07-04 12:25:27 +0000,Front Squat, 5,52.16318458509857,0.0,0.0,0.0,0.0,true,, 1.0
2024-07-04 12:25:27 +0000,Front Squat, 5,65.77097186816776,0.0,0.0,0.0,0.0,false,, 1.0
2024-07-04 12:25:27 +0000,Front Squat, 5,65.77097186816776,0.0,0.0,0.0,0.0,false,, 1.0
2024-07-04 12:25:27 +0000,Front Squat, 5,70.30690096252415,0.0,0.0,0.0,0.0,false,, 1.0
2024-07-04 12:25:27 +0000,Front Squat, 5,70.30690096252415,0.0,0.0,0.0,0.0,false,, 1.0
2024-07-04 12:25:27 +0000,Front Squat, 5,70.30690096252415,0.0,0.0,0.0,0.0,false,, 1.0
2024-07-04 12:25:27 +0000,Landmine Single Leg Romanian Deadlift, 6,20.41168092460379,0.0,0.0,0.0,0.0,false,, 2.0
2024-07-04 12:25:27 +0000,Landmine Single Leg Romanian Deadlift, 6,20.41168092460379,0.0,0.0,0.0,0.0,false,, 2.0
2024-07-04 12:25:27 +0000,Landmine Single Leg Romanian Deadlift, 6,20.41168092460379,0.0,0.0,0.0,0.0,false,, 2.0
2024-07-04 12:25:27 +0000,Landmine Single Leg Romanian Deadlift, 6,20.41168092460379,0.0,0.0,0.0,0.0,false,, 2.0
2024-07-04 12:25:27 +0000,Barbell Hip Thrust, 10,20.41168092460379,0.0,0.0,0.0,0.0,true,, 1.0
2024-07-04 12:25:27 +0000,Barbell Hip Thrust, 8,52.16318458509857,0.0,0.0,0.0,0.0,true,, 1.0
2024-07-04 12:25:27 +0000,Barbell Hip Thrust, 4,83.91468824559335,0.0,0.0,0.0,0.0,true,, 1.0
2024-07-04 12:25:27 +0000,Barbell Hip Thrust, 8,92.98654643430615,0.0,0.0,0.0,0.0,false,, 1.0
2024-07-04 12:25:27 +0000,Barbell Hip Thrust, 8,102.05840462301894,0.0,0.0,0.0,0.0,false,, 1.0
2024-07-04 12:25:27 +0000,Barbell Hip Thrust, 8,102.05840462301894,0.0,0.0,0.0,0.0,false,, 1.0
2024-07-04 12:25:27 +0000,Barbell Hip Thrust, 10,102.05840462301894,0.0,0.0,0.0,0.0,false,, 1.0
2024-07-04 12:25:27 +0000,Standing Machine Calf Press, 8,136.07787283069192,0.0,0.0,0.0,0.0,false,, 1.0
2024-07-04 12:25:27 +0000,Standing Machine Calf Press, 8,136.07787283069192,0.0,0.0,0.0,0.0,false,, 1.0
2024-07-04 12:25:27 +0000,Standing Machine Calf Press, 8,136.07787283069192,0.0,0.0,0.0,0.0,false,, 1.0
2024-07-04 12:25:27 +0000,Sled Push, 0,61.235042773811365,0.0,36.575998829568036,0.0,0.0,false,, 0.0
2024-07-04 12:25:27 +0000,Sled Push, 0,102.05840462301894,0.0,36.575998829568036,0.0,0.0,false,, 0.0
2024-07-04 12:25:27 +0000,Sled Push, 0,102.05840462301894,0.0,36.575998829568036,0.0,0.0,false,, 0.0
2024-07-04 12:25:27 +0000,Medicine Ball Superman, 12,2.7215574566138385,0.0,0.0,0.0,0.0,false,, 1.0
2024-07-04 12:25:27 +0000,Medicine Ball Superman, 12,2.7215574566138385,0.0,0.0,0.0,0.0,false,, 1.0
2024-07-04 12:25:27 +0000,Medicine Ball Superman, 12,2.7215574566138385,0.0,0.0,0.0,0.0,false,, 1.0
2024-07-04 12:25:27 +0000,Opposite Leg Toe Touch, 10,0.0,0.0,0.0,0.0,0.0,false,, 2.0
2024-07-04 12:25:27 +0000,Opposite Leg Toe Touch, 10,0.0,0.0,0.0,0.0,0.0,false,, 2.0
2024-07-04 12:25:27 +0000,Opposite Leg Toe Touch, 10,0.0,0.0,0.0,0.0,0.0,false,, 2.0
2024-07-03 15:04:21 +0000,Pull Up, 5,0.0,0.0,0.0,0.0,0.0,false,, 1.0
2024-07-03 15:04:21 +0000,Pull Up, 5,0.0,0.0,0.0,0.0,0.0,false,, 1.0
2024-07-03 15:04:21 +0000,Pull Up, 5,0.0,0.0,0.0,0.0,0.0,false,, 1.0
2024-07-03 15:04:21 +0000,Pull Up, 5,0.0,0.0,0.0,0.0,0.0,false,, 1.0
2024-07-03 15:04:21 +0000,Pull Up, 5,0.0,0.0,0.0,0.0,0.0,false,, 1.0
2024-07-03 15:04:21 +0000,Upright Row, 6,40.82336184920758,0.0,0.0,0.0,0.0,false,, 1.0
2024-07-03 15:04:21 +0000,Upright Row, 6,40.82336184920758,0.0,0.0,0.0,0.0,false,, 1.0
2024-07-03 15:04:21 +0000,Upright Row, 6,40.82336184920758,0.0,0.0,0.0,0.0,false,, 1.0
2024-07-03 15:04:21 +0000,Upright Row, 6,40.82336184920758,0.0,0.0,0.0,0.0,false,, 1.0
2024-07-03 15:04:21 +0000,Seated Dumbbell Curl, 5,15.87575183024739,0.0,0.0,0.0,0.0,false,, 2.0
2024-07-03 15:04:21 +0000,Seated Dumbbell Curl, 7,13.607787283069193,0.0,0.0,0.0,0.0,false,, 2.0
2024-07-03 15:04:21 +0000,Seated Dumbbell Curl, 6,13.607787283069193,0.0,0.0,0.0,0.0,false,, 2.0
2024-07-03 15:04:21 +0000,Seated Dumbbell Curl, 6,13.607787283069193,0.0,0.0,0.0,0.0,false,, 2.0
2024-07-03 15:04:21 +0000,Machine Row, 8,38.55539730202938,0.0,0.0,0.0,0.0,true,, 1.0
2024-07-03 15:04:21 +0000,Machine Row, 8,58.96707822663317,0.0,0.0,0.0,0.0,false,, 1.0
2024-07-03 15:04:21 +0000,Machine Row, 8,58.96707822663317,0.0,0.0,0.0,0.0,false,, 1.0
2024-07-03 15:04:21 +0000,Machine Row, 8,58.96707822663317,0.0,0.0,0.0,0.0,false,, 1.0
2024-07-03 15:04:21 +0000,Machine Row, 8,58.96707822663317,0.0,0.0,0.0,0.0,false,, 1.0
2024-07-03 15:04:21 +0000,Reverse Barbell Curl, 8,13.607787283069193,0.0,0.0,0.0,0.0,false,, 1.0
2024-07-03 15:04:21 +0000,Reverse Barbell Curl, 8,13.607787283069193,0.0,0.0,0.0,0.0,false,, 1.0
2024-07-03 15:04:21 +0000,Reverse Barbell Curl, 10,18.14371637742559,0.0,0.0,0.0,0.0,false,, 1.0
2024-07-03 15:04:21 +0000,Reverse Barbell Curl, 10,18.14371637742559,0.0,0.0,0.0,0.0,false,, 1.0
2024-07-03 15:04:21 +0000,Glute Ham Raise Situp, 10,0.0,0.0,0.0,0.0,0.0,false,, 1.0
2024-07-03 15:04:21 +0000,Glute Ham Raise Situp, 10,0.0,0.0,0.0,0.0,0.0,false,, 1.0
2024-07-03 15:04:21 +0000,Glute Ham Raise Situp, 10,0.0,0.0,0.0,0.0,0.0,false,, 1.0
2024-07-03 15:04:21 +0000,Australian Crawl, 0,0.0,60.0,0.0,0.0,0.0,false,, 0.0
2024-07-03 15:04:21 +0000,Australian Crawl, 0,0.0,60.0,0.0,0.0,0.0,false,, 0.0
2024-07-03 15:04:21 +0000,Australian Crawl, 0,0.0,60.0,0.0,0.0,0.0,false,, 0.0
2024-07-02 13:51:14 +0000,Barbell Incline Bench Press, 8,20.41168092460379,0.0,0.0,0.0,0.0,true,, 1.0
2024-07-02 13:51:14 +0000,Barbell Incline Bench Press, 5,38.55539730202938,0.0,0.0,0.0,0.0,true,, 1.0
2024-07-02 13:51:14 +0000,Barbell Incline Bench Press, 4,52.16318458509857,0.0,0.0,0.0,0.0,false,, 1.0
2024-07-02 13:51:14 +0000,Barbell Incline Bench Press, 4,63.50300732098956,0.0,0.0,0.0,0.0,false,, 1.0
2024-07-02 13:51:14 +0000,Barbell Incline Bench Press, 7,74.84283005688056,0.0,0.0,0.0,0.0,false,, 1.0
2024-07-02 13:51:14 +0000,Barbell Incline Bench Press, 6,74.84283005688056,0.0,0.0,0.0,0.0,false,, 1.0
2024-07-02 13:51:14 +0000,Barbell Incline Bench Press, 15,20.41168092460379,0.0,0.0,0.0,0.0,false,, 1.0
2024-07-02 13:51:14 +0000,EZ-Bar Overhead Tricep Extension, 6,27.215574566138386,0.0,0.0,0.0,0.0,false,, 1.0
2024-07-02 13:51:14 +0000,EZ-Bar Overhead Tricep Extension, 6,27.215574566138386,0.0,0.0,0.0,0.0,false,, 1.0
2024-07-02 13:51:14 +0000,EZ-Bar Overhead Tricep Extension, 6,27.215574566138386,0.0,0.0,0.0,0.0,false,, 1.0
2024-07-02 13:51:14 +0000,EZ-Bar Overhead Tricep Extension, 6,27.215574566138386,0.0,0.0,0.0,0.0,false,, 1.0
2024-07-02 13:51:14 +0000,EZ-Bar Overhead Tricep Extension, 6,27.215574566138386,0.0,0.0,0.0,0.0,false,, 1.0
2024-07-02 13:51:14 +0000,Standing Dumbbell Shoulder Press, 13,11.339822735890994,0.0,0.0,0.0,0.0,false,, 2.0
2024-07-02 13:51:14 +0000,Standing Dumbbell Shoulder Press, 13,11.339822735890994,0.0,0.0,0.0,0.0,false,, 2.0
2024-07-02 13:51:14 +0000,Standing Dumbbell Shoulder Press, 13,11.339822735890994,0.0,0.0,0.0,0.0,false,, 2.0
2024-07-02 13:51:14 +0000,Dumbbell Fly, 7,13.607787283069193,0.0,0.0,0.0,0.0,false,, 2.0
2024-07-02 13:51:14 +0000,Dumbbell Fly, 7,13.607787283069193,0.0,0.0,0.0,0.0,false,, 2.0
2024-07-02 13:51:14 +0000,Dumbbell Fly, 7,13.607787283069193,0.0,0.0,0.0,0.0,false,, 2.0
2024-07-02 13:51:14 +0000,Dumbbell Fly, 7,13.607787283069193,0.0,0.0,0.0,0.0,false,, 2.0
2024-07-02 13:51:14 +0000,Cable Rear Delt Fly, 8,6.8038936415345965,0.0,0.0,0.0,0.0,false,, 2.0
2024-07-02 13:51:14 +0000,Cable Rear Delt Fly, 4,9.071858188712795,0.0,0.0,0.0,0.0,false,, 2.0
2024-07-02 13:51:14 +0000,Cable Rear Delt Fly, 7,6.8038936415345965,0.0,0.0,0.0,0.0,false,, 2.0
2024-07-02 13:51:14 +0000,Cable Rear Delt Fly, 6,6.8038936415345965,0.0,0.0,0.0,0.0,false,, 2.0
2024-07-02 13:51:14 +0000,Tuck Crunch, 13,0.0,0.0,0.0,0.0,0.0,false,, 1.0
2024-07-02 13:51:14 +0000,Tuck Crunch, 13,0.0,0.0,0.0,0.0,0.0,false,, 1.0
2024-07-02 13:51:14 +0000,Tuck Crunch, 13,0.0,0.0,0.0,0.0,0.0,false,, 1.0
2024-07-02 13:51:14 +0000,Superman, 15,0.0,0.0,0.0,0.0,0.0,false,, 1.0
2024-07-02 13:51:14 +0000,Superman, 15,0.0,0.0,0.0,0.0,0.0,false,, 1.0
2024-07-02 13:51:14 +0000,Superman, 15,0.0,0.0,0.0,0.0,0.0,false,, 1.0
2024-07-01 14:11:20 +0000,Pulse Back Squat, 10,20.41168092460379,0.0,0.0,0.0,0.0,true,, 1.0
2024-07-01 14:11:20 +0000,Pulse Back Squat, 8,43.091326396385774,0.0,0.0,0.0,0.0,true,, 1.0
2024-07-01 14:11:20 +0000,Pulse Back Squat, 6,70.30690096252415,0.0,0.0,0.0,0.0,false,, 1.0
2024-07-01 14:11:20 +0000,Pulse Back Squat, 6,70.30690096252415,0.0,0.0,0.0,0.0,false,, 1.0
2024-07-01 14:11:20 +0000,Pulse Back Squat, 6,70.30690096252415,0.0,0.0,0.0,0.0,false,, 1.0
2024-07-01 14:11:20 +0000,Pulse Back Squat, 6,70.30690096252415,0.0,0.0,0.0,0.0,false,, 1.0
2024-07-01 14:11:20 +0000,Sumo Deadlift, 10,20.41168092460379,0.0,0.0,0.0,0.0,true,, 1.0
2024-07-01 14:11:20 +0000,Sumo Deadlift, 8,61.235042773811365,0.0,0.0,0.0,0.0,true,, 1.0
2024-07-01 14:11:20 +0000,Sumo Deadlift, 3,83.91468824559335,0.0,0.0,0.0,0.0,true,, 1.0
2024-07-01 14:11:20 +0000,Sumo Deadlift, 6,92.98654643430615,0.0,0.0,0.0,0.0,false,, 1.0
2024-07-01 14:11:20 +0000,Sumo Deadlift, 6,92.98654643430615,0.0,0.0,0.0,0.0,false,, 1.0
2024-07-01 14:11:20 +0000,Sumo Deadlift, 6,92.98654643430615,0.0,0.0,0.0,0.0,false,, 1.0
2024-07-01 14:11:20 +0000,Sumo Deadlift, 6,92.98654643430615,0.0,0.0,0.0,0.0,false,, 1.0
2024-07-01 14:11:20 +0000,Dumbbell Hip Thrust, 8,11.339822735890994,0.0,0.0,0.0,0.0,false,, 1.0
2024-07-01 14:11:20 +0000,Dumbbell Hip Thrust, 10,11.339822735890994,0.0,0.0,0.0,0.0,false,, 1.0
2024-07-01 14:11:20 +0000,Dumbbell Hip Thrust, 10,11.339822735890994,0.0,0.0,0.0,0.0,false,, 1.0
2024-07-01 14:11:20 +0000,Dumbbell Step Up, 10,11.339822735890994,0.0,0.0,0.0,0.0,false,, 4.0
2024-07-01 14:11:20 +0000,Dumbbell Step Up, 10,11.339822735890994,0.0,0.0,0.0,0.0,false,, 4.0
2024-07-01 14:11:20 +0000,Dumbbell Step Up, 10,11.339822735890994,0.0,0.0,0.0,0.0,false,, 4.0
2024-07-01 14:11:20 +0000,Cable Wood Chop, 8,19.27769865101469,0.0,0.0,0.0,0.0,false,, 2.0
2024-07-01 14:11:20 +0000,Cable Wood Chop, 8,19.27769865101469,0.0,0.0,0.0,0.0,false,, 2.0
2024-07-01 14:11:20 +0000,Cable Wood Chop, 8,19.27769865101469,0.0,0.0,0.0,0.0,false,, 2.0
2024-07-01 14:11:20 +0000,Cable Wood Chop, 8,22.67964547178199,0.0,0.0,0.0,0.0,false,, 2.0
2024-07-01 14:11:20 +0000,Barbell Seated Calf Raise, 20,31.75150366049478,0.0,0.0,0.0,0.0,false,, 1.0
2024-07-01 14:11:20 +0000,Barbell Seated Calf Raise, 20,31.75150366049478,0.0,0.0,0.0,0.0,false,, 1.0
2024-07-01 14:11:20 +0000,Barbell Seated Calf Raise, 25,31.75150366049478,0.0,0.0,0.0,0.0,false,, 1.0
2024-06-30 01:18:23 +0000,Chin Up, 5,0.0,0.0,0.0,0.0,0.0,false,, 1.0
2024-06-30 01:18:23 +0000,Chin Up, 5,0.0,0.0,0.0,0.0,0.0,false,, 1.0
2024-06-30 01:18:23 +0000,Chin Up, 5,0.0,0.0,0.0,0.0,0.0,false,, 1.0
2024-06-30 01:18:23 +0000,Chin Up, 5,0.0,0.0,0.0,0.0,0.0,false,, 1.0
2024-06-30 01:18:23 +0000,Barbell Curl, 7,20.41168092460379,0.0,0.0,0.0,0.0,true,, 1.0
2024-06-30 01:18:23 +0000,Barbell Curl, 7,29.483539113316585,0.0,0.0,0.0,0.0,false,, 1.0
2024-06-30 01:18:23 +0000,Barbell Curl, 7,29.483539113316585,0.0,0.0,0.0,0.0,false,, 1.0
2024-06-30 01:18:23 +0000,Barbell Curl, 7,29.483539113316585,0.0,0.0,0.0,0.0,false,, 1.0
2024-06-30 01:18:23 +0000,Barbell Curl, 7,29.483539113316585,0.0,0.0,0.0,0.0,false,, 1.0
2024-06-30 01:18:23 +0000,Barbell Behind The Back Shrug, 10,29.483539113316585,0.0,0.0,0.0,0.0,false,, 1.0
2024-06-30 01:18:23 +0000,Barbell Behind The Back Shrug, 12,29.483539113316585,0.0,0.0,0.0,0.0,false,, 1.0
2024-06-30 01:18:23 +0000,Barbell Behind The Back Shrug, 14,29.483539113316585,0.0,0.0,0.0,0.0,false,, 1.0
2024-06-30 01:18:23 +0000,Barbell Behind The Back Shrug, 16,29.483539113316585,0.0,0.0,0.0,0.0,false,, 1.0
2024-06-30 01:18:23 +0000,Cross Body Hammer Curls, 11,4.535929094356398,0.0,0.0,0.0,0.0,false,, 2.0
2024-06-30 01:18:23 +0000,Cross Body Hammer Curls, 11,4.535929094356398,0.0,0.0,0.0,0.0,false,, 2.0
2024-06-30 01:18:23 +0000,Cross Body Hammer Curls, 11,6.8038936415345965,0.0,0.0,0.0,0.0,false,, 2.0
2024-06-30 01:18:23 +0000,Cross Body Hammer Curls, 11,9.071858188712795,0.0,0.0,0.0,0.0,false,, 2.0
2024-06-30 01:18:23 +0000,Decline Russian Twists, 10,11.339822735890994,0.0,0.0,0.0,0.0,false,, 2.0
2024-06-30 01:18:23 +0000,Decline Russian Twists, 15,11.339822735890994,0.0,0.0,0.0,0.0,false,, 2.0
2024-06-30 01:18:23 +0000,Decline Russian Twists, 15,11.339822735890994,0.0,0.0,0.0,0.0,false,, 2.0
2024-06-30 01:18:23 +0000,Hammerstrength High Row, 8,15.87575183024739,0.0,0.0,0.0,0.0,false,, 2.0
2024-06-30 01:18:23 +0000,Hammerstrength High Row, 8,24.947610018960187,0.0,0.0,0.0,0.0,false,, 2.0
2024-06-30 01:18:23 +0000,Hammerstrength High Row, 10,29.483539113316585,0.0,0.0,0.0,0.0,false,, 2.0
2024-06-30 01:18:23 +0000,Hammerstrength High Row, 11,29.483539113316585,0.0,0.0,0.0,0.0,false,, 2.0
2024-06-30 01:18:23 +0000,Side Leg Kick, 10,0.0,0.0,0.0,0.0,0.0,false,, 2.0
2024-06-30 01:18:23 +0000,Side Leg Kick, 10,0.0,0.0,0.0,0.0,0.0,false,, 2.0
2024-06-30 01:18:23 +0000,Side Leg Kick, 10,0.0,0.0,0.0,0.0,0.0,false,, 2.0
2024-06-28 14:29:39 +0000,Cable Rope Tricep Extension, 5,19.27769865101469,0.0,0.0,0.0,0.0,false,, 1.0
2024-06-28 14:29:39 +0000,Cable Rope Tricep Extension, 5,23.813627745371086,0.0,0.0,0.0,0.0,false,, 1.0
2024-06-28 14:29:39 +0000,Cable Rope Tricep Extension, 9,27.215574566138386,0.0,0.0,0.0,0.0,false,, 1.0
2024-06-28 14:29:39 +0000,Cable Rope Tricep Extension, 8,27.215574566138386,0.0,0.0,0.0,0.0,false,, 1.0
2024-06-28 14:29:39 +0000,Dumbbell Front Raise, 10,6.8038936415345965,0.0,0.0,0.0,0.0,false,, 2.0
2024-06-28 14:29:39 +0000,Dumbbell Front Raise, 10,6.8038936415345965,0.0,0.0,0.0,0.0,false,, 2.0
2024-06-28 14:29:39 +0000,Dumbbell Front Raise, 10,6.8038936415345965,0.0,0.0,0.0,0.0,false,, 2.0
2024-06-28 14:29:39 +0000,Dumbbell Front Raise, 10,6.8038936415345965,0.0,0.0,0.0,0.0,false,, 2.0
2024-06-28 14:29:39 +0000,Dumbbell Front Raise, 10,6.8038936415345965,0.0,0.0,0.0,0.0,false,, 2.0
2024-06-28 14:29:39 +0000,Dumbbell Squeeze Press, 10,22.67964547178199,0.0,0.0,0.0,0.0,false,, 2.0
2024-06-28 14:29:39 +0000,Dumbbell Squeeze Press, 10,22.67964547178199,0.0,0.0,0.0,0.0,false,, 2.0
2024-06-28 14:29:39 +0000,Dumbbell Squeeze Press, 10,22.67964547178199,0.0,0.0,0.0,0.0,false,, 2.0
2024-06-28 14:29:39 +0000,Close-Grip Bench Press, 12,56.69911367945497,0.0,0.0,0.0,0.0,false,, 1.0
2024-06-28 14:29:39 +0000,Close-Grip Bench Press, 12,56.69911367945497,0.0,0.0,0.0,0.0,false,, 1.0
2024-06-28 14:29:39 +0000,Close-Grip Bench Press, 12,56.69911367945497,0.0,0.0,0.0,0.0,false,, 1.0
2024-06-28 14:29:39 +0000,Push Up, 11,0.0,0.0,0.0,0.0,0.0,false,, 1.0
2024-06-28 14:29:39 +0000,Push Up, 11,0.0,0.0,0.0,0.0,0.0,false,, 1.0
2024-06-28 14:29:39 +0000,Push Up, 11,0.0,0.0,0.0,0.0,0.0,false,, 1.0
2024-06-28 14:29:39 +0000,Hanging Knee Raise, 10,0.0,0.0,0.0,0.0,0.0,false,, 1.0
2024-06-28 14:29:39 +0000,Hanging Knee Raise, 10,0.0,0.0,0.0,0.0,0.0,false,, 1.0
2024-06-28 14:29:39 +0000,Hanging Knee Raise, 10,0.0,0.0,0.0,0.0,0.0,false,, 1.0
2024-06-28 14:29:39 +0000,Dumbbell Back Fly, 8,4.535929094356398,0.0,0.0,0.0,0.0,false,, 2.0
2024-06-28 14:29:39 +0000,Dumbbell Back Fly, 8,6.8038936415345965,0.0,0.0,0.0,0.0,false,, 2.0
2024-06-28 14:29:39 +0000,Dumbbell Back Fly, 11,6.8038936415345965,0.0,0.0,0.0,0.0,false,, 2.0
2024-06-28 14:29:39 +0000,Dumbbell Back Fly, 11,6.8038936415345965,0.0,0.0,0.0,0.0,false,, 2.0
2024-06-28 14:29:39 +0000,Push Up, 6,0.0,0.0,0.0,0.0,0.0,false,, 1.0
2024-06-28 14:29:39 +0000,Push Up, 8,0.0,0.0,0.0,0.0,0.0,false,, 1.0
2024-06-28 14:29:39 +0000,Push Up, 20,0.0,0.0,0.0,0.0,0.0,false,, 1.0
2024-06-28 14:29:39 +0000,Push Up, 13,0.0,0.0,0.0,0.0,0.0,false,, 1.0
2024-06-27 14:02:37 +0000,Deadlift, 8,20.41168092460379,0.0,0.0,0.0,0.0,true,, 1.0
2024-06-27 14:02:37 +0000,Deadlift, 8,61.235042773811365,0.0,0.0,0.0,0.0,true,, 1.0
2024-06-27 14:02:37 +0000,Deadlift, 3,83.91468824559335,0.0,0.0,0.0,0.0,true,, 1.0
2024-06-27 14:02:37 +0000,Deadlift, 4,92.98654643430615,0.0,0.0,0.0,0.0,false,, 1.0
2024-06-27 14:02:37 +0000,Deadlift, 5,92.98654643430615,0.0,0.0,0.0,0.0,false,, 1.0
2024-06-27 14:02:37 +0000,Deadlift, 7,92.98654643430615,0.0,0.0,0.0,0.0,false,, 1.0
2024-06-27 14:02:37 +0000,Deadlift, 8,92.98654643430615,0.0,0.0,0.0,0.0,false,, 1.0
2024-06-27 14:02:37 +0000,Deadlift, 10,92.98654643430615,0.0,0.0,0.0,0.0,false,, 1.0
2024-06-27 14:02:37 +0000,Kneeling Squat, 6,20.41168092460379,0.0,0.0,0.0,0.0,false,, 1.0
2024-06-27 14:02:37 +0000,Kneeling Squat, 10,29.483539113316585,0.0,0.0,0.0,0.0,false,, 1.0
2024-06-27 14:02:37 +0000,Kneeling Squat, 20,43.091326396385774,0.0,0.0,0.0,0.0,false,, 1.0
2024-06-27 14:02:37 +0000,Kneeling Squat, 25,52.16318458509857,0.0,0.0,0.0,0.0,false,, 1.0
2024-06-27 14:02:37 +0000,Leg Press, 8,81.64672369841516,0.0,0.0,0.0,0.0,true,, 1.0
2024-06-27 14:02:37 +0000,Leg Press, 3,122.47008554762273,0.0,0.0,0.0,0.0,true,, 1.0
2024-06-27 14:02:37 +0000,Leg Press, 10,140.6138019250483,0.0,0.0,0.0,0.0,false,, 1.0
2024-06-27 14:02:37 +0000,Leg Press, 12,140.6138019250483,0.0,0.0,0.0,0.0,false,, 1.0
2024-06-27 14:02:37 +0000,Leg Press, 12,140.6138019250483,0.0,0.0,0.0,0.0,false,, 1.0
2024-06-27 14:02:37 +0000,Dumbbell Lunge, 5,20.41168092460379,0.0,0.0,0.0,0.0,false,, 4.0
2024-06-27 14:02:37 +0000,Dumbbell Lunge, 5,20.41168092460379,0.0,0.0,0.0,0.0,false,, 4.0
2024-06-27 14:02:37 +0000,Dumbbell Lunge, 5,20.41168092460379,0.0,0.0,0.0,0.0,false,, 4.0
2024-06-27 14:02:37 +0000,Dumbbell Lunge, 5,20.41168092460379,0.0,0.0,0.0,0.0,false,, 4.0
2024-06-27 14:02:37 +0000,Seated Dumbbell Calf Raise, 20,15.87575183024739,0.0,0.0,0.0,0.0,false,, 2.0
2024-06-27 14:02:37 +0000,Seated Dumbbell Calf Raise, 20,15.87575183024739,0.0,0.0,0.0,0.0,false,, 2.0
2024-06-27 14:02:37 +0000,Seated Dumbbell Calf Raise, 20,15.87575183024739,0.0,0.0,0.0,0.0,false,, 2.0
2024-06-27 14:02:37 +0000,Seated Dumbbell Calf Raise, 20,15.87575183024739,0.0,0.0,0.0,0.0,false,, 2.0
2024-06-27 14:02:37 +0000,Back Extensions, 6,0.0,0.0,0.0,0.0,0.0,false,, 1.0
2024-06-27 14:02:37 +0000,Back Extensions, 9,0.0,0.0,0.0,0.0,0.0,false,, 1.0
2024-06-27 14:02:37 +0000,Back Extensions, 16,0.0,0.0,0.0,0.0,0.0,false,, 1.0
2024-06-27 14:02:37 +0000,Back Extensions, 16,0.0,0.0,0.0,0.0,0.0,false,, 1.0
2024-06-26 14:19:40 +0000,Dumbbell Bench Press, 8,18.14371637742559,0.0,0.0,0.0,0.0,true,, 2.0
2024-06-26 14:19:40 +0000,Dumbbell Bench Press, 6,29.483539113316585,0.0,0.0,0.0,0.0,false,, 2.0
2024-06-26 14:19:40 +0000,Dumbbell Bench Press, 6,29.483539113316585,0.0,0.0,0.0,0.0,false,, 2.0
2024-06-26 14:19:40 +0000,Dumbbell Bench Press, 6,29.483539113316585,0.0,0.0,0.0,0.0,false,, 2.0
2024-06-26 14:19:40 +0000,Dumbbell Bench Press, 6,29.483539113316585,0.0,0.0,0.0,0.0,false,, 2.0
2024-06-26 14:19:40 +0000,Dumbbell Bench Press, 8,29.483539113316585,0.0,0.0,0.0,0.0,false,, 2.0
2024-06-26 14:19:40 +0000,Dumbbell Bench Press, 8,29.483539113316585,0.0,0.0,0.0,0.0,false,, 2.0
2024-06-26 14:19:40 +0000,Dumbbell Rear Delt Raise, 5,11.339822735890994,0.0,0.0,0.0,0.0,false,, 2.0
2024-06-26 14:19:40 +0000,Dumbbell Rear Delt Raise, 5,11.339822735890994,0.0,0.0,0.0,0.0,false,, 2.0
2024-06-26 14:19:40 +0000,Dumbbell Rear Delt Raise, 5,11.339822735890994,0.0,0.0,0.0,0.0,false,, 2.0
2024-06-26 14:19:40 +0000,Dumbbell Incline Fly, 6,15.87575183024739,0.0,0.0,0.0,0.0,false,, 2.0
2024-06-26 14:19:40 +0000,Dumbbell Incline Fly, 6,15.87575183024739,0.0,0.0,0.0,0.0,false,, 2.0
2024-06-26 14:19:40 +0000,Dumbbell Incline Fly, 6,15.87575183024739,0.0,0.0,0.0,0.0,false,, 2.0
2024-06-26 14:19:40 +0000,Barbell Shoulder Press, 6,20.41168092460379,0.0,0.0,0.0,0.0,true,, 1.0
2024-06-26 14:19:40 +0000,Barbell Shoulder Press, 3,40.82336184920758,0.0,0.0,0.0,0.0,false,, 1.0
2024-06-26 14:19:40 +0000,Barbell Shoulder Press, 3,40.82336184920758,0.0,0.0,0.0,0.0,false,, 1.0
2024-06-26 14:19:40 +0000,Barbell Shoulder Press, 3,40.82336184920758,0.0,0.0,0.0,0.0,false,, 1.0
2024-06-26 14:19:40 +0000,Barbell Shoulder Press, 3,43.091326396385774,0.0,0.0,0.0,0.0,false,, 1.0
2024-06-26 14:19:40 +0000,Barbell Shoulder Press, 3,43.091326396385774,0.0,0.0,0.0,0.0,false,, 1.0
2024-06-26 14:19:40 +0000,Barbell Shoulder Press, 3,43.091326396385774,0.0,0.0,0.0,0.0,false,, 1.0
2024-06-26 14:19:40 +0000,Cable One Arm Underhand Tricep Extension, 8,6.8038936415345965,0.0,0.0,0.0,0.0,false,, 2.0
2024-06-26 14:19:40 +0000,Cable One Arm Underhand Tricep Extension, 8,9.071858188712795,0.0,0.0,0.0,0.0,false,, 2.0
2024-06-26 14:19:40 +0000,Cable One Arm Underhand Tricep Extension, 8,9.071858188712795,0.0,0.0,0.0,0.0,false,, 2.0
2024-06-26 14:19:40 +0000,Hammerstrength Decline Chest Press, 8,20.41168092460379,0.0,0.0,0.0,0.0,true,, 2.0
2024-06-26 14:19:40 +0000,Hammerstrength Decline Chest Press, 6,36.28743275485118,0.0,0.0,0.0,0.0,false,, 2.0
2024-06-26 14:19:40 +0000,Hammerstrength Decline Chest Press, 6,40.82336184920758,0.0,0.0,0.0,0.0,false,, 2.0
2024-06-26 14:19:40 +0000,Hammerstrength Decline Chest Press, 7,40.82336184920758,0.0,0.0,0.0,0.0,false,, 2.0
2024-06-26 14:19:40 +0000,Elevated Hip Bridge, 13,0.0,0.0,0.0,0.0,0.0,false,, 1.0
2024-06-26 14:19:40 +0000,Elevated Hip Bridge, 13,0.0,0.0,0.0,0.0,0.0,false,, 1.0
2024-06-26 14:19:40 +0000,Elevated Hip Bridge, 13,0.0,0.0,0.0,0.0,0.0,false,, 1.0
2024-06-26 14:19:40 +0000,Russian Twist, 8,11.339822735890994,0.0,0.0,0.0,0.0,false,, 2.0
2024-06-26 14:19:40 +0000,Russian Twist, 8,11.339822735890994,0.0,0.0,0.0,0.0,false,, 2.0
2024-06-26 14:19:40 +0000,Russian Twist, 9,15.87575183024739,0.0,0.0,0.0,0.0,false,, 2.0
2024-06-26 14:19:40 +0000,Russian Twist, 15,15.87575183024739,0.0,0.0,0.0,0.0,false,, 2.0
2024-06-25 13:42:48 +0000,Cat Cow, 8,0.0,0.0,0.0,0.0,0.0,false,, 1.0
2024-06-25 13:42:48 +0000,Cat Cow, 8,0.0,0.0,0.0,0.0,0.0,false,, 1.0
2024-06-25 13:42:48 +0000,Cat Cow, 10,0.0,0.0,0.0,0.0,0.0,false,, 1.0
2024-06-25 13:42:48 +0000,Jackknife Sit-Up, 12,0.0,0.0,0.0,0.0,0.0,false,, 1.0
2024-06-25 13:42:48 +0000,Jackknife Sit-Up, 12,0.0,0.0,0.0,0.0,0.0,false,, 1.0
2024-06-25 13:42:48 +0000,Jackknife Sit-Up, 12,0.0,0.0,0.0,0.0,0.0,false,, 1.0
2024-06-25 13:42:48 +0000,Back Squat, 10,20.41168092460379,0.0,0.0,0.0,0.0,true,, 1.0
2024-06-25 13:42:48 +0000,Back Squat, 8,45.35929094356398,0.0,0.0,0.0,0.0,true,, 1.0
2024-06-25 13:42:48 +0000,Back Squat, 8,79.37875915123695,0.0,0.0,0.0,0.0,false,, 1.0
2024-06-25 13:42:48 +0000,Back Squat, 8,79.37875915123695,0.0,0.0,0.0,0.0,false,, 1.0
2024-06-25 13:42:48 +0000,Back Squat, 8,79.37875915123695,0.0,0.0,0.0,0.0,false,, 1.0
2024-06-25 13:42:48 +0000,Back Squat, 8,79.37875915123695,0.0,0.0,0.0,0.0,false,, 1.0
2024-06-25 13:42:48 +0000,Lying Hamstrings Curl, 8,38.55539730202938,0.0,0.0,0.0,0.0,true,, 1.0
2024-06-25 13:42:48 +0000,Lying Hamstrings Curl, 8,65.77097186816776,0.0,0.0,0.0,0.0,false,, 1.0
2024-06-25 13:42:48 +0000,Lying Hamstrings Curl, 8,65.77097186816776,0.0,0.0,0.0,0.0,false,, 1.0
2024-06-25 13:42:48 +0000,Lying Hamstrings Curl, 8,65.77097186816776,0.0,0.0,0.0,0.0,false,, 1.0
2024-06-25 13:42:48 +0000,Lying Hamstrings Curl, 8,65.77097186816776,0.0,0.0,0.0,0.0,false,, 1.0
2024-06-25 13:42:48 +0000,Single Leg Leg Extension, 8,18.14371637742559,0.0,0.0,0.0,0.0,true,, 2.0
2024-06-25 13:42:48 +0000,Single Leg Leg Extension, 8,34.01946820767298,0.0,0.0,0.0,0.0,false,, 2.0
2024-06-25 13:42:48 +0000,Single Leg Leg Extension, 8,36.28743275485118,0.0,0.0,0.0,0.0,false,, 2.0
2024-06-25 13:42:48 +0000,Single Leg Leg Extension, 8,36.28743275485118,0.0,0.0,0.0,0.0,false,, 2.0
2024-06-25 13:42:48 +0000,Single Leg Leg Extension, 8,36.28743275485118,0.0,0.0,0.0,0.0,false,, 2.0
2024-06-24 13:54:53 +0000,Bent Over Barbell Row, 10,20.41168092460379,0.0,0.0,0.0,0.0,true,, 1.0
2024-06-24 13:54:53 +0000,Bent Over Barbell Row, 5,38.55539730202938,0.0,0.0,0.0,0.0,true,, 1.0
2024-06-24 13:54:53 +0000,Bent Over Barbell Row, 8,52.16318458509857,0.0,0.0,0.0,0.0,false,, 1.0
2024-06-24 13:54:53 +0000,Bent Over Barbell Row, 8,58.96707822663317,0.0,0.0,0.0,0.0,false,, 1.0
2024-06-24 13:54:53 +0000,Bent Over Barbell Row, 10,70.30690096252415,0.0,0.0,0.0,0.0,false,, 1.0
2024-06-24 13:54:53 +0000,Bent Over Barbell Row, 10,70.30690096252415,0.0,0.0,0.0,0.0,false,, 1.0
2024-06-24 13:54:53 +0000,Barbell Pause Curl, 10,20.41168092460379,0.0,0.0,0.0,0.0,true,, 1.0
2024-06-24 13:54:53 +0000,Barbell Pause Curl, 5,29.483539113316585,0.0,0.0,0.0,0.0,false,, 1.0
2024-06-24 13:54:53 +0000,Barbell Pause Curl, 6,29.483539113316585,0.0,0.0,0.0,0.0,false,, 1.0
2024-06-24 13:54:53 +0000,Barbell Pause Curl, 6,29.483539113316585,0.0,0.0,0.0,0.0,false,, 1.0
2024-06-24 13:54:53 +0000,Barbell Pause Curl, 6,29.483539113316585,0.0,0.0,0.0,0.0,false,, 1.0
2024-06-24 13:54:53 +0000,Stiff-Legged Barbell Good Morning, 10,38.55539730202938,0.0,0.0,0.0,0.0,false,, 1.0
2024-06-24 13:54:53 +0000,Stiff-Legged Barbell Good Morning, 10,38.55539730202938,0.0,0.0,0.0,0.0,false,, 1.0
2024-06-24 13:54:53 +0000,Kettlebell Alternating Row, 6,15.87575183024739,0.0,0.0,0.0,0.0,false,, 2.0
2024-06-24 13:54:53 +0000,Kettlebell Alternating Row, 6,15.87575183024739,0.0,0.0,0.0,0.0,false,, 2.0
2024-06-24 13:54:53 +0000,Kettlebell Alternating Row, 6,15.87575183024739,0.0,0.0,0.0,0.0,false,, 2.0
2024-06-24 13:54:53 +0000,Farmer's Walk, 0,20.41168092460379,0.0,36.575998829568036,0.0,0.0,false,, 0.0
2024-06-24 13:54:53 +0000,Farmer's Walk, 0,20.41168092460379,0.0,36.575998829568036,0.0,0.0,false,, 0.0
2024-06-24 13:54:53 +0000,Farmer's Walk, 0,20.41168092460379,0.0,36.575998829568036,0.0,0.0,false,, 0.0
2024-06-24 13:54:53 +0000,Farmer's Walk, 0,27.986682512178973,0.0,36.575998829568036,0.0,0.0,false,, 0.0
2024-06-24 13:54:53 +0000,Hammer Curls, 7,15.87575183024739,0.0,0.0,0.0,0.0,false,, 2.0
2024-06-24 13:54:53 +0000,Hammer Curls, 7,15.87575183024739,0.0,0.0,0.0,0.0,false,, 2.0
2024-06-24 13:54:53 +0000,Hammer Curls, 8,13.607787283069193,0.0,0.0,0.0,0.0,false,, 2.0
2024-06-24 13:54:53 +0000,Hammer Curls, 8,13.607787283069193,0.0,0.0,0.0,0.0,false,, 2.0
2024-06-24 13:54:53 +0000,Plank, 0,0.0,55.0,0.0,0.0,0.0,false,, 0.0
2024-06-24 13:54:53 +0000,Plank, 0,0.0,55.0,0.0,0.0,0.0,false,, 0.0
2024-06-24 13:54:53 +0000,Plank, 0,0.0,55.0,0.0,0.0,0.0,false,, 0.0
2024-06-24 13:54:53 +0000,Plank, 0,0.0,60.0,0.0,0.0,0.0,false,, 0.0
2024-06-22 12:44:35 +0000,Barbell Bench Press, 10,20.41168092460379,0.0,0.0,0.0,0.0,true,, 1.0
2024-06-22 12:44:35 +0000,Barbell Bench Press, 8,45.35929094356398,0.0,0.0,0.0,0.0,true,, 1.0
2024-06-22 12:44:35 +0000,Barbell Bench Press, 8,77.11079460405875,0.0,0.0,0.0,0.0,false,, 1.0
2024-06-22 12:44:35 +0000,Barbell Bench Press, 8,77.11079460405875,0.0,0.0,0.0,0.0,false,, 1.0
2024-06-22 12:44:35 +0000,Barbell Bench Press, 8,77.11079460405875,0.0,0.0,0.0,0.0,false,, 1.0
2024-06-22 12:44:35 +0000,Barbell Bench Press, 8,77.11079460405875,0.0,0.0,0.0,0.0,false,, 1.0
2024-06-22 12:44:35 +0000,Push Press, 10,20.41168092460379,0.0,0.0,0.0,0.0,true,, 1.0
2024-06-22 12:44:35 +0000,Push Press, 8,40.82336184920758,0.0,0.0,0.0,0.0,false,, 1.0
2024-06-22 12:44:35 +0000,Push Press, 8,40.82336184920758,0.0,0.0,0.0,0.0,false,, 1.0
2024-06-22 12:44:35 +0000,Push Press, 8,40.82336184920758,0.0,0.0,0.0,0.0,false,, 1.0
2024-06-22 12:44:35 +0000,Push Press, 8,40.82336184920758,0.0,0.0,0.0,0.0,false,, 1.0
2024-06-22 12:44:35 +0000,Cable Crossover Fly, 8,11.339822735890994,0.0,0.0,0.0,0.0,false,, 2.0
2024-06-22 12:44:35 +0000,Cable Crossover Fly, 8,13.607787283069193,0.0,0.0,0.0,0.0,false,, 2.0
2024-06-22 12:44:35 +0000,Cable Crossover Fly, 8,13.607787283069193,0.0,0.0,0.0,0.0,false,, 2.0
2024-06-22 12:44:35 +0000,Dumbbell Skullcrusher, 8,6.8038936415345965,0.0,0.0,0.0,0.0,false,, 2.0
2024-06-22 12:44:35 +0000,Dumbbell Skullcrusher, 8,9.071858188712795,0.0,0.0,0.0,0.0,false,, 2.0
2024-06-22 12:44:35 +0000,Dumbbell Skullcrusher, 7,11.339822735890994,0.0,0.0,0.0,0.0,false,, 2.0
2024-06-22 12:44:35 +0000,Dumbbell Skullcrusher, 7,11.339822735890994,0.0,0.0,0.0,0.0,false,, 2.0
2024-06-22 12:44:35 +0000,Toe Touchers, 14,0.0,0.0,0.0,0.0,0.0,false,, 1.0
2024-06-22 12:44:35 +0000,Toe Touchers, 14,0.0,0.0,0.0,0.0,0.0,false,, 1.0
2024-06-22 12:44:35 +0000,Toe Touchers, 14,0.0,0.0,0.0,0.0,0.0,false,, 1.0
2024-06-22 12:44:35 +0000,Tricep Push Up, 10,0.0,0.0,0.0,0.0,0.0,false,, 1.0
2024-06-22 12:44:35 +0000,Tricep Push Up, 10,0.0,0.0,0.0,0.0,0.0,false,, 1.0
2024-06-22 12:44:35 +0000,Tricep Push Up, 10,0.0,0.0,0.0,0.0,0.0,false,, 1.0
2024-06-22 12:44:35 +0000,Tricep Push Up, 10,0.0,0.0,0.0,0.0,0.0,false,, 1.0
2024-06-21 13:52:12 +0000,Dumbbell Bicep Curl, 8,13.607787283069193,0.0,0.0,0.0,0.0,false,, 2.0
2024-06-21 13:52:12 +0000,Dumbbell Bicep Curl, 8,13.607787283069193,0.0,0.0,0.0,0.0,false,, 2.0
2024-06-21 13:52:12 +0000,Dumbbell Bicep Curl, 8,13.607787283069193,0.0,0.0,0.0,0.0,false,, 2.0
2024-06-21 13:52:12 +0000,Dumbbell Bicep Curl, 8,13.607787283069193,0.0,0.0,0.0,0.0,false,, 2.0
2024-06-21 13:52:12 +0000,Dumbbell Bicep Curl, 8,13.607787283069193,0.0,0.0,0.0,0.0,false,, 2.0
2024-06-21 13:52:12 +0000,Kettlebell Row, 5,19.958088015168148,0.0,0.0,0.0,0.0,false,, 2.0
2024-06-21 13:52:12 +0000,Kettlebell Row, 6,19.958088015168148,0.0,0.0,0.0,0.0,false,, 2.0
2024-06-21 13:52:12 +0000,Kettlebell Row, 7,19.958088015168148,0.0,0.0,0.0,0.0,false,, 2.0
2024-06-21 13:52:12 +0000,Kettlebell Row, 8,19.958088015168148,0.0,0.0,0.0,0.0,false,, 2.0
2024-06-21 13:52:12 +0000,Overhead Cable Bicep Curl, 10,6.8038936415345965,0.0,0.0,0.0,0.0,false,, 1.0
2024-06-21 13:52:12 +0000,Overhead Cable Bicep Curl, 10,11.339822735890994,0.0,0.0,0.0,0.0,false,, 1.0
2024-06-21 13:52:12 +0000,Overhead Cable Bicep Curl, 10,15.87575183024739,0.0,0.0,0.0,0.0,false,, 1.0
2024-06-21 13:52:12 +0000,Overhead Cable Bicep Curl, 7,22.67964547178199,0.0,0.0,0.0,0.0,false,, 1.0
2024-06-21 13:52:12 +0000,Trap Bar Bent Over Row, 8,43.091326396385774,0.0,0.0,0.0,0.0,false,, 1.0
2024-06-21 13:52:12 +0000,Trap Bar Bent Over Row, 8,43.091326396385774,0.0,0.0,0.0,0.0,false,, 1.0
2024-06-21 13:52:12 +0000,Trap Bar Bent Over Row, 8,43.091326396385774,0.0,0.0,0.0,0.0,false,, 1.0
2024-06-21 13:52:12 +0000,Cable Shrugs, 10,30.617521386905683,0.0,0.0,0.0,0.0,false,, 2.0
2024-06-21 13:52:12 +0000,Cable Shrugs, 10,31.75150366049478,0.0,0.0,0.0,0.0,false,, 2.0
2024-06-21 13:52:12 +0000,Cable Shrugs, 10,34.01946820767298,0.0,0.0,0.0,0.0,false,, 2.0
2024-06-21 13:52:12 +0000,Cable Shrugs, 10,34.01946820767298,0.0,0.0,0.0,0.0,false,, 2.0
2024-06-21 13:52:12 +0000,Dead Hang, 0,0.0,30.0,0.0,0.0,0.0,false,, 0.0
2024-06-21 13:52:12 +0000,Dead Hang, 0,0.0,30.0,0.0,0.0,0.0,false,, 0.0
2024-06-21 13:52:12 +0000,Dead Hang, 0,0.0,30.0,0.0,0.0,0.0,false,, 0.0
2024-06-21 13:52:12 +0000,Ab Crunch Machine, 12,47.62725549074217,0.0,0.0,0.0,0.0,false,, 1.0
2024-06-21 13:52:12 +0000,Ab Crunch Machine, 12,54.43114913227677,0.0,0.0,0.0,0.0,false,, 1.0
2024-06-21 13:52:12 +0000,Ab Crunch Machine, 12,54.43114913227677,0.0,0.0,0.0,0.0,false,, 1.0
2024-06-21 13:52:12 +0000,Dumbbell Superman, 12,2.267964547178199,0.0,0.0,0.0,0.0,false,, 2.0
2024-06-21 13:52:12 +0000,Dumbbell Superman, 12,2.267964547178199,0.0,0.0,0.0,0.0,false,, 2.0
2024-06-21 13:52:12 +0000,Dumbbell Superman, 12,2.267964547178199,0.0,0.0,0.0,0.0,false,, 2.0
2024-06-20 13:49:14 +0000,Skullcrusher, 4,20.41168092460379,0.0,0.0,0.0,0.0,false,, 1.0
2024-06-20 13:49:14 +0000,Skullcrusher, 4,24.947610018960187,0.0,0.0,0.0,0.0,false,, 1.0
2024-06-20 13:49:14 +0000,Skullcrusher, 10,29.483539113316585,0.0,0.0,0.0,0.0,false,, 1.0
2024-06-20 13:49:14 +0000,Skullcrusher, 10,29.483539113316585,0.0,0.0,0.0,0.0,false,, 1.0
2024-06-20 13:49:14 +0000,Balance Trainer Push Up, 9,0.0,0.0,0.0,0.0,0.0,false,, 1.0
2024-06-20 13:49:14 +0000,Balance Trainer Push Up, 9,0.0,0.0,0.0,0.0,0.0,false,, 1.0
2024-06-20 13:49:14 +0000,Balance Trainer Push Up, 9,0.0,0.0,0.0,0.0,0.0,false,, 1.0
2024-06-20 13:49:14 +0000,Balance Trainer Push Up, 9,0.0,0.0,0.0,0.0,0.0,false,, 1.0
2024-06-20 13:49:14 +0000,Balance Trainer Push Up, 9,0.0,0.0,0.0,0.0,0.0,false,, 1.0
2024-06-20 13:49:14 +0000,Seated Barbell Shoulder Press, 10,13.607787283069193,0.0,0.0,0.0,0.0,true,, 1.0
2024-06-20 13:49:14 +0000,Seated Barbell Shoulder Press, 10,31.75150366049478,0.0,0.0,0.0,0.0,false,, 1.0
2024-06-20 13:49:14 +0000,Seated Barbell Shoulder Press, 10,31.75150366049478,0.0,0.0,0.0,0.0,false,, 1.0
2024-06-20 13:49:14 +0000,Seated Barbell Shoulder Press, 10,31.75150366049478,0.0,0.0,0.0,0.0,false,, 1.0
2024-06-20 13:49:14 +0000,Seated Barbell Shoulder Press, 10,31.75150366049478,0.0,0.0,0.0,0.0,false,, 1.0
2024-06-20 13:49:14 +0000,Floor Press, 10,20.41168092460379,0.0,0.0,0.0,0.0,true,, 1.0
2024-06-20 13:49:14 +0000,Floor Press, 5,45.35929094356398,0.0,0.0,0.0,0.0,true,, 1.0
2024-06-20 13:49:14 +0000,Floor Press, 6,63.50300732098956,0.0,0.0,0.0,0.0,false,, 1.0
2024-06-20 13:49:14 +0000,Floor Press, 7,63.50300732098956,0.0,0.0,0.0,0.0,false,, 1.0
2024-06-20 13:49:14 +0000,Floor Press, 8,63.50300732098956,0.0,0.0,0.0,0.0,false,, 1.0
2024-06-20 13:49:14 +0000,Single Arm High Cable Tricep Extension, 10,4.535929094356398,0.0,0.0,0.0,0.0,false,, 2.0
2024-06-20 13:49:14 +0000,Single Arm High Cable Tricep Extension, 10,6.8038936415345965,0.0,0.0,0.0,0.0,false,, 2.0
2024-06-20 13:49:14 +0000,Single Arm High Cable Tricep Extension, 10,6.8038936415345965,0.0,0.0,0.0,0.0,false,, 2.0
2024-06-20 13:49:14 +0000,Machine Lateral Raise, 8,24.947610018960187,0.0,0.0,0.0,0.0,true,, 1.0
2024-06-20 13:49:14 +0000,Machine Lateral Raise, 6,38.55539730202938,0.0,0.0,0.0,0.0,false,, 1.0
2024-06-20 13:49:14 +0000,Machine Lateral Raise, 6,38.55539730202938,0.0,0.0,0.0,0.0,false,, 1.0
2024-06-20 13:49:14 +0000,Machine Lateral Raise, 6,38.55539730202938,0.0,0.0,0.0,0.0,false,, 1.0
2024-06-20 13:49:14 +0000,Machine Lateral Raise, 6,38.55539730202938,0.0,0.0,0.0,0.0,false,, 1.0
2024-06-20 13:49:14 +0000,Bicycle Crunch, 16,0.0,0.0,0.0,0.0,0.0,false,, 2.0
2024-06-20 13:49:14 +0000,Bicycle Crunch, 16,0.0,0.0,0.0,0.0,0.0,false,, 2.0
2024-06-20 13:49:14 +0000,Bicycle Crunch, 20,0.0,0.0,0.0,0.0,0.0,false,, 2.0
2024-06-19 13:38:41 +0000,Deadlift to Calf Raise, 8,15.87575183024739,0.0,0.0,0.0,0.0,true,, 1.0
2024-06-19 13:38:41 +0000,Deadlift to Calf Raise, 5,43.091326396385774,0.0,0.0,0.0,0.0,false,, 1.0
2024-06-19 13:38:41 +0000,Deadlift to Calf Raise, 5,43.091326396385774,0.0,0.0,0.0,0.0,false,, 1.0
2024-06-19 13:38:41 +0000,Deadlift to Calf Raise, 5,43.091326396385774,0.0,0.0,0.0,0.0,false,, 1.0
2024-06-19 13:38:41 +0000,Deadlift to Calf Raise, 5,43.091326396385774,0.0,0.0,0.0,0.0,false,, 1.0
2024-06-19 13:38:41 +0000,Deadlift to Calf Raise, 5,43.091326396385774,0.0,0.0,0.0,0.0,false,, 1.0
2024-06-19 13:38:41 +0000,Burpee, 9,0.0,0.0,0.0,0.0,0.0,false,, 1.0
2024-06-19 13:38:41 +0000,Burpee, 9,0.0,0.0,0.0,0.0,0.0,false,, 1.0
2024-06-19 13:38:41 +0000,Burpee, 9,0.0,0.0,0.0,0.0,0.0,false,, 1.0
2024-06-19 13:38:41 +0000,Burpee, 9,0.0,0.0,0.0,0.0,0.0,false,, 1.0
2024-06-19 13:38:41 +0000,Kettlebell Swing American, 9,8.164672369841515,0.0,0.0,0.0,0.0,false,, 1.0
2024-06-19 13:38:41 +0000,Kettlebell Swing American, 9,11.974852809100888,0.0,0.0,0.0,0.0,false,, 1.0
2024-06-19 13:38:41 +0000,Kettlebell Swing American, 9,11.974852809100888,0.0,0.0,0.0,0.0,false,, 1.0
2024-06-19 13:38:41 +0000,Kettlebell Swing American, 9,11.974852809100888,0.0,0.0,0.0,0.0,false,, 1.0
2024-06-19 13:38:41 +0000,Dumbbell Glute Bridge, 0,9.071858188712795,30.0,0.0,0.0,0.0,false,, 0.0
2024-06-19 13:38:41 +0000,Dumbbell Glute Bridge, 0,9.071858188712795,30.0,0.0,0.0,0.0,false,, 0.0
2024-06-19 13:38:41 +0000,Dumbbell Glute Bridge, 0,9.071858188712795,30.0,0.0,0.0,0.0,false,, 0.0
2024-06-19 13:38:41 +0000,Dumbbell Glute Bridge, 0,9.071858188712795,30.0,0.0,0.0,0.0,false,, 0.0
2024-06-19 13:38:41 +0000,Standing Dumbbell Calf Raise, 15,9.071858188712795,0.0,0.0,0.0,0.0,false,, 2.0
2024-06-19 13:38:41 +0000,Standing Dumbbell Calf Raise, 16,9.071858188712795,0.0,0.0,0.0,0.0,false,, 2.0
2024-06-19 13:38:41 +0000,Standing Dumbbell Calf Raise, 20,9.071858188712795,0.0,0.0,0.0,0.0,false,, 2.0
2024-06-19 13:38:41 +0000,Standing Dumbbell Calf Raise, 20,9.071858188712795,0.0,0.0,0.0,0.0,false,, 2.0
2024-06-19 13:38:41 +0000,Leg Raise, 7,0.0,0.0,0.0,0.0,0.0,false,, 1.0
2024-06-19 13:38:41 +0000,Leg Raise, 9,0.0,0.0,0.0,0.0,0.0,false,, 1.0
2024-06-19 13:38:41 +0000,Leg Raise, 13,0.0,0.0,0.0,0.0,0.0,false,, 1.0
2024-06-19 13:38:41 +0000,Leg Raise, 12,0.0,0.0,0.0,0.0,0.0,false,, 1.0
2024-06-19 13:38:41 +0000,Alternating Superman, 7,0.0,0.0,0.0,0.0,0.0,false,, 2.0
2024-06-19 13:38:41 +0000,Alternating Superman, 7,0.0,0.0,0.0,0.0,0.0,false,, 2.0
2024-06-19 13:38:41 +0000,Alternating Superman, 7,0.0,0.0,0.0,0.0,0.0,false,, 2.0
2024-06-18 13:42:42 +0000,Lat Pulldown, 8,38.55539730202938,0.0,0.0,0.0,0.0,true,, 1.0
2024-06-18 13:42:42 +0000,Lat Pulldown, 6,65.77097186816776,0.0,0.0,0.0,0.0,false,, 1.0
2024-06-18 13:42:42 +0000,Lat Pulldown, 6,65.77097186816776,0.0,0.0,0.0,0.0,false,, 1.0
2024-06-18 13:42:42 +0000,Lat Pulldown, 7,65.77097186816776,0.0,0.0,0.0,0.0,false,, 1.0
2024-06-18 13:42:42 +0000,Lat Pulldown, 7,65.77097186816776,0.0,0.0,0.0,0.0,false,, 1.0
2024-06-18 13:42:42 +0000,Dumbbell Shrug, 10,29.483539113316585,0.0,0.0,0.0,0.0,false,, 2.0
2024-06-18 13:42:42 +0000,Dumbbell Shrug, 10,29.483539113316585,0.0,0.0,0.0,0.0,false,, 2.0
2024-06-18 13:42:42 +0000,Dumbbell Shrug, 10,29.483539113316585,0.0,0.0,0.0,0.0,false,, 2.0
2024-06-18 13:42:42 +0000,Seated Dumbbell Curl, 7,11.339822735890994,0.0,0.0,0.0,0.0,false,, 2.0
2024-06-18 13:42:42 +0000,Seated Dumbbell Curl, 8,11.339822735890994,0.0,0.0,0.0,0.0,false,, 2.0
2024-06-18 13:42:42 +0000,Seated Dumbbell Curl, 8,11.339822735890994,0.0,0.0,0.0,0.0,false,, 2.0
2024-06-18 13:42:42 +0000,Reverse Grip Barbell Bent Over Row, 10,43.091326396385774,0.0,0.0,0.0,0.0,false,, 1.0
2024-06-18 13:42:42 +0000,Reverse Grip Barbell Bent Over Row, 10,43.091326396385774,0.0,0.0,0.0,0.0,false,, 1.0
2024-06-18 13:42:42 +0000,Reverse Grip Barbell Bent Over Row, 10,43.091326396385774,0.0,0.0,0.0,0.0,false,, 1.0
2024-06-18 13:42:42 +0000,Reverse Grip Barbell Bent Over Row, 10,43.091326396385774,0.0,0.0,0.0,0.0,false,, 1.0
2024-06-18 13:42:42 +0000,Wide Grip Barbell Curl, 8,18.14371637742559,0.0,0.0,0.0,0.0,false,, 1.0
2024-06-18 13:42:42 +0000,Wide Grip Barbell Curl, 10,18.14371637742559,0.0,0.0,0.0,0.0,false,, 1.0
2024-06-18 13:42:42 +0000,Wide Grip Barbell Curl, 10,18.14371637742559,0.0,0.0,0.0,0.0,false,, 1.0
2024-06-18 13:42:42 +0000,Leg Pull-In, 13,0.0,0.0,0.0,0.0,0.0,false,, 1.0
2024-06-18 13:42:42 +0000,Leg Pull-In, 13,0.0,0.0,0.0,0.0,0.0,false,, 1.0
2024-06-18 13:42:42 +0000,Leg Pull-In, 13,0.0,0.0,0.0,0.0,0.0,false,, 1.0
2024-06-18 13:42:42 +0000,Leg Pull-In, 13,0.0,0.0,0.0,0.0,0.0,false,, 1.0
2024-06-18 13:42:42 +0000,Superman with Scaption, 5,0.0,0.0,0.0,0.0,0.0,false,, 1.0
2024-06-18 13:42:42 +0000,Superman with Scaption, 8,0.0,0.0,0.0,0.0,0.0,false,, 1.0
2024-06-18 13:42:42 +0000,Superman with Scaption, 12,0.0,0.0,0.0,0.0,0.0,false,, 1.0
2024-06-18 13:42:42 +0000,Superman with Scaption, 15,0.0,0.0,0.0,0.0,0.0,false,, 1.0
2024-06-17 14:19:07 +0000,Barbell Front Raise, 15,9.071858188712795,0.0,0.0,0.0,0.0,false,, 1.0
2024-06-17 14:19:07 +0000,Barbell Front Raise, 10,13.607787283069193,0.0,0.0,0.0,0.0,false,, 1.0
2024-06-17 14:19:07 +0000,Barbell Front Raise, 10,13.607787283069193,0.0,0.0,0.0,0.0,false,, 1.0
2024-06-17 14:19:07 +0000,Barbell Front Raise, 10,13.607787283069193,0.0,0.0,0.0,0.0,false,, 1.0
2024-06-17 14:19:07 +0000,Barbell Front Raise, 10,13.607787283069193,0.0,0.0,0.0,0.0,false,, 1.0
2024-06-17 14:19:07 +0000,Dumbbell Decline Fly, 6,15.87575183024739,0.0,0.0,0.0,0.0,false,, 2.0
2024-06-17 14:19:07 +0000,Dumbbell Decline Fly, 6,15.87575183024739,0.0,0.0,0.0,0.0,false,, 2.0
2024-06-17 14:19:07 +0000,Dumbbell Decline Fly, 6,15.87575183024739,0.0,0.0,0.0,0.0,false,, 2.0
2024-06-17 14:19:07 +0000,Cable Tricep Pushdown, 8,15.87575183024739,0.0,0.0,0.0,0.0,true,, 1.0
2024-06-17 14:19:07 +0000,Cable Tricep Pushdown, 8,29.483539113316585,0.0,0.0,0.0,0.0,false,, 1.0
2024-06-17 14:19:07 +0000,Cable Tricep Pushdown, 8,32.88548593408388,0.0,0.0,0.0,0.0,false,, 1.0
2024-06-17 14:19:07 +0000,Cable Tricep Pushdown, 8,32.88548593408388,0.0,0.0,0.0,0.0,false,, 1.0
2024-06-17 14:19:07 +0000,Cable Tricep Pushdown, 7,34.01946820767298,0.0,0.0,0.0,0.0,false,, 1.0
2024-06-17 14:19:07 +0000,Dumbbell Bench Press, 8,18.14371637742559,0.0,0.0,0.0,0.0,true,, 2.0
2024-06-17 14:19:07 +0000,Dumbbell Bench Press, 8,27.215574566138386,0.0,0.0,0.0,0.0,false,, 2.0
2024-06-17 14:19:07 +0000,Dumbbell Bench Press, 8,27.215574566138386,0.0,0.0,0.0,0.0,false,, 2.0
2024-06-17 14:19:07 +0000,Dumbbell Bench Press, 10,27.215574566138386,0.0,0.0,0.0,0.0,false,, 2.0
2024-06-17 14:19:07 +0000,Seated Dumbbell Rear Delt Raise, 15,4.535929094356398,0.0,0.0,0.0,0.0,false,, 2.0
2024-06-17 14:19:07 +0000,Seated Dumbbell Rear Delt Raise, 15,4.535929094356398,0.0,0.0,0.0,0.0,false,, 2.0
2024-06-17 14:19:07 +0000,Dumbbell Fly, 8,13.607787283069193,0.0,0.0,0.0,0.0,false,, 2.0
2024-06-17 14:19:07 +0000,Dumbbell Fly, 8,13.607787283069193,0.0,0.0,0.0,0.0,false,, 2.0
2024-06-17 14:19:07 +0000,Dumbbell Fly, 8,13.607787283069193,0.0,0.0,0.0,0.0,false,, 2.0
2024-06-17 14:19:07 +0000,Push Up, 10,0.0,0.0,0.0,0.0,0.0,false,, 1.0
2024-06-17 14:19:07 +0000,Push Up, 10,0.0,0.0,0.0,0.0,0.0,false,, 1.0
2024-06-17 14:19:07 +0000,Push Up, 10,0.0,0.0,0.0,0.0,0.0,false,, 1.0
2024-06-17 14:19:07 +0000,Crunches, 11,0.0,0.0,0.0,0.0,0.0,false,, 1.0
2024-06-17 14:19:07 +0000,Crunches, 12,0.0,0.0,0.0,0.0,0.0,false,, 1.0
2024-06-17 14:19:07 +0000,Crunches, 13,0.0,0.0,0.0,0.0,0.0,false,, 1.0
2024-06-17 14:19:07 +0000,Crunches, 15,0.0,0.0,0.0,0.0,0.0,false,, 1.0
2024-06-15 12:29:17 +0000,Barbell Bench Press, 10,20.41168092460379,0.0,0.0,0.0,0.0,true,, 1.0
2024-06-15 12:29:17 +0000,Barbell Bench Press, 8,45.35929094356398,0.0,0.0,0.0,0.0,true,, 1.0
2024-06-15 12:29:17 +0000,Barbell Bench Press, 8,74.84283005688056,0.0,0.0,0.0,0.0,false,, 1.0
2024-06-15 12:29:17 +0000,Barbell Bench Press, 8,74.84283005688056,0.0,0.0,0.0,0.0,false,, 1.0
2024-06-15 12:29:17 +0000,Barbell Bench Press, 8,74.84283005688056,0.0,0.0,0.0,0.0,false,, 1.0
2024-06-15 12:29:17 +0000,Barbell Bench Press, 8,74.84283005688056,0.0,0.0,0.0,0.0,false,, 1.0
2024-06-15 12:29:17 +0000,Barbell Bench Press, 8,74.84283005688056,0.0,0.0,0.0,0.0,false,, 1.0
2024-06-15 12:29:17 +0000,Cable Rope Overhead Triceps Extension, 8,15.87575183024739,0.0,0.0,0.0,0.0,true,, 1.0
2024-06-15 12:29:17 +0000,Cable Rope Overhead Triceps Extension, 6,22.67964547178199,0.0,0.0,0.0,0.0,false,, 1.0
2024-06-15 12:29:17 +0000,Cable Rope Overhead Triceps Extension, 8,22.67964547178199,0.0,0.0,0.0,0.0,false,, 1.0
2024-06-15 12:29:17 +0000,Cable Rope Overhead Triceps Extension, 6,22.67964547178199,0.0,0.0,0.0,0.0,false,, 1.0
2024-06-15 12:29:17 +0000,Cable Rope Overhead Triceps Extension, 7,22.67964547178199,0.0,0.0,0.0,0.0,false,, 1.0
2024-06-15 12:29:17 +0000,Machine Lateral Raise, 8,20.41168092460379,0.0,0.0,0.0,0.0,true,, 1.0
2024-06-15 12:29:17 +0000,Machine Lateral Raise, 8,34.01946820767298,0.0,0.0,0.0,0.0,false,, 1.0
2024-06-15 12:29:17 +0000,Machine Lateral Raise, 8,34.01946820767298,0.0,0.0,0.0,0.0,false,, 1.0
2024-06-15 12:29:17 +0000,Machine Lateral Raise, 8,34.01946820767298,0.0,0.0,0.0,0.0,false,, 1.0
2024-06-15 12:29:17 +0000,Machine Lateral Raise, 8,34.01946820767298,0.0,0.0,0.0,0.0,false,, 1.0
2024-06-15 12:29:17 +0000,Chest Dip, 5,0.0,0.0,0.0,0.0,0.0,false,, 1.0
2024-06-15 12:29:17 +0000,Chest Dip, 5,0.0,0.0,0.0,0.0,0.0,false,, 1.0
2024-06-15 12:29:17 +0000,Chest Dip, 5,0.0,0.0,0.0,0.0,0.0,false,, 1.0
2024-06-15 12:29:17 +0000,Chest Dip, 6,0.0,0.0,0.0,0.0,0.0,false,, 1.0
2024-06-15 12:29:17 +0000,Chest Dip, 7,0.0,0.0,0.0,0.0,0.0,false,, 1.0
2024-06-15 12:29:17 +0000,Tricep Push Up, 4,0.0,0.0,0.0,0.0,0.0,false,, 1.0
2024-06-15 12:29:17 +0000,Tricep Push Up, 6,0.0,0.0,0.0,0.0,0.0,false,, 1.0
2024-06-15 12:29:17 +0000,Tricep Push Up, 11,0.0,0.0,0.0,0.0,0.0,false,, 1.0
2024-06-15 12:29:17 +0000,Tricep Push Up, 10,0.0,0.0,0.0,0.0,0.0,false,, 1.0
2024-06-14 14:55:03 +0000,Barbell Back Squat with Deep Partial Squat, 10,20.41168092460379,0.0,0.0,0.0,0.0,true,, 1.0
2024-06-14 14:55:03 +0000,Barbell Back Squat with Deep Partial Squat, 5,34.01946820767298,0.0,0.0,0.0,0.0,true,, 1.0
2024-06-14 14:55:03 +0000,Barbell Back Squat with Deep Partial Squat, 5,43.091326396385774,0.0,0.0,0.0,0.0,false,, 1.0
2024-06-14 14:55:03 +0000,Barbell Back Squat with Deep Partial Squat, 5,43.091326396385774,0.0,0.0,0.0,0.0,false,, 1.0
2024-06-14 14:55:03 +0000,Barbell Back Squat with Deep Partial Squat, 5,52.16318458509857,0.0,0.0,0.0,0.0,false,, 1.0
2024-06-14 14:55:03 +0000,Barbell Back Squat with Deep Partial Squat, 5,52.16318458509857,0.0,0.0,0.0,0.0,false,, 1.0
2024-06-14 14:55:03 +0000,Barbell Back Squat with Deep Partial Squat, 5,52.16318458509857,0.0,0.0,0.0,0.0,false,, 1.0
2024-06-14 14:55:03 +0000,Bulgarian Split Squat, 8,29.483539113316585,0.0,0.0,0.0,0.0,false,, 2.0
2024-06-14 14:55:03 +0000,Bulgarian Split Squat, 8,29.483539113316585,0.0,0.0,0.0,0.0,false,, 2.0
2024-06-14 14:55:03 +0000,Bulgarian Split Squat, 8,29.483539113316585,0.0,0.0,0.0,0.0,false,, 2.0
2024-06-14 14:55:03 +0000,Bulgarian Split Squat, 8,29.483539113316585,0.0,0.0,0.0,0.0,false,, 2.0
2024-06-14 14:55:03 +0000,Step Up, 21,0.0,0.0,0.0,0.0,0.0,false,, 2.0
2024-06-14 14:55:03 +0000,Step Up, 21,0.0,0.0,0.0,0.0,0.0,false,, 2.0
2024-06-14 14:55:03 +0000,Step Up, 21,0.0,0.0,0.0,0.0,0.0,false,, 2.0
2024-06-14 14:55:03 +0000,Step Up, 21,0.0,0.0,0.0,0.0,0.0,false,, 2.0
2024-06-14 14:55:03 +0000,Seated Leg Curl, 8,31.75150366049478,0.0,0.0,0.0,0.0,true,, 1.0
2024-06-14 14:55:03 +0000,Seated Leg Curl, 8,52.16318458509857,0.0,0.0,0.0,0.0,false,, 1.0
2024-06-14 14:55:03 +0000,Seated Leg Curl, 8,52.16318458509857,0.0,0.0,0.0,0.0,false,, 1.0
2024-06-14 14:55:03 +0000,Seated Leg Curl, 10,54.43114913227677,0.0,0.0,0.0,0.0,false,, 1.0
2024-06-14 14:55:03 +0000,Seated Leg Curl, 10,54.43114913227677,0.0,0.0,0.0,0.0,false,, 1.0
2024-06-14 14:55:03 +0000,Calf Raise, 17,0.0,0.0,0.0,0.0,0.0,false,, 1.0
2024-06-14 14:55:03 +0000,Calf Raise, 17,0.0,0.0,0.0,0.0,0.0,false,, 1.0
2024-06-14 14:55:03 +0000,Calf Raise, 17,0.0,0.0,0.0,0.0,0.0,false,, 1.0
2024-06-14 14:55:03 +0000,Calf Raise, 20,0.0,0.0,0.0,0.0,0.0,false,, 1.0
2024-06-14 14:55:03 +0000,Bicycle Crunch, 15,0.0,0.0,0.0,0.0,0.0,false,, 2.0
2024-06-14 14:55:03 +0000,Bicycle Crunch, 15,0.0,0.0,0.0,0.0,0.0,false,, 2.0
2024-06-14 14:55:03 +0000,Bicycle Crunch, 15,0.0,0.0,0.0,0.0,0.0,false,, 2.0
2024-06-14 14:55:03 +0000,Superman Hold, 0,0.0,30.0,0.0,0.0,0.0,false,, 0.0
2024-06-14 14:55:03 +0000,Superman Hold, 0,0.0,30.0,0.0,0.0,0.0,false,, 0.0
2024-06-14 14:55:03 +0000,Superman Hold, 0,0.0,30.0,0.0,0.0,0.0,false,, 0.0
2024-06-13 13:48:22 +0000,Dumbbell Row, 8,18.14371637742559,0.0,0.0,0.0,0.0,true,, 2.0
2024-06-13 13:48:22 +0000,Dumbbell Row, 5,29.483539113316585,0.0,0.0,0.0,0.0,false,, 2.0
2024-06-13 13:48:22 +0000,Dumbbell Row, 6,29.483539113316585,0.0,0.0,0.0,0.0,false,, 2.0
2024-06-13 13:48:22 +0000,Dumbbell Row, 6,29.483539113316585,0.0,0.0,0.0,0.0,false,, 2.0
2024-06-13 13:48:22 +0000,Dumbbell Row, 6,29.483539113316585,0.0,0.0,0.0,0.0,false,, 2.0
2024-06-13 13:48:22 +0000,Barbell Curl, 10,20.41168092460379,0.0,0.0,0.0,0.0,true,, 1.0
2024-06-13 13:48:22 +0000,Barbell Curl, 6,29.483539113316585,0.0,0.0,0.0,0.0,false,, 1.0
2024-06-13 13:48:22 +0000,Barbell Curl, 6,29.483539113316585,0.0,0.0,0.0,0.0,false,, 1.0
2024-06-13 13:48:22 +0000,Barbell Curl, 6,29.483539113316585,0.0,0.0,0.0,0.0,false,, 1.0
2024-06-13 13:48:22 +0000,Barbell Curl, 6,29.483539113316585,0.0,0.0,0.0,0.0,false,, 1.0
2024-06-13 13:48:22 +0000,V-Bar Pull Up, 4,0.0,0.0,0.0,0.0,0.0,false,, 1.0
2024-06-13 13:48:22 +0000,V-Bar Pull Up, 4,0.0,0.0,0.0,0.0,0.0,false,, 1.0
2024-06-13 13:48:22 +0000,V-Bar Pull Up, 4,0.0,0.0,0.0,0.0,0.0,false,, 1.0
2024-06-13 13:48:22 +0000,V-Bar Pull Up, 4,0.0,0.0,0.0,0.0,0.0,false,, 1.0
2024-06-13 13:48:22 +0000,V-Bar Pull Up, 4,0.0,0.0,0.0,0.0,0.0,false,, 1.0
2024-06-13 13:48:22 +0000,Machine Preacher Curl, 8,22.67964547178199,0.0,0.0,0.0,0.0,true,, 1.0
2024-06-13 13:48:22 +0000,Machine Preacher Curl, 10,36.28743275485118,0.0,0.0,0.0,0.0,false,, 1.0
2024-06-13 13:48:22 +0000,Machine Preacher Curl, 10,36.28743275485118,0.0,0.0,0.0,0.0,false,, 1.0
2024-06-13 13:48:22 +0000,Machine Preacher Curl, 10,36.28743275485118,0.0,0.0,0.0,0.0,false,, 1.0
2024-06-13 13:48:22 +0000,Smith Machine Upright Row, 8,24.947610018960187,0.0,0.0,0.0,0.0,false,, 1.0
2024-06-13 13:48:22 +0000,Smith Machine Upright Row, 8,24.947610018960187,0.0,0.0,0.0,0.0,false,, 1.0
2024-06-13 13:48:22 +0000,Smith Machine Upright Row, 8,24.947610018960187,0.0,0.0,0.0,0.0,false,, 1.0
2024-06-13 13:48:22 +0000,Smith Machine Upright Row, 8,24.947610018960187,0.0,0.0,0.0,0.0,false,, 1.0
2024-06-13 13:48:22 +0000,Vertical Knee Raise, 12,0.0,0.0,0.0,0.0,0.0,false,, 1.0
2024-06-13 13:48:22 +0000,Vertical Knee Raise, 12,0.0,0.0,0.0,0.0,0.0,false,, 1.0
2024-06-13 13:48:22 +0000,Vertical Knee Raise, 12,0.0,0.0,0.0,0.0,0.0,false,, 1.0
2024-06-13 13:48:22 +0000,Vertical Knee Raise, 12,0.0,0.0,0.0,0.0,0.0,false,, 1.0
2024-06-13 13:48:22 +0000,Vertical Knee Raise, 12,0.0,0.0,0.0,0.0,0.0,false,, 1.0
2024-06-13 13:48:22 +0000,Reverse Hyperextension, 12,0.0,0.0,0.0,0.0,0.0,false,, 1.0
2024-06-13 13:48:22 +0000,Reverse Hyperextension, 12,0.0,0.0,0.0,0.0,0.0,false,, 1.0
2024-06-12 14:08:09 +0000,Pause Barbell Incline Bench Press, 8,20.41168092460379,0.0,0.0,0.0,0.0,true,, 1.0
2024-06-12 14:08:09 +0000,Pause Barbell Incline Bench Press, 5,34.01946820767298,0.0,0.0,0.0,0.0,true,, 1.0
2024-06-12 14:08:09 +0000,Pause Barbell Incline Bench Press, 4,45.35929094356398,0.0,0.0,0.0,0.0,false,, 1.0
2024-06-12 14:08:09 +0000,Pause Barbell Incline Bench Press, 4,56.69911367945497,0.0,0.0,0.0,0.0,false,, 1.0
2024-06-12 14:08:09 +0000,Pause Barbell Incline Bench Press, 10,65.77097186816776,0.0,0.0,0.0,0.0,false,, 1.0
2024-06-12 14:08:09 +0000,Pause Barbell Incline Bench Press, 7,65.77097186816776,0.0,0.0,0.0,0.0,false,, 1.0
2024-06-12 14:08:09 +0000,Smith Machine Close-Grip Bench Press, 8,31.75150366049478,0.0,0.0,0.0,0.0,true,, 1.0
2024-06-12 14:08:09 +0000,Smith Machine Close-Grip Bench Press, 6,49.895220037920375,0.0,0.0,0.0,0.0,false,, 1.0
2024-06-12 14:08:09 +0000,Smith Machine Close-Grip Bench Press, 6,49.895220037920375,0.0,0.0,0.0,0.0,false,, 1.0
2024-06-12 14:08:09 +0000,Smith Machine Close-Grip Bench Press, 6,49.895220037920375,0.0,0.0,0.0,0.0,false,, 1.0
2024-06-12 14:08:09 +0000,Smith Machine Close-Grip Bench Press, 6,49.895220037920375,0.0,0.0,0.0,0.0,false,, 1.0
2024-06-12 14:08:09 +0000,Smith Machine Close-Grip Bench Press, 6,49.895220037920375,0.0,0.0,0.0,0.0,false,, 1.0
2024-06-12 14:08:09 +0000,Machine Shoulder Press, 8,31.75150366049478,0.0,0.0,0.0,0.0,true,, 1.0
2024-06-12 14:08:09 +0000,Machine Shoulder Press, 6,38.55539730202938,0.0,0.0,0.0,0.0,false,, 1.0
2024-06-12 14:08:09 +0000,Machine Shoulder Press, 6,38.55539730202938,0.0,0.0,0.0,0.0,false,, 1.0
2024-06-12 14:08:09 +0000,Machine Shoulder Press, 6,38.55539730202938,0.0,0.0,0.0,0.0,false,, 1.0
2024-06-12 14:08:09 +0000,Machine Tricep Extension, 12,36.28743275485118,0.0,0.0,0.0,0.0,false,, 1.0
2024-06-12 14:08:09 +0000,Machine Tricep Extension, 12,36.28743275485118,0.0,0.0,0.0,0.0,false,, 1.0
2024-06-12 14:08:09 +0000,Machine Tricep Extension, 12,36.28743275485118,0.0,0.0,0.0,0.0,false,, 1.0
2024-06-12 14:08:09 +0000,Back Extensions, 11,0.0,0.0,0.0,0.0,0.0,false,, 1.0
2024-06-12 14:08:09 +0000,Back Extensions, 11,0.0,0.0,0.0,0.0,0.0,false,, 1.0
2024-06-12 14:08:09 +0000,Back Extensions, 11,0.0,0.0,0.0,0.0,0.0,false,, 1.0
2024-06-12 14:08:09 +0000,Alternating Medicine Ball Push Up, 6,0.0,0.0,0.0,0.0,0.0,false,, 2.0
2024-06-12 14:08:09 +0000,Alternating Medicine Ball Push Up, 6,0.0,0.0,0.0,0.0,0.0,false,, 2.0
2024-06-12 14:08:09 +0000,Alternating Medicine Ball Push Up, 5,0.0,0.0,0.0,0.0,0.0,false,, 2.0
2024-06-12 14:08:09 +0000,Alternating Medicine Ball Push Up, 4,0.0,0.0,0.0,0.0,0.0,false,, 2.0
2024-06-12 14:08:09 +0000,Alternating Medicine Ball Push Up, 3,0.0,0.0,0.0,0.0,0.0,false,, 2.0
2024-06-11 13:16:31 +0000,Landmine Romanian Deadlift, 10,11.339822735890994,0.0,0.0,0.0,0.0,false,, 1.0
2024-06-11 13:16:31 +0000,Landmine Romanian Deadlift, 10,22.67964547178199,0.0,0.0,0.0,0.0,false,, 1.0
2024-06-11 13:16:31 +0000,Landmine Romanian Deadlift, 10,27.215574566138386,0.0,0.0,0.0,0.0,false,, 1.0
2024-06-11 13:16:31 +0000,Landmine Romanian Deadlift, 12,31.75150366049478,0.0,0.0,0.0,0.0,false,, 1.0
2024-06-11 13:16:31 +0000,Single Leg Hip Thrust, 6,0.0,0.0,0.0,0.0,0.0,false,, 2.0
2024-06-11 13:16:31 +0000,Single Leg Hip Thrust, 8,0.0,0.0,0.0,0.0,0.0,false,, 2.0
2024-06-11 13:16:31 +0000,Single Leg Hip Thrust, 20,0.0,0.0,0.0,0.0,0.0,false,, 2.0
2024-06-11 13:16:31 +0000,Single Leg Hip Thrust, 22,0.0,0.0,0.0,0.0,0.0,false,, 2.0
2024-06-11 13:16:31 +0000,Lunge, 10,0.0,0.0,0.0,0.0,0.0,false,, 2.0
2024-06-11 13:16:31 +0000,Lunge, 10,0.0,0.0,0.0,0.0,0.0,false,, 2.0
2024-06-11 13:16:31 +0000,Lunge, 10,0.0,0.0,0.0,0.0,0.0,false,, 2.0
2024-06-11 13:16:31 +0000,Smith Machine Stiff-Legged Deadlift, 8,72.57486550970236,0.0,0.0,0.0,0.0,false,, 1.0
2024-06-11 13:16:31 +0000,Smith Machine Stiff-Legged Deadlift, 8,72.57486550970236,0.0,0.0,0.0,0.0,false,, 1.0
2024-06-11 13:16:31 +0000,Smith Machine Calf Raise, 6,99.79044007584075,0.0,0.0,0.0,0.0,false,, 1.0
2024-06-11 13:16:31 +0000,Smith Machine Calf Raise, 10,99.79044007584075,0.0,0.0,0.0,0.0,false,, 1.0
2024-06-11 13:16:31 +0000,Smith Machine Calf Raise, 10,99.79044007584075,0.0,0.0,0.0,0.0,false,, 1.0
2024-06-11 13:16:31 +0000,Scissor Kick, 9,0.0,0.0,0.0,0.0,0.0,false,, 2.0
2024-06-11 13:16:31 +0000,Scissor Kick, 13,0.0,0.0,0.0,0.0,0.0,false,, 2.0
2024-06-11 13:16:31 +0000,Scissor Kick, 25,0.0,0.0,0.0,0.0,0.0,false,, 2.0
2024-06-11 13:16:31 +0000,Scissor Kick, 26,0.0,0.0,0.0,0.0,0.0,false,, 2.0
2024-06-11 13:16:31 +0000,Sit Up, 11,0.0,0.0,0.0,0.0,0.0,false,, 1.0
2024-06-10 13:38:30 +0000,Pull Up, 5,0.0,0.0,0.0,0.0,0.0,false,, 1.0
2024-06-10 13:38:30 +0000,Pull Up, 5,0.0,0.0,0.0,0.0,0.0,false,, 1.0
2024-06-10 13:38:30 +0000,Pull Up, 5,0.0,0.0,0.0,0.0,0.0,false,, 1.0
2024-06-10 13:38:30 +0000,Reverse Grip Pull Down, 8,38.55539730202938,0.0,0.0,0.0,0.0,true,, 1.0
2024-06-10 13:38:30 +0000,Reverse Grip Pull Down, 12,54.43114913227677,0.0,0.0,0.0,0.0,false,, 1.0
2024-06-10 13:38:30 +0000,Reverse Grip Pull Down, 12,54.43114913227677,0.0,0.0,0.0,0.0,false,, 1.0
2024-06-10 13:38:30 +0000,Reverse Grip Pull Down, 12,54.43114913227677,0.0,0.0,0.0,0.0,false,, 1.0
2024-06-10 13:38:30 +0000,Reverse Grip Pull Down, 12,54.43114913227677,0.0,0.0,0.0,0.0,false,, 1.0
2024-06-10 13:38:30 +0000,Preacher Curl, 15,20.41168092460379,0.0,0.0,0.0,0.0,false,, 1.0
2024-06-10 13:38:30 +0000,Preacher Curl, 15,20.41168092460379,0.0,0.0,0.0,0.0,false,, 1.0
2024-06-10 13:38:30 +0000,Preacher Curl, 15,20.41168092460379,0.0,0.0,0.0,0.0,false,, 1.0
2024-06-10 13:38:30 +0000,Preacher Curl, 15,20.41168092460379,0.0,0.0,0.0,0.0,false,, 1.0
2024-06-10 13:38:30 +0000,Dumbbell Wide Curls, 10,4.535929094356398,0.0,0.0,0.0,0.0,false,, 2.0
2024-06-10 13:38:30 +0000,Dumbbell Wide Curls, 10,4.535929094356398,0.0,0.0,0.0,0.0,false,, 2.0
2024-06-10 13:38:30 +0000,Dumbbell Wide Curls, 10,4.535929094356398,0.0,0.0,0.0,0.0,false,, 2.0
2024-06-10 13:38:30 +0000,Smith Machine Shrug, 8,63.50300732098956,0.0,0.0,0.0,0.0,false,, 1.0
2024-06-10 13:38:30 +0000,Smith Machine Shrug, 8,63.50300732098956,0.0,0.0,0.0,0.0,false,, 1.0
2024-06-10 13:38:30 +0000,Smith Machine Shrug, 8,72.57486550970236,0.0,0.0,0.0,0.0,false,, 1.0
2024-06-10 13:38:30 +0000,Smith Machine Shrug, 8,72.57486550970236,0.0,0.0,0.0,0.0,false,, 1.0
2024-06-10 13:38:30 +0000,Scissor Crossover Kick, 12,0.0,0.0,0.0,0.0,0.0,false,, 2.0
2024-06-10 13:38:30 +0000,Scissor Crossover Kick, 12,0.0,0.0,0.0,0.0,0.0,false,, 2.0
2024-06-10 13:38:30 +0000,Scissor Crossover Kick, 12,0.0,0.0,0.0,0.0,0.0,false,, 2.0
2024-06-10 13:38:30 +0000,Scissor Crossover Kick, 20,0.0,0.0,0.0,0.0,0.0,false,, 2.0
2024-06-10 13:38:30 +0000,Seated Back Extension, 12,65.77097186816776,0.0,0.0,0.0,0.0,false,, 1.0
2024-06-10 13:38:30 +0000,Seated Back Extension, 12,72.57486550970236,0.0,0.0,0.0,0.0,false,, 1.0
2024-06-10 13:38:30 +0000,Seated Back Extension, 12,79.37875915123695,0.0,0.0,0.0,0.0,false,, 1.0
2024-06-10 13:38:30 +0000,Seated Back Extension, 12,86.18265279277155,0.0,0.0,0.0,0.0,false,, 1.0
2024-06-08 13:03:29 +0000,Smith Machine Incline Bench Press, 8,31.75150366049478,0.0,0.0,0.0,0.0,true,, 1.0
2024-06-08 13:03:29 +0000,Smith Machine Incline Bench Press, 12,49.895220037920375,0.0,0.0,0.0,0.0,false,, 1.0
2024-06-08 13:03:29 +0000,Smith Machine Incline Bench Press, 13,49.895220037920375,0.0,0.0,0.0,0.0,false,, 1.0
2024-06-08 13:03:29 +0000,Smith Machine Incline Bench Press, 14,49.895220037920375,0.0,0.0,0.0,0.0,false,, 1.0
2024-06-08 13:03:29 +0000,Kettlebell Upright Row, 12,19.958088015168148,0.0,0.0,0.0,0.0,false,, 1.0
2024-06-08 13:03:29 +0000,Kettlebell Upright Row, 12,19.958088015168148,0.0,0.0,0.0,0.0,false,, 1.0
2024-06-08 13:03:29 +0000,Kettlebell Upright Row, 12,19.958088015168148,0.0,0.0,0.0,0.0,false,, 1.0
2024-06-08 13:03:29 +0000,Kettlebell Upright Row, 12,19.958088015168148,0.0,0.0,0.0,0.0,false,, 1.0
2024-06-08 13:03:29 +0000,Kettlebell Upright Row, 12,19.958088015168148,0.0,0.0,0.0,0.0,false,, 1.0
2024-06-08 13:03:29 +0000,Machine Tricep Dip, 8,40.82336184920758,0.0,0.0,0.0,0.0,true,, 1.0
2024-06-08 13:03:29 +0000,Machine Tricep Dip, 12,68.03893641534596,0.0,0.0,0.0,0.0,false,, 1.0
2024-06-08 13:03:29 +0000,Machine Tricep Dip, 12,70.30690096252415,0.0,0.0,0.0,0.0,false,, 1.0
2024-06-08 13:03:29 +0000,Machine Tricep Dip, 12,70.30690096252415,0.0,0.0,0.0,0.0,false,, 1.0
2024-06-08 13:03:29 +0000,Decline Push Up, 7,0.0,0.0,0.0,0.0,0.0,false,, 1.0
2024-06-08 13:03:29 +0000,Decline Push Up, 7,0.0,0.0,0.0,0.0,0.0,false,, 1.0
2024-06-08 13:03:29 +0000,Decline Push Up, 7,0.0,0.0,0.0,0.0,0.0,false,, 1.0
2024-06-08 13:03:29 +0000,Decline Push Up, 8,0.0,0.0,0.0,0.0,0.0,false,, 1.0
2024-06-08 13:03:29 +0000,Dumbbell Rear Delt Raise, 12,6.8038936415345965,0.0,0.0,0.0,0.0,false,, 2.0
2024-06-08 13:03:29 +0000,Dumbbell Rear Delt Raise, 12,6.8038936415345965,0.0,0.0,0.0,0.0,false,, 2.0
2024-06-08 13:03:29 +0000,Dumbbell Rear Delt Raise, 12,6.8038936415345965,0.0,0.0,0.0,0.0,false,, 2.0
2024-06-08 13:03:29 +0000,Dumbbell Rear Delt Raise, 12,6.8038936415345965,0.0,0.0,0.0,0.0,false,, 2.0
2024-06-08 13:03:29 +0000,Dumbbell Rear Delt Raise, 12,6.8038936415345965,0.0,0.0,0.0,0.0,false,, 2.0
2024-06-08 13:03:29 +0000,Medicine Ball Russian Twist, 15,6.8038936415345965,0.0,0.0,0.0,0.0,false,, 2.0
2024-06-08 13:03:29 +0000,Medicine Ball Russian Twist, 15,6.8038936415345965,0.0,0.0,0.0,0.0,false,, 2.0
2024-06-08 13:03:29 +0000,Medicine Ball Russian Twist, 15,6.8038936415345965,0.0,0.0,0.0,0.0,false,, 2.0
2024-06-07 13:49:11 +0000,Decline Sit Up, 7,0.0,0.0,0.0,0.0,0.0,false,, 1.0
2024-06-07 13:49:11 +0000,Decline Sit Up, 7,0.0,0.0,0.0,0.0,0.0,false,, 1.0
2024-06-07 13:49:11 +0000,Decline Sit Up, 7,0.0,0.0,0.0,0.0,0.0,false,, 1.0
2024-06-07 13:49:11 +0000,Back Squat, 8,20.41168092460379,0.0,0.0,0.0,0.0,true,, 1.0
2024-06-07 13:49:11 +0000,Back Squat, 8,43.091326396385774,0.0,0.0,0.0,0.0,true,, 1.0
2024-06-07 13:49:11 +0000,Back Squat, 4,79.37875915123695,0.0,0.0,0.0,0.0,false,, 1.0
2024-06-07 13:49:11 +0000,Back Squat, 5,79.37875915123695,0.0,0.0,0.0,0.0,false,, 1.0
2024-06-07 13:49:11 +0000,Back Squat, 6,79.37875915123695,0.0,0.0,0.0,0.0,false,, 1.0
2024-06-07 13:49:11 +0000,Back Squat, 8,79.37875915123695,0.0,0.0,0.0,0.0,false,, 1.0
2024-06-07 13:49:11 +0000,Back Squat, 10,79.37875915123695,0.0,0.0,0.0,0.0,false,, 1.0
2024-06-07 13:49:11 +0000,Lying Hamstrings Curl, 8,38.55539730202938,0.0,0.0,0.0,0.0,true,, 1.0
2024-06-07 13:49:11 +0000,Lying Hamstrings Curl, 8,65.77097186816776,0.0,0.0,0.0,0.0,false,, 1.0
2024-06-07 13:49:11 +0000,Lying Hamstrings Curl, 8,65.77097186816776,0.0,0.0,0.0,0.0,false,, 1.0
2024-06-07 13:49:11 +0000,Lying Hamstrings Curl, 8,65.77097186816776,0.0,0.0,0.0,0.0,false,, 1.0
2024-06-07 13:49:11 +0000,Lying Hamstrings Curl, 8,65.77097186816776,0.0,0.0,0.0,0.0,false,, 1.0
2024-06-07 13:49:11 +0000,Leg Extension, 8,52.16318458509857,0.0,0.0,0.0,0.0,true,, 1.0
2024-06-07 13:49:11 +0000,Leg Extension, 8,86.18265279277155,0.0,0.0,0.0,0.0,false,, 1.0
2024-06-07 13:49:11 +0000,Leg Extension, 8,86.18265279277155,0.0,0.0,0.0,0.0,false,, 1.0
2024-06-07 13:49:11 +0000,Leg Extension, 8,86.18265279277155,0.0,0.0,0.0,0.0,false,, 1.0
2024-06-07 13:49:11 +0000,Leg Extension, 8,86.18265279277155,0.0,0.0,0.0,0.0,false,, 1.0
2024-06-07 13:49:11 +0000,Leg Extension, 8,86.18265279277155,0.0,0.0,0.0,0.0,false,, 1.0
2024-06-07 13:49:11 +0000,Standing Machine Calf Press, 12,113.39822735890993,0.0,0.0,0.0,0.0,false,, 1.0
2024-06-07 13:49:11 +0000,Standing Machine Calf Press, 12,113.39822735890993,0.0,0.0,0.0,0.0,false,, 1.0
2024-06-07 13:49:11 +0000,Standing Machine Calf Press, 12,113.39822735890993,0.0,0.0,0.0,0.0,false,, 1.0
2024-06-07 13:49:11 +0000,Standing Machine Calf Press, 12,113.39822735890993,0.0,0.0,0.0,0.0,false,, 1.0
2024-06-06 13:49:42 +0000,Decline Russian Twists, 10,4.535929094356398,0.0,0.0,0.0,0.0,false,, 2.0
2024-06-06 13:49:42 +0000,Decline Russian Twists, 10,4.535929094356398,0.0,0.0,0.0,0.0,false,, 2.0
2024-06-06 13:49:42 +0000,Decline Russian Twists, 10,4.535929094356398,0.0,0.0,0.0,0.0,false,, 2.0
2024-06-06 13:49:42 +0000,Decline Russian Twists, 10,4.535929094356398,0.0,0.0,0.0,0.0,false,, 2.0
2024-06-06 13:49:42 +0000,Stiff-Legged Barbell Good Morning, 8,24.947610018960187,0.0,0.0,0.0,0.0,false,, 1.0
2024-06-06 13:49:42 +0000,Stiff-Legged Barbell Good Morning, 8,29.483539113316585,0.0,0.0,0.0,0.0,false,, 1.0
2024-06-06 13:49:42 +0000,Stiff-Legged Barbell Good Morning, 10,38.55539730202938,0.0,0.0,0.0,0.0,false,, 1.0
2024-06-06 13:49:42 +0000,Stiff-Legged Barbell Good Morning, 10,38.55539730202938,0.0,0.0,0.0,0.0,false,, 1.0
2024-06-06 13:49:42 +0000,Wide Grip Pull Up, 4,0.0,0.0,0.0,0.0,0.0,false,, 1.0
2024-06-06 13:49:42 +0000,Wide Grip Pull Up, 4,0.0,0.0,0.0,0.0,0.0,false,, 1.0
2024-06-06 13:49:42 +0000,Wide Grip Pull Up, 5,0.0,0.0,0.0,0.0,0.0,false,, 1.0
2024-06-06 13:49:42 +0000,Barbell Pause Curl, 6,20.41168092460379,0.0,0.0,0.0,0.0,true,, 1.0
2024-06-06 13:49:42 +0000,Barbell Pause Curl, 4,29.483539113316585,0.0,0.0,0.0,0.0,false,, 1.0
2024-06-06 13:49:42 +0000,Barbell Pause Curl, 4,29.483539113316585,0.0,0.0,0.0,0.0,false,, 1.0
2024-06-06 13:49:42 +0000,Barbell Pause Curl, 4,29.483539113316585,0.0,0.0,0.0,0.0,false,, 1.0
2024-06-06 13:49:42 +0000,Barbell Pause Curl, 4,29.483539113316585,0.0,0.0,0.0,0.0,false,, 1.0
2024-06-06 13:49:42 +0000,Barbell Pause Curl, 4,29.483539113316585,0.0,0.0,0.0,0.0,false,, 1.0
2024-06-06 13:49:42 +0000,Barbell Pause Curl, 4,29.483539113316585,0.0,0.0,0.0,0.0,false,, 1.0
2024-06-06 13:49:42 +0000,Bent Over Barbell Row, 10,20.41168092460379,0.0,0.0,0.0,0.0,true,, 1.0
2024-06-06 13:49:42 +0000,Bent Over Barbell Row, 8,43.091326396385774,0.0,0.0,0.0,0.0,true,, 1.0
2024-06-06 13:49:42 +0000,Bent Over Barbell Row, 6,72.57486550970236,0.0,0.0,0.0,0.0,false,, 1.0
2024-06-06 13:49:42 +0000,Bent Over Barbell Row, 6,72.57486550970236,0.0,0.0,0.0,0.0,false,, 1.0
2024-06-06 13:49:42 +0000,Bent Over Barbell Row, 6,72.57486550970236,0.0,0.0,0.0,0.0,false,, 1.0
2024-06-06 13:49:42 +0000,Cable Bicep Curl, 8,18.14371637742559,0.0,0.0,0.0,0.0,true,, 1.0
2024-06-06 13:49:42 +0000,Cable Bicep Curl, 6,26.081592292549285,0.0,0.0,0.0,0.0,false,, 1.0
2024-06-06 13:49:42 +0000,Cable Bicep Curl, 5,26.081592292549285,0.0,0.0,0.0,0.0,false,, 1.0
2024-06-06 13:49:42 +0000,Cable Bicep Curl, 5,26.081592292549285,0.0,0.0,0.0,0.0,false,, 1.0
2024-06-06 13:49:42 +0000,Machine Shoulder Shrug, 10,92.98654643430615,0.0,0.0,0.0,0.0,false,, 1.0
2024-06-06 13:49:42 +0000,Machine Shoulder Shrug, 12,92.98654643430615,0.0,0.0,0.0,0.0,false,, 1.0
2024-06-06 13:49:42 +0000,Machine Shoulder Shrug, 12,92.98654643430615,0.0,0.0,0.0,0.0,false,, 1.0
2024-06-05 15:13:36 +0000,Barbell Bench Press, 10,20.41168092460379,0.0,0.0,0.0,0.0,true,, 1.0
2024-06-05 15:13:36 +0000,Barbell Bench Press, 8,43.091326396385774,0.0,0.0,0.0,0.0,true,, 1.0
2024-06-05 15:13:36 +0000,Barbell Bench Press, 8,72.57486550970236,0.0,0.0,0.0,0.0,false,, 1.0
2024-06-05 15:13:36 +0000,Barbell Bench Press, 8,72.57486550970236,0.0,0.0,0.0,0.0,false,, 1.0
2024-06-05 15:13:36 +0000,Barbell Bench Press, 10,72.57486550970236,0.0,0.0,0.0,0.0,false,, 1.0
2024-06-05 15:13:36 +0000,Barbell Bench Press, 10,72.57486550970236,0.0,0.0,0.0,0.0,false,, 1.0
2024-06-05 15:13:36 +0000,Cable Underhand Tricep Pushdown, 10,9.071858188712795,0.0,0.0,0.0,0.0,false,, 1.0
2024-06-05 15:13:36 +0000,Cable Underhand Tricep Pushdown, 10,11.339822735890994,0.0,0.0,0.0,0.0,false,, 1.0
2024-06-05 15:13:36 +0000,Cable Underhand Tricep Pushdown, 10,15.87575183024739,0.0,0.0,0.0,0.0,false,, 1.0
2024-06-05 15:13:36 +0000,Hammerstrength Shoulder Press, 8,20.41168092460379,0.0,0.0,0.0,0.0,true,, 2.0
2024-06-05 15:13:36 +0000,Hammerstrength Shoulder Press, 9,31.75150366049478,0.0,0.0,0.0,0.0,false,, 2.0
2024-06-05 15:13:36 +0000,Hammerstrength Shoulder Press, 8,31.75150366049478,0.0,0.0,0.0,0.0,false,, 2.0
2024-06-05 15:13:36 +0000,Hammerstrength Shoulder Press, 8,31.75150366049478,0.0,0.0,0.0,0.0,false,, 2.0
2024-06-05 15:13:36 +0000,Barbell Decline Bench Press, 10,20.41168092460379,0.0,0.0,0.0,0.0,true,, 1.0
2024-06-05 15:13:36 +0000,Barbell Decline Bench Press, 5,43.091326396385774,0.0,0.0,0.0,0.0,true,, 1.0
2024-06-05 15:13:36 +0000,Barbell Decline Bench Press, 11,54.43114913227677,0.0,0.0,0.0,0.0,false,, 1.0
2024-06-05 15:13:36 +0000,Barbell Decline Bench Press, 11,54.43114913227677,0.0,0.0,0.0,0.0,false,, 1.0
2024-06-05 15:13:36 +0000,Barbell Decline Bench Press, 11,54.43114913227677,0.0,0.0,0.0,0.0,false,, 1.0
2024-06-05 15:13:36 +0000,Pike Push Up, 7,0.0,0.0,0.0,0.0,0.0,false,, 1.0
2024-06-05 15:13:36 +0000,Pike Push Up, 7,0.0,0.0,0.0,0.0,0.0,false,, 1.0
2024-06-05 15:13:36 +0000,Pike Push Up, 7,0.0,0.0,0.0,0.0,0.0,false,, 1.0
2024-06-05 15:13:36 +0000,Side Bridge, 0,0.0,30.0,0.0,0.0,0.0,false,, 0.0
2024-06-05 15:13:36 +0000,Side Bridge, 0,0.0,30.0,0.0,0.0,0.0,false,, 0.0
2024-06-05 15:13:36 +0000,Side Bridge, 0,0.0,30.0,0.0,0.0,0.0,false,, 0.0
2024-06-04 13:34:26 +0000,Reverse Crunch, 11,0.0,0.0,0.0,0.0,0.0,false,, 1.0
2024-06-04 13:34:26 +0000,Reverse Crunch, 12,0.0,0.0,0.0,0.0,0.0,false,, 1.0
2024-06-04 13:34:26 +0000,Reverse Crunch, 12,0.0,0.0,0.0,0.0,0.0,false,, 1.0
2024-06-04 13:34:26 +0000,Reverse Crunch, 12,0.0,0.0,0.0,0.0,0.0,false,, 1.0
2024-06-04 13:34:26 +0000,Superman, 16,0.0,0.0,0.0,0.0,0.0,false,, 1.0
2024-06-04 13:34:26 +0000,Superman, 16,0.0,0.0,0.0,0.0,0.0,false,, 1.0
2024-06-04 13:34:26 +0000,Superman, 16,0.0,0.0,0.0,0.0,0.0,false,, 1.0
2024-06-04 13:34:26 +0000,Romanian Deadlift, 10,20.41168092460379,0.0,0.0,0.0,0.0,true,, 1.0
2024-06-04 13:34:26 +0000,Romanian Deadlift, 6,43.091326396385774,0.0,0.0,0.0,0.0,true,, 1.0
2024-06-04 13:34:26 +0000,Romanian Deadlift, 10,65.77097186816776,0.0,0.0,0.0,0.0,false,, 1.0
2024-06-04 13:34:26 +0000,Romanian Deadlift, 10,65.77097186816776,0.0,0.0,0.0,0.0,false,, 1.0
2024-06-04 13:34:26 +0000,Romanian Deadlift, 10,65.77097186816776,0.0,0.0,0.0,0.0,false,, 1.0
2024-06-04 13:34:26 +0000,Front Squat, 10,20.41168092460379,0.0,0.0,0.0,0.0,true,, 1.0
2024-06-04 13:34:26 +0000,Front Squat, 5,43.091326396385774,0.0,0.0,0.0,0.0,true,, 1.0
2024-06-04 13:34:26 +0000,Front Squat, 10,56.69911367945497,0.0,0.0,0.0,0.0,false,, 1.0
2024-06-04 13:34:26 +0000,Front Squat, 10,56.69911367945497,0.0,0.0,0.0,0.0,false,, 1.0
2024-06-04 13:34:26 +0000,Front Squat, 10,56.69911367945497,0.0,0.0,0.0,0.0,false,, 1.0
2024-06-04 13:34:26 +0000,Cable Hip Extension, 10,9.071858188712795,0.0,0.0,0.0,0.0,false,, 2.0
2024-06-04 13:34:26 +0000,Cable Hip Extension, 10,9.071858188712795,0.0,0.0,0.0,0.0,false,, 2.0
2024-06-04 13:34:26 +0000,Cable Hip Extension, 10,11.339822735890994,0.0,0.0,0.0,0.0,false,, 2.0
2024-06-04 13:34:26 +0000,Standing Machine Calf Press, 12,117.93415645326634,0.0,0.0,0.0,0.0,false,, 1.0
2024-06-04 13:34:26 +0000,Standing Machine Calf Press, 12,117.93415645326634,0.0,0.0,0.0,0.0,false,, 1.0
2024-06-04 13:34:26 +0000,Standing Machine Calf Press, 12,117.93415645326634,0.0,0.0,0.0,0.0,false,, 1.0
2024-06-04 13:34:26 +0000,Standing Machine Calf Press, 12,117.93415645326634,0.0,0.0,0.0,0.0,false,, 1.0
2024-06-03 14:09:19 +0000,Wide Grip Lat Pulldown, 8,36.28743275485118,0.0,0.0,0.0,0.0,true,, 1.0
2024-06-03 14:09:19 +0000,Wide Grip Lat Pulldown, 8,61.235042773811365,0.0,0.0,0.0,0.0,false,, 1.0
2024-06-03 14:09:19 +0000,Wide Grip Lat Pulldown, 8,63.50300732098956,0.0,0.0,0.0,0.0,false,, 1.0
2024-06-03 14:09:19 +0000,Wide Grip Lat Pulldown, 8,63.50300732098956,0.0,0.0,0.0,0.0,false,, 1.0
2024-06-03 14:09:19 +0000,Wide Grip Lat Pulldown, 8,64.41019313986084,0.0,0.0,0.0,0.0,false,, 1.0
2024-06-03 14:09:19 +0000,Bent Over Barbell Row, 10,20.41168092460379,0.0,0.0,0.0,0.0,true,, 1.0
2024-06-03 14:09:19 +0000,Bent Over Barbell Row, 5,43.091326396385774,0.0,0.0,0.0,0.0,true,, 1.0
2024-06-03 14:09:19 +0000,Bent Over Barbell Row, 5,52.16318458509857,0.0,0.0,0.0,0.0,false,, 1.0
2024-06-03 14:09:19 +0000,Bent Over Barbell Row, 5,61.235042773811365,0.0,0.0,0.0,0.0,false,, 1.0
2024-06-03 14:09:19 +0000,Bent Over Barbell Row, 9,70.30690096252415,0.0,0.0,0.0,0.0,false,, 1.0
2024-06-03 14:09:19 +0000,Bent Over Barbell Row, 9,70.30690096252415,0.0,0.0,0.0,0.0,false,, 1.0
2024-06-03 14:09:19 +0000,EZ-Bar Curl, 10,24.947610018960187,0.0,0.0,0.0,0.0,false,, 1.0
2024-06-03 14:09:19 +0000,EZ-Bar Curl, 10,24.947610018960187,0.0,0.0,0.0,0.0,false,, 1.0
2024-06-03 14:09:19 +0000,EZ-Bar Curl, 6,24.947610018960187,0.0,0.0,0.0,0.0,false,, 1.0
2024-06-03 14:09:19 +0000,EZ-Bar Curl, 7,24.947610018960187,0.0,0.0,0.0,0.0,false,, 1.0
2024-06-01 12:14:41 +0000,Dumbbell Goblet Squat, 18,14.741769556658292,0.0,0.0,0.0,0.0,false,, 1.0
2024-06-01 12:14:41 +0000,Dumbbell Goblet Squat, 18,14.741769556658292,0.0,0.0,0.0,0.0,false,, 1.0
2024-06-01 12:14:41 +0000,Dumbbell Goblet Squat, 18,14.741769556658292,0.0,0.0,0.0,0.0,false,, 1.0
2024-06-01 12:14:41 +0000,Dumbbell Goblet Squat, 18,14.741769556658292,0.0,0.0,0.0,0.0,false,, 1.0
2024-06-01 12:14:41 +0000,Iron Cross, 5,6.8038936415345965,0.0,0.0,0.0,0.0,false,, 2.0
2024-06-01 12:14:41 +0000,Iron Cross, 5,5.669911367945497,0.0,0.0,0.0,0.0,false,, 2.0
2024-06-01 12:14:41 +0000,Iron Cross, 5,5.669911367945497,0.0,0.0,0.0,0.0,false,, 2.0
2024-06-01 12:14:41 +0000,Iron Cross, 5,5.669911367945497,0.0,0.0,0.0,0.0,false,, 2.0
2024-06-01 12:14:41 +0000,Single Leg Romanian Deadlift, 7,11.339822735890994,0.0,0.0,0.0,0.0,false,, 4.0
2024-06-01 12:14:41 +0000,Single Leg Romanian Deadlift, 7,11.339822735890994,0.0,0.0,0.0,0.0,false,, 4.0
2024-06-01 12:14:41 +0000,Single Leg Romanian Deadlift, 7,11.339822735890994,0.0,0.0,0.0,0.0,false,, 4.0
2024-06-01 12:14:41 +0000,Single Leg Romanian Deadlift, 7,11.339822735890994,0.0,0.0,0.0,0.0,false,, 4.0
2024-06-01 12:14:41 +0000,Side Laterals to Front Raise, 5,9.071858188712795,0.0,0.0,0.0,0.0,false,, 2.0
2024-06-01 12:14:41 +0000,Side Laterals to Front Raise, 5,9.071858188712795,0.0,0.0,0.0,0.0,false,, 2.0
2024-06-01 12:14:41 +0000,Side Laterals to Front Raise, 5,9.071858188712795,0.0,0.0,0.0,0.0,false,, 2.0
2024-06-01 12:14:41 +0000,Side Laterals to Front Raise, 5,9.071858188712795,0.0,0.0,0.0,0.0,false,, 2.0
2024-06-01 12:14:41 +0000,Dumbbell Sumo Squat, 16,14.741769556658292,0.0,0.0,0.0,0.0,false,, 2.0
2024-06-01 12:14:41 +0000,Dumbbell Side Bend, 19,14.741769556658292,0.0,0.0,0.0,0.0,false,, 2.0
2024-06-01 12:14:41 +0000,Dumbbell Side Bend, 19,14.741769556658292,0.0,0.0,0.0,0.0,false,, 2.0
2024-06-01 12:14:41 +0000,Dumbbell Side Bend, 19,14.741769556658292,0.0,0.0,0.0,0.0,false,, 2.0
2024-05-31 12:21:10 +0000,Hand Release Push Up, 10,0.0,0.0,0.0,0.0,0.0,false,, 1.0
2024-05-31 12:21:10 +0000,Hand Release Push Up, 10,0.0,0.0,0.0,0.0,0.0,false,, 1.0
2024-05-31 12:21:10 +0000,Hand Release Push Up, 10,0.0,0.0,0.0,0.0,0.0,false,, 1.0
2024-05-31 12:21:10 +0000,Reverse Dumbbell Curl, 11,3.4019468207672983,0.0,0.0,0.0,0.0,false,, 2.0
2024-05-31 12:21:10 +0000,Reverse Dumbbell Curl, 11,3.4019468207672983,0.0,0.0,0.0,0.0,false,, 2.0
2024-05-31 12:21:10 +0000,Reverse Dumbbell Curl, 12,4.535929094356398,0.0,0.0,0.0,0.0,false,, 2.0
2024-05-31 12:21:10 +0000,Reverse Dumbbell Curl, 11,5.669911367945497,0.0,0.0,0.0,0.0,false,, 2.0
2024-05-31 12:21:10 +0000,Single Arm Dumbbell Tricep Extension, 8,10.205840462301895,0.0,0.0,0.0,0.0,false,, 2.0
2024-05-31 12:21:10 +0000,Single Arm Dumbbell Tricep Extension, 7,10.205840462301895,0.0,0.0,0.0,0.0,false,, 2.0
2024-05-31 12:21:10 +0000,Single Arm Dumbbell Tricep Extension, 10,9.071858188712795,0.0,0.0,0.0,0.0,false,, 2.0
2024-05-31 12:21:10 +0000,Single Arm Dumbbell Tricep Extension, 10,9.071858188712795,0.0,0.0,0.0,0.0,false,, 2.0
2024-05-31 12:21:10 +0000,Dumbbell Kickbacks, 8,7.937875915123695,0.0,0.0,0.0,0.0,false,, 2.0
2024-05-31 12:21:10 +0000,Dumbbell Kickbacks, 8,9.071858188712795,0.0,0.0,0.0,0.0,false,, 2.0
2024-05-31 12:21:10 +0000,Dumbbell Kickbacks, 13,11.339822735890994,0.0,0.0,0.0,0.0,false,, 2.0
2024-05-31 12:21:10 +0000,Dumbbell Kickbacks, 14,11.339822735890994,0.0,0.0,0.0,0.0,false,, 2.0
2024-05-31 12:21:10 +0000,Dumbbell Floor Press, 18,14.741769556658292,0.0,0.0,0.0,0.0,false,, 2.0
2024-05-31 12:21:10 +0000,Dumbbell Floor Press, 20,14.741769556658292,0.0,0.0,0.0,0.0,false,, 2.0
2024-05-31 12:21:10 +0000,Dumbbell Floor Press, 20,14.741769556658292,0.0,0.0,0.0,0.0,false,, 2.0
2024-05-31 12:21:10 +0000,Dumbbell Floor Press, 20,14.741769556658292,0.0,0.0,0.0,0.0,false,, 2.0
2024-05-31 12:21:10 +0000,Tricep Push Up, 8,0.0,0.0,0.0,0.0,0.0,false,, 1.0
2024-05-31 12:21:10 +0000,Tricep Push Up, 8,0.0,0.0,0.0,0.0,0.0,false,, 1.0
2024-05-31 12:21:10 +0000,Tricep Push Up, 8,0.0,0.0,0.0,0.0,0.0,false,, 1.0
2024-05-31 12:21:10 +0000,Plank, 0,0.0,60.0,0.0,0.0,0.0,false,, 0.0
2024-05-31 12:21:10 +0000,Plank, 0,0.0,60.0,0.0,0.0,0.0,false,, 0.0
2024-05-31 12:21:10 +0000,Plank, 0,0.0,60.0,0.0,0.0,0.0,false,, 0.0
2024-05-30 14:01:15 +0000,Box Squat, 10,20.41168092460379,0.0,0.0,0.0,0.0,true,, 1.0
2024-05-30 14:01:15 +0000,Box Squat, 7,52.16318458509857,0.0,0.0,0.0,0.0,true,, 1.0
2024-05-30 14:01:15 +0000,Box Squat, 6,88.45061733994974,0.0,0.0,0.0,0.0,false,, 1.0
2024-05-30 14:01:15 +0000,Box Squat, 6,88.45061733994974,0.0,0.0,0.0,0.0,false,, 1.0
2024-05-30 14:01:15 +0000,Box Squat, 6,88.45061733994974,0.0,0.0,0.0,0.0,false,, 1.0
2024-05-30 14:01:15 +0000,Box Squat, 6,88.45061733994974,0.0,0.0,0.0,0.0,false,, 1.0
2024-05-30 14:01:15 +0000,Hack Squat, 8,45.35929094356398,0.0,0.0,0.0,0.0,true,, 1.0
2024-05-30 14:01:15 +0000,Hack Squat, 6,65.77097186816776,0.0,0.0,0.0,0.0,false,, 1.0
2024-05-30 14:01:15 +0000,Hack Squat, 6,86.18265279277155,0.0,0.0,0.0,0.0,false,, 1.0
2024-05-30 14:01:15 +0000,Hack Squat, 9,95.25451098148434,0.0,0.0,0.0,0.0,false,, 1.0
2024-05-30 14:01:15 +0000,Hack Squat, 10,102.05840462301894,0.0,0.0,0.0,0.0,false,, 1.0
2024-05-30 14:01:15 +0000,Barbell Hip Thrust, 10,20.41168092460379,0.0,0.0,0.0,0.0,true,, 1.0
2024-05-30 14:01:15 +0000,Barbell Hip Thrust, 8,52.16318458509857,0.0,0.0,0.0,0.0,true,, 1.0
2024-05-30 14:01:15 +0000,Barbell Hip Thrust, 10,88.45061733994974,0.0,0.0,0.0,0.0,false,, 1.0
2024-05-30 14:01:15 +0000,Barbell Hip Thrust, 10,88.45061733994974,0.0,0.0,0.0,0.0,false,, 1.0
2024-05-30 14:01:15 +0000,Barbell Hip Thrust, 10,88.45061733994974,0.0,0.0,0.0,0.0,false,, 1.0
2024-05-30 14:01:15 +0000,Oblique Crunch, 12,0.0,0.0,0.0,0.0,0.0,false,, 2.0
2024-05-30 14:01:15 +0000,Oblique Crunch, 12,0.0,0.0,0.0,0.0,0.0,false,, 2.0
2024-05-30 14:01:15 +0000,Oblique Crunch, 12,0.0,0.0,0.0,0.0,0.0,false,, 2.0
2024-05-30 14:01:15 +0000,Medicine Ball Superman, 12,2.7215574566138385,0.0,0.0,0.0,0.0,false,, 1.0
2024-05-30 14:01:15 +0000,Medicine Ball Superman, 12,2.7215574566138385,0.0,0.0,0.0,0.0,false,, 1.0
2024-05-30 14:01:15 +0000,Medicine Ball Superman, 12,2.7215574566138385,0.0,0.0,0.0,0.0,false,, 1.0
2024-05-29 13:52:09 +0000,Cable Crunch, 10,22.67964547178199,0.0,0.0,0.0,0.0,true,, 1.0
2024-05-29 13:52:09 +0000,Cable Crunch, 10,43.091326396385774,0.0,0.0,0.0,0.0,false,, 1.0
2024-05-29 13:52:09 +0000,Cable Crunch, 10,43.091326396385774,0.0,0.0,0.0,0.0,false,, 1.0
2024-05-29 13:52:09 +0000,Chin Up, 4,0.0,0.0,0.0,0.0,0.0,false,, 1.0
2024-05-29 13:52:09 +0000,Chin Up, 4,0.0,0.0,0.0,0.0,0.0,false,, 1.0
2024-05-29 13:52:09 +0000,Chin Up, 5,0.0,0.0,0.0,0.0,0.0,false,, 1.0
2024-05-29 13:52:09 +0000,Chin Up, 5,0.0,0.0,0.0,0.0,0.0,false,, 1.0
2024-05-29 13:52:09 +0000,Barbell Shrug, 6,79.37875915123695,0.0,0.0,0.0,0.0,false,, 1.0
2024-05-29 13:52:09 +0000,Barbell Shrug, 6,79.37875915123695,0.0,0.0,0.0,0.0,false,, 1.0
2024-05-29 13:52:09 +0000,Barbell Shrug, 6,79.37875915123695,0.0,0.0,0.0,0.0,false,, 1.0
2024-05-29 13:52:09 +0000,Dumbbell Bicep Curl, 7,13.607787283069193,0.0,0.0,0.0,0.0,false,, 2.0
2024-05-29 13:52:09 +0000,Dumbbell Bicep Curl, 7,13.607787283069193,0.0,0.0,0.0,0.0,false,, 2.0
2024-05-29 13:52:09 +0000,Dumbbell Bicep Curl, 7,13.607787283069193,0.0,0.0,0.0,0.0,false,, 2.0
2024-05-29 13:52:09 +0000,Dumbbell Bicep Curl, 7,13.607787283069193,0.0,0.0,0.0,0.0,false,, 2.0
2024-05-29 13:52:09 +0000,Dumbbell Bent Over Row, 10,15.87575183024739,0.0,0.0,0.0,0.0,false,, 2.0
2024-05-29 13:52:09 +0000,Dumbbell Bent Over Row, 10,18.14371637742559,0.0,0.0,0.0,0.0,false,, 2.0
2024-05-29 13:52:09 +0000,Dumbbell Bent Over Row, 14,18.14371637742559,0.0,0.0,0.0,0.0,false,, 2.0
2024-05-29 13:52:09 +0000,Dumbbell Bent Over Row, 14,18.14371637742559,0.0,0.0,0.0,0.0,false,, 2.0
2024-05-29 13:52:09 +0000,Incline Back Extension, 10,0.0,0.0,0.0,0.0,0.0,false,, 1.0
2024-05-29 13:52:09 +0000,Incline Back Extension, 10,0.0,0.0,0.0,0.0,0.0,false,, 1.0
2024-05-29 13:52:09 +0000,Cable Bicep Curl, 8,19.27769865101469,0.0,0.0,0.0,0.0,true,, 1.0
2024-05-29 13:52:09 +0000,Cable Bicep Curl, 4,30.617521386905683,0.0,0.0,0.0,0.0,false,, 1.0
2024-05-29 13:52:09 +0000,Cable Bicep Curl, 5,30.617521386905683,0.0,0.0,0.0,0.0,false,, 1.0
2024-05-29 13:52:09 +0000,Cable Bicep Curl, 5,30.617521386905683,0.0,0.0,0.0,0.0,false,, 1.0
2024-05-29 13:52:09 +0000,Cable Row, 8,38.55539730202938,0.0,0.0,0.0,0.0,true,, 1.0
2024-05-29 13:52:09 +0000,Cable Row, 7,64.63698959457867,0.0,0.0,0.0,0.0,false,, 1.0
2024-05-29 13:52:09 +0000,Cable Row, 7,64.63698959457867,0.0,0.0,0.0,0.0,false,, 1.0
2024-05-29 13:52:09 +0000,Cable Row, 6,63.50300732098956,0.0,0.0,0.0,0.0,false,, 1.0
2024-05-29 13:52:09 +0000,Cable Row, 6,63.50300732098956,0.0,0.0,0.0,0.0,false,, 1.0
2024-05-28 13:47:14 +0000,Pause Barbell Decline Bench Press, 10,20.41168092460379,0.0,0.0,0.0,0.0,true,, 1.0
2024-05-28 13:47:14 +0000,Pause Barbell Decline Bench Press, 8,43.091326396385774,0.0,0.0,0.0,0.0,true,, 1.0
2024-05-28 13:47:14 +0000,Pause Barbell Decline Bench Press, 5,74.84283005688056,0.0,0.0,0.0,0.0,false,, 1.0
2024-05-28 13:47:14 +0000,Pause Barbell Decline Bench Press, 5,74.84283005688056,0.0,0.0,0.0,0.0,false,, 1.0
2024-05-28 13:47:14 +0000,Pause Barbell Decline Bench Press, 5,74.84283005688056,0.0,0.0,0.0,0.0,false,, 1.0
2024-05-28 13:47:14 +0000,Pause Barbell Decline Bench Press, 7,74.84283005688056,0.0,0.0,0.0,0.0,false,, 1.0
2024-05-28 13:47:14 +0000,Pause Barbell Decline Bench Press, 7,74.84283005688056,0.0,0.0,0.0,0.0,false,, 1.0
2024-05-28 13:47:14 +0000,Arnold Dumbbell Press, 10,13.607787283069193,0.0,0.0,0.0,0.0,false,, 2.0
2024-05-28 13:47:14 +0000,Arnold Dumbbell Press, 10,13.607787283069193,0.0,0.0,0.0,0.0,false,, 2.0
2024-05-28 13:47:14 +0000,Arnold Dumbbell Press, 10,13.607787283069193,0.0,0.0,0.0,0.0,false,, 2.0
2024-05-28 13:47:14 +0000,Dumbbell Tricep Extension, 9,22.67964547178199,0.0,0.0,0.0,0.0,false,, 1.0
2024-05-28 13:47:14 +0000,Dumbbell Tricep Extension, 6,22.67964547178199,0.0,0.0,0.0,0.0,false,, 1.0
2024-05-28 13:47:14 +0000,Dumbbell Tricep Extension, 6,22.67964547178199,0.0,0.0,0.0,0.0,false,, 1.0
2024-05-28 13:47:14 +0000,Smith Machine Bench Press, 12,56.69911367945497,0.0,0.0,0.0,0.0,false,, 1.0
2024-05-28 13:47:14 +0000,Smith Machine Bench Press, 12,56.69911367945497,0.0,0.0,0.0,0.0,false,, 1.0
2024-05-28 13:47:14 +0000,Smith Machine Bench Press, 12,56.69911367945497,0.0,0.0,0.0,0.0,false,, 1.0
2024-05-28 13:47:14 +0000,Smith Machine Bench Press, 12,56.69911367945497,0.0,0.0,0.0,0.0,false,, 1.0
2024-05-28 13:47:14 +0000,Flutter Kicks, 15,0.0,0.0,0.0,0.0,0.0,false,, 2.0
2024-05-28 13:47:14 +0000,Flutter Kicks, 15,0.0,0.0,0.0,0.0,0.0,false,, 2.0
2024-05-28 13:47:14 +0000,Flutter Kicks, 15,0.0,0.0,0.0,0.0,0.0,false,, 2.0
2024-05-28 13:47:14 +0000,Flutter Kicks, 15,0.0,0.0,0.0,0.0,0.0,false,, 2.0
2024-05-27 13:17:02 +0000,Barbell Back Squat with Deep Partial Squat, 8,29.483539113316585,0.0,0.0,0.0,0.0,true,, 1.0
2024-05-27 13:17:02 +0000,Barbell Back Squat with Deep Partial Squat, 4,43.091326396385774,0.0,0.0,0.0,0.0,false,, 1.0
2024-05-27 13:17:02 +0000,Barbell Back Squat with Deep Partial Squat, 4,43.091326396385774,0.0,0.0,0.0,0.0,false,, 1.0
2024-05-27 13:17:02 +0000,Barbell Back Squat with Deep Partial Squat, 4,43.091326396385774,0.0,0.0,0.0,0.0,false,, 1.0
2024-05-27 13:17:02 +0000,Barbell Back Squat with Deep Partial Squat, 4,43.091326396385774,0.0,0.0,0.0,0.0,false,, 1.0
2024-05-27 13:17:02 +0000,Barbell Back Squat with Deep Partial Squat, 5,43.091326396385774,0.0,0.0,0.0,0.0,false,, 1.0
2024-05-27 13:17:02 +0000,Barbell Back Squat with Deep Partial Squat, 5,43.091326396385774,0.0,0.0,0.0,0.0,false,, 1.0
2024-05-27 13:17:02 +0000,Forward Lunge with Twist, 11,6.8038936415345965,0.0,0.0,0.0,0.0,false,, 2.0
2024-05-27 13:17:02 +0000,Forward Lunge with Twist, 11,6.8038936415345965,0.0,0.0,0.0,0.0,false,, 2.0
2024-05-27 13:17:02 +0000,Forward Lunge with Twist, 11,6.8038936415345965,0.0,0.0,0.0,0.0,false,, 2.0
2024-05-27 13:17:02 +0000,Forward Lunge with Twist, 11,6.8038936415345965,0.0,0.0,0.0,0.0,false,, 2.0
2024-05-27 13:17:02 +0000,Forward Lunge with Twist, 11,6.8038936415345965,0.0,0.0,0.0,0.0,false,, 2.0
2024-05-27 13:17:02 +0000,Single Leg Romanian Deadlift, 7,11.339822735890994,0.0,0.0,0.0,0.0,false,, 4.0
2024-05-27 13:17:02 +0000,Single Leg Romanian Deadlift, 7,11.339822735890994,0.0,0.0,0.0,0.0,false,, 4.0
2024-05-27 13:17:02 +0000,Single Leg Romanian Deadlift, 7,11.339822735890994,0.0,0.0,0.0,0.0,false,, 4.0
2024-05-27 13:17:02 +0000,Air Squats, 11,0.0,0.0,0.0,0.0,0.0,false,, 1.0
2024-05-27 13:17:02 +0000,Air Squats, 11,0.0,0.0,0.0,0.0,0.0,false,, 1.0
2024-05-27 13:17:02 +0000,Air Squats, 11,0.0,0.0,0.0,0.0,0.0,false,, 1.0
2024-05-25 12:51:28 +0000,Australian Chin Up, 7,0.0,0.0,0.0,0.0,0.0,false,, 1.0
2024-05-25 12:51:28 +0000,Australian Chin Up, 7,0.0,0.0,0.0,0.0,0.0,false,, 1.0
2024-05-25 12:51:28 +0000,Australian Chin Up, 7,0.0,0.0,0.0,0.0,0.0,false,, 1.0
2024-05-25 12:51:28 +0000,Australian Chin Up, 7,0.0,0.0,0.0,0.0,0.0,false,, 1.0
2024-05-25 12:51:28 +0000,Australian Chin Up, 7,0.0,0.0,0.0,0.0,0.0,false,, 1.0
2024-05-25 12:51:28 +0000,Barbell Curl, 8,20.41168092460379,0.0,0.0,0.0,0.0,true,, 1.0
2024-05-25 12:51:28 +0000,Barbell Curl, 10,24.947610018960187,0.0,0.0,0.0,0.0,false,, 1.0
2024-05-25 12:51:28 +0000,Barbell Curl, 10,24.947610018960187,0.0,0.0,0.0,0.0,false,, 1.0
2024-05-25 12:51:28 +0000,Barbell Curl, 10,24.947610018960187,0.0,0.0,0.0,0.0,false,, 1.0
2024-05-25 12:51:28 +0000,Barbell Curl, 10,24.947610018960187,0.0,0.0,0.0,0.0,false,, 1.0
2024-05-25 12:51:28 +0000,T-Bar Row, 8,38.55539730202938,0.0,0.0,0.0,0.0,true,, 1.0
2024-05-25 12:51:28 +0000,T-Bar Row, 5,58.96707822663317,0.0,0.0,0.0,0.0,false,, 1.0
2024-05-25 12:51:28 +0000,T-Bar Row, 6,58.96707822663317,0.0,0.0,0.0,0.0,false,, 1.0
2024-05-25 12:51:28 +0000,T-Bar Row, 6,58.96707822663317,0.0,0.0,0.0,0.0,false,, 1.0
2024-05-25 12:51:28 +0000,T-Bar Row, 6,58.96707822663317,0.0,0.0,0.0,0.0,false,, 1.0
2024-05-25 12:51:28 +0000,T-Bar Row, 7,58.96707822663317,0.0,0.0,0.0,0.0,false,, 1.0
2024-05-25 12:51:28 +0000,Dumbbell Preacher Curls, 10,4.535929094356398,0.0,0.0,0.0,0.0,false,, 2.0
2024-05-25 12:51:28 +0000,Dumbbell Preacher Curls, 10,6.8038936415345965,0.0,0.0,0.0,0.0,false,, 2.0
2024-05-25 12:51:28 +0000,Dumbbell Preacher Curls, 10,9.071858188712795,0.0,0.0,0.0,0.0,false,, 2.0
2024-05-25 12:51:28 +0000,Upright Row, 10,36.28743275485118,0.0,0.0,0.0,0.0,false,, 1.0
2024-05-25 12:51:28 +0000,Upright Row, 10,36.28743275485118,0.0,0.0,0.0,0.0,false,, 1.0
2024-05-25 12:51:28 +0000,Upright Row, 10,36.28743275485118,0.0,0.0,0.0,0.0,false,, 1.0
2024-05-25 12:51:28 +0000,Decline Crunch, 12,0.0,0.0,0.0,0.0,0.0,false,, 1.0
2024-05-25 12:51:28 +0000,Decline Crunch, 12,0.0,0.0,0.0,0.0,0.0,false,, 1.0
2024-05-25 12:51:28 +0000,Stability Ball Back Extension, 7,0.0,0.0,0.0,0.0,0.0,false,, 1.0
2024-05-25 12:51:28 +0000,Stability Ball Back Extension, 7,0.0,0.0,0.0,0.0,0.0,false,, 1.0
2024-05-25 12:51:28 +0000,Stability Ball Back Extension, 7,0.0,0.0,0.0,0.0,0.0,false,, 1.0
2024-05-24 13:57:12 +0000,Barbell Shoulder Press, 8,20.41168092460379,0.0,0.0,0.0,0.0,true,, 1.0
2024-05-24 13:57:12 +0000,Barbell Shoulder Press, 10,36.28743275485118,0.0,0.0,0.0,0.0,false,, 1.0
2024-05-24 13:57:12 +0000,Barbell Shoulder Press, 10,36.28743275485118,0.0,0.0,0.0,0.0,false,, 1.0
2024-05-24 13:57:12 +0000,Barbell Shoulder Press, 10,36.28743275485118,0.0,0.0,0.0,0.0,false,, 1.0
2024-05-24 13:57:12 +0000,Barbell Incline Bench Press, 10,20.41168092460379,0.0,0.0,0.0,0.0,true,, 1.0
2024-05-24 13:57:12 +0000,Barbell Incline Bench Press, 5,43.091326396385774,0.0,0.0,0.0,0.0,true,, 1.0
2024-05-24 13:57:12 +0000,Barbell Incline Bench Press, 10,61.235042773811365,0.0,0.0,0.0,0.0,false,, 1.0
2024-05-24 13:57:12 +0000,Barbell Incline Bench Press, 10,61.235042773811365,0.0,0.0,0.0,0.0,false,, 1.0
2024-05-24 13:57:12 +0000,Barbell Incline Bench Press, 11,61.235042773811365,0.0,0.0,0.0,0.0,false,, 1.0
2024-05-24 13:57:12 +0000,Hammerstrength Chest Press, 6,20.41168092460379,0.0,0.0,0.0,0.0,true,, 2.0
2024-05-24 13:57:12 +0000,Hammerstrength Chest Press, 10,24.947610018960187,0.0,0.0,0.0,0.0,false,, 2.0
2024-05-24 13:57:12 +0000,Hammerstrength Chest Press, 10,24.947610018960187,0.0,0.0,0.0,0.0,false,, 2.0
2024-05-24 13:57:12 +0000,Hammerstrength Chest Press, 10,24.947610018960187,0.0,0.0,0.0,0.0,false,, 2.0
2024-05-24 13:57:12 +0000,EZ-Bar Overhead Tricep Extension, 6,22.67964547178199,0.0,0.0,0.0,0.0,false,, 1.0
2024-05-24 13:57:12 +0000,EZ-Bar Overhead Tricep Extension, 6,22.67964547178199,0.0,0.0,0.0,0.0,false,, 1.0
2024-05-24 13:57:12 +0000,EZ-Bar Overhead Tricep Extension, 6,22.67964547178199,0.0,0.0,0.0,0.0,false,, 1.0
2024-05-24 13:57:12 +0000,EZ-Bar Overhead Tricep Extension, 6,22.67964547178199,0.0,0.0,0.0,0.0,false,, 1.0
2024-05-24 13:57:12 +0000,Dip, 6,0.0,0.0,0.0,0.0,0.0,false,, 1.0
2024-05-24 13:57:12 +0000,Dip, 6,0.0,0.0,0.0,0.0,0.0,false,, 1.0
2024-05-24 13:57:12 +0000,Dip, 6,0.0,0.0,0.0,0.0,0.0,false,, 1.0
2024-05-24 13:57:12 +0000,Dip, 6,0.0,0.0,0.0,0.0,0.0,false,, 1.0
2024-05-24 13:57:12 +0000,Dip, 6,0.0,0.0,0.0,0.0,0.0,false,, 1.0
2024-05-24 13:57:12 +0000,Dead Bug, 11,0.0,0.0,0.0,0.0,0.0,false,, 2.0
2024-05-24 13:57:12 +0000,Dead Bug, 11,0.0,0.0,0.0,0.0,0.0,false,, 2.0
2024-05-24 13:57:12 +0000,Dead Bug, 11,0.0,0.0,0.0,0.0,0.0,false,, 2.0
2024-05-24 13:57:12 +0000,Dead Bug, 11,0.0,0.0,0.0,0.0,0.0,false,, 2.0
2024-05-23 13:31:07 +0000,Deadlift, 8,20.41168092460379,0.0,0.0,0.0,0.0,true,, 1.0
2024-05-23 13:31:07 +0000,Deadlift, 7,61.235042773811365,0.0,0.0,0.0,0.0,true,, 1.0
2024-05-23 13:31:07 +0000,Deadlift, 4,83.91468824559335,0.0,0.0,0.0,0.0,true,, 1.0
2024-05-23 13:31:07 +0000,Deadlift, 4,92.98654643430615,0.0,0.0,0.0,0.0,false,, 1.0
2024-05-23 13:31:07 +0000,Deadlift, 4,92.98654643430615,0.0,0.0,0.0,0.0,false,, 1.0
2024-05-23 13:31:07 +0000,Deadlift, 4,92.98654643430615,0.0,0.0,0.0,0.0,false,, 1.0
2024-05-23 13:31:07 +0000,Deadlift, 5,92.98654643430615,0.0,0.0,0.0,0.0,false,, 1.0
2024-05-23 13:31:07 +0000,Cable Hip Extension, 8,9.071858188712795,0.0,0.0,0.0,0.0,false,, 2.0
2024-05-23 13:31:07 +0000,Cable Hip Extension, 10,9.071858188712795,0.0,0.0,0.0,0.0,false,, 2.0
2024-05-23 13:31:07 +0000,Cable Hip Extension, 10,9.071858188712795,0.0,0.0,0.0,0.0,false,, 2.0
2024-05-23 13:31:07 +0000,Dumbbell Squat, 7,22.67964547178199,0.0,0.0,0.0,0.0,false,, 2.0
2024-05-23 13:31:07 +0000,Dumbbell Squat, 7,22.67964547178199,0.0,0.0,0.0,0.0,false,, 2.0
2024-05-23 13:31:07 +0000,Dumbbell Squat, 7,22.67964547178199,0.0,0.0,0.0,0.0,false,, 2.0
2024-05-23 13:31:07 +0000,Dumbbell Squat, 7,22.67964547178199,0.0,0.0,0.0,0.0,false,, 2.0
2024-05-23 13:31:07 +0000,Single Leg Standing Calf Raise, 7,0.0,0.0,0.0,0.0,0.0,false,, 2.0
2024-05-23 13:31:07 +0000,Single Leg Standing Calf Raise, 7,0.0,0.0,0.0,0.0,0.0,false,, 2.0
2024-05-23 13:31:07 +0000,Single Leg Standing Calf Raise, 7,0.0,0.0,0.0,0.0,0.0,false,, 2.0
2024-05-23 13:31:07 +0000,Single Leg Standing Calf Raise, 7,0.0,0.0,0.0,0.0,0.0,false,, 2.0
2024-05-23 13:31:07 +0000,Leg Extension, 8,56.69911367945497,0.0,0.0,0.0,0.0,true,, 1.0
2024-05-23 13:31:07 +0000,Leg Extension, 3,83.91468824559335,0.0,0.0,0.0,0.0,true,, 1.0
2024-05-23 13:31:07 +0000,Leg Extension, 6,95.25451098148434,0.0,0.0,0.0,0.0,false,, 1.0
2024-05-23 13:31:07 +0000,Leg Extension, 6,95.25451098148434,0.0,0.0,0.0,0.0,false,, 1.0
2024-05-23 13:31:07 +0000,Leg Extension, 6,95.25451098148434,0.0,0.0,0.0,0.0,false,, 1.0
2024-05-23 13:31:07 +0000,Leg Extension, 6,95.25451098148434,0.0,0.0,0.0,0.0,false,, 1.0
2024-05-23 13:31:07 +0000,Lying Hamstrings Curl, 8,31.75150366049478,0.0,0.0,0.0,0.0,true,, 1.0
2024-05-23 13:31:07 +0000,Lying Hamstrings Curl, 4,52.16318458509857,0.0,0.0,0.0,0.0,false,, 1.0
2024-05-23 13:31:07 +0000,Lying Hamstrings Curl, 4,63.50300732098956,0.0,0.0,0.0,0.0,false,, 1.0
2024-05-23 13:31:07 +0000,Lying Hamstrings Curl, 5,74.84283005688056,0.0,0.0,0.0,0.0,false,, 1.0
2024-05-23 13:31:07 +0000,Lying Hamstrings Curl, 5,74.84283005688056,0.0,0.0,0.0,0.0,false,, 1.0
2024-05-22 13:00:40 +0000,Dumbbell Row, 4,20.41168092460379,0.0,0.0,0.0,0.0,false,, 2.0
2024-05-22 13:00:40 +0000,Dumbbell Row, 4,22.67964547178199,0.0,0.0,0.0,0.0,false,, 2.0
2024-05-22 13:00:40 +0000,Dumbbell Row, 10,27.215574566138386,0.0,0.0,0.0,0.0,false,, 2.0
2024-05-22 13:00:40 +0000,Dumbbell Row, 9,27.215574566138386,0.0,0.0,0.0,0.0,false,, 2.0
2024-05-22 13:00:40 +0000,Seated Dumbbell Curl, 7,11.339822735890994,0.0,0.0,0.0,0.0,false,, 2.0
2024-05-22 13:00:40 +0000,Seated Dumbbell Curl, 7,11.339822735890994,0.0,0.0,0.0,0.0,false,, 2.0
2024-05-22 13:00:40 +0000,Seated Dumbbell Curl, 7,11.339822735890994,0.0,0.0,0.0,0.0,false,, 2.0
2024-05-22 13:00:40 +0000,Seated Dumbbell Curl, 7,11.339822735890994,0.0,0.0,0.0,0.0,false,, 2.0
2024-05-22 13:00:40 +0000,Seated Dumbbell Curl, 7,11.339822735890994,0.0,0.0,0.0,0.0,false,, 2.0
2024-05-22 13:00:40 +0000,Smith Machine Bent Over Row, 12,40.82336184920758,0.0,0.0,0.0,0.0,false,, 1.0
2024-05-22 13:00:40 +0000,Smith Machine Bent Over Row, 12,40.82336184920758,0.0,0.0,0.0,0.0,false,, 1.0
2024-05-22 13:00:40 +0000,Smith Machine Bent Over Row, 12,40.82336184920758,0.0,0.0,0.0,0.0,false,, 1.0
2024-05-22 13:00:40 +0000,Waiter Curls, 10,11.339822735890994,0.0,0.0,0.0,0.0,false,, 1.0
2024-05-22 13:00:40 +0000,Waiter Curls, 10,11.339822735890994,0.0,0.0,0.0,0.0,false,, 1.0
2024-05-22 13:00:40 +0000,Russian Twist, 15,11.974852809100888,0.0,0.0,0.0,0.0,false,, 2.0
2024-05-22 13:00:40 +0000,Russian Twist, 15,11.974852809100888,0.0,0.0,0.0,0.0,false,, 2.0
2024-05-22 13:00:40 +0000,Russian Twist, 15,11.974852809100888,0.0,0.0,0.0,0.0,false,, 2.0
2024-05-22 13:00:40 +0000,Back Extensions, 12,0.0,0.0,0.0,0.0,0.0,false,, 1.0
2024-05-22 13:00:40 +0000,Back Extensions, 12,0.0,0.0,0.0,0.0,0.0,false,, 1.0
2024-05-22 13:00:40 +0000,Back Extensions, 12,0.0,0.0,0.0,0.0,0.0,false,, 1.0
2024-05-21 13:49:03 +0000,Push Up, 7,0.0,0.0,0.0,0.0,0.0,false,, 1.0
2024-05-21 13:49:03 +0000,Push Up, 7,0.0,0.0,0.0,0.0,0.0,false,, 1.0
2024-05-21 13:49:03 +0000,Push Up, 7,0.0,0.0,0.0,0.0,0.0,false,, 1.0
2024-05-21 13:49:03 +0000,Push Up, 7,0.0,0.0,0.0,0.0,0.0,false,, 1.0
2024-05-21 13:49:03 +0000,Close-Grip Bench Press, 10,20.41168092460379,0.0,0.0,0.0,0.0,true,, 1.0
2024-05-21 13:49:03 +0000,Close-Grip Bench Press, 8,43.091326396385774,0.0,0.0,0.0,0.0,true,, 1.0
2024-05-21 13:49:03 +0000,Close-Grip Bench Press, 6,70.30690096252415,0.0,0.0,0.0,0.0,false,, 1.0
2024-05-21 13:49:03 +0000,Close-Grip Bench Press, 6,70.30690096252415,0.0,0.0,0.0,0.0,false,, 1.0
2024-05-21 13:49:03 +0000,Close-Grip Bench Press, 8,70.30690096252415,0.0,0.0,0.0,0.0,false,, 1.0
2024-05-21 13:49:03 +0000,Close-Grip Bench Press, 8,70.30690096252415,0.0,0.0,0.0,0.0,false,, 1.0
2024-05-21 13:49:03 +0000,Dumbbell Bench Press, 13,20.41168092460379,0.0,0.0,0.0,0.0,false,, 2.0
2024-05-21 13:49:03 +0000,Dumbbell Bench Press, 13,20.41168092460379,0.0,0.0,0.0,0.0,false,, 2.0
2024-05-21 13:49:03 +0000,Dumbbell Bench Press, 13,20.41168092460379,0.0,0.0,0.0,0.0,false,, 2.0
2024-05-21 13:49:03 +0000,Standing Dumbbell Tricep Extension, 12,13.607787283069193,0.0,0.0,0.0,0.0,false,, 1.0
2024-05-21 13:49:03 +0000,Standing Dumbbell Tricep Extension, 12,13.607787283069193,0.0,0.0,0.0,0.0,false,, 1.0
2024-05-21 13:49:03 +0000,Standing Dumbbell Tricep Extension, 12,13.607787283069193,0.0,0.0,0.0,0.0,false,, 1.0
2024-05-21 13:49:03 +0000,Front Plate Raise, 12,13.607787283069193,0.0,0.0,0.0,0.0,false,, 1.0
2024-05-21 13:49:03 +0000,Front Plate Raise, 12,13.607787283069193,0.0,0.0,0.0,0.0,false,, 1.0
2024-05-21 13:49:03 +0000,Front Plate Raise, 12,13.607787283069193,0.0,0.0,0.0,0.0,false,, 1.0
2024-05-21 13:49:03 +0000,Machine Fly, 8,38.55539730202938,0.0,0.0,0.0,0.0,true,, 1.0
2024-05-21 13:49:03 +0000,Machine Fly, 6,68.03893641534596,0.0,0.0,0.0,0.0,false,, 1.0
2024-05-21 13:49:03 +0000,Machine Fly, 7,68.03893641534596,0.0,0.0,0.0,0.0,false,, 1.0
2024-05-21 13:49:03 +0000,Machine Fly, 7,68.03893641534596,0.0,0.0,0.0,0.0,false,, 1.0
2024-05-18 13:33:18 +0000,Dumbbell Squat To Shoulder Press, 8,13.607787283069193,0.0,0.0,0.0,0.0,false,, 2.0
2024-05-18 13:33:18 +0000,Dumbbell Squat To Shoulder Press, 8,13.607787283069193,0.0,0.0,0.0,0.0,false,, 2.0
2024-05-18 13:33:18 +0000,Dumbbell Squat To Shoulder Press, 8,13.607787283069193,0.0,0.0,0.0,0.0,false,, 2.0
2024-05-18 13:33:18 +0000,Dumbbell Squat To Shoulder Press, 8,13.607787283069193,0.0,0.0,0.0,0.0,false,, 2.0
2024-05-18 13:33:18 +0000,Dumbbell Squat To Shoulder Press, 8,13.607787283069193,0.0,0.0,0.0,0.0,false,, 2.0
2024-05-18 13:33:18 +0000,Single Leg Hip Thrust, 10,0.0,0.0,0.0,0.0,0.0,false,, 2.0
2024-05-18 13:33:18 +0000,Single Leg Hip Thrust, 10,0.0,0.0,0.0,0.0,0.0,false,, 2.0
2024-05-18 13:33:18 +0000,Single Leg Hip Thrust, 10,0.0,0.0,0.0,0.0,0.0,false,, 2.0
2024-05-18 13:33:18 +0000,Single Leg Hip Thrust, 10,0.0,0.0,0.0,0.0,0.0,false,, 2.0
2024-05-18 13:33:18 +0000,Kettlebell Swing, 10,15.96647041213452,0.0,0.0,0.0,0.0,false,, 1.0
2024-05-18 13:33:18 +0000,Kettlebell Swing, 10,15.96647041213452,0.0,0.0,0.0,0.0,false,, 1.0
2024-05-18 13:33:18 +0000,Kettlebell Swing, 10,15.96647041213452,0.0,0.0,0.0,0.0,false,, 1.0
2024-05-18 13:33:18 +0000,Kettlebell Swing, 10,15.96647041213452,0.0,0.0,0.0,0.0,false,, 1.0
2024-05-18 13:33:18 +0000,Dual Kettlebell Front Squat, 8,5.987426404550444,0.0,0.0,0.0,0.0,false,, 2.0
2024-05-18 13:33:18 +0000,Dual Kettlebell Front Squat, 8,5.987426404550444,0.0,0.0,0.0,0.0,false,, 2.0
2024-05-18 13:33:18 +0000,Dual Kettlebell Front Squat, 9,5.987426404550444,0.0,0.0,0.0,0.0,false,, 2.0
2024-05-18 13:33:18 +0000,Dual Kettlebell Front Squat, 12,5.987426404550444,0.0,0.0,0.0,0.0,false,, 2.0
2024-05-18 13:33:18 +0000,Clam, 10,0.0,0.0,0.0,0.0,0.0,false,, 2.0
2024-05-18 13:33:18 +0000,Clam, 10,0.0,0.0,0.0,0.0,0.0,false,, 2.0
2024-05-18 13:33:18 +0000,Clam, 10,0.0,0.0,0.0,0.0,0.0,false,, 2.0
2024-05-18 13:33:18 +0000,Clam, 10,0.0,0.0,0.0,0.0,0.0,false,, 2.0
2024-05-18 13:33:18 +0000,Leg Raise, 5,0.0,0.0,0.0,0.0,0.0,false,, 1.0
2024-05-18 13:33:18 +0000,Leg Raise, 7,0.0,0.0,0.0,0.0,0.0,false,, 1.0
2024-05-18 13:33:18 +0000,Leg Raise, 13,0.0,0.0,0.0,0.0,0.0,false,, 1.0
2024-05-18 13:33:18 +0000,Leg Raise, 12,0.0,0.0,0.0,0.0,0.0,false,, 1.0
2024-05-18 13:33:18 +0000,Dumbbell Superman, 11,2.267964547178199,0.0,0.0,0.0,0.0,false,, 2.0
2024-05-18 13:33:18 +0000,Dumbbell Superman, 11,2.267964547178199,0.0,0.0,0.0,0.0,false,, 2.0
2024-05-18 13:33:18 +0000,Dumbbell Superman, 11,2.267964547178199,0.0,0.0,0.0,0.0,false,, 2.0
2024-05-17 13:53:47 +0000,Leg Pull-In, 13,0.0,0.0,0.0,0.0,0.0,false,, 1.0
2024-05-17 13:53:47 +0000,Leg Pull-In, 13,0.0,0.0,0.0,0.0,0.0,false,, 1.0
2024-05-17 13:53:47 +0000,Leg Pull-In, 13,0.0,0.0,0.0,0.0,0.0,false,, 1.0
2024-05-17 13:53:47 +0000,Leg Pull-In, 13,0.0,0.0,0.0,0.0,0.0,false,, 1.0
2024-05-17 13:53:47 +0000,Pull Up, 4,0.0,0.0,0.0,0.0,0.0,false,, 1.0
2024-05-17 13:53:47 +0000,Pull Up, 4,0.0,0.0,0.0,0.0,0.0,false,, 1.0
2024-05-17 13:53:47 +0000,Pull Up, 5,0.0,0.0,0.0,0.0,0.0,false,, 1.0
2024-05-17 13:53:47 +0000,Bent Over Barbell Row, 10,20.41168092460379,0.0,0.0,0.0,0.0,true,, 1.0
2024-05-17 13:53:47 +0000,Bent Over Barbell Row, 5,45.35929094356398,0.0,0.0,0.0,0.0,true,, 1.0
2024-05-17 13:53:47 +0000,Bent Over Barbell Row, 9,61.235042773811365,0.0,0.0,0.0,0.0,false,, 1.0
2024-05-17 13:53:47 +0000,Bent Over Barbell Row, 10,61.235042773811365,0.0,0.0,0.0,0.0,false,, 1.0
2024-05-17 13:53:47 +0000,Bent Over Barbell Row, 10,61.235042773811365,0.0,0.0,0.0,0.0,false,, 1.0
2024-05-17 13:53:47 +0000,Bent Over Barbell Row, 10,61.235042773811365,0.0,0.0,0.0,0.0,false,, 1.0
2024-05-17 13:53:47 +0000,Cable Bicep Curl, 8,15.87575183024739,0.0,0.0,0.0,0.0,true,, 1.0
2024-05-17 13:53:47 +0000,Cable Bicep Curl, 8,29.483539113316585,0.0,0.0,0.0,0.0,false,, 1.0
2024-05-17 13:53:47 +0000,Cable Bicep Curl, 7,29.483539113316585,0.0,0.0,0.0,0.0,false,, 1.0
2024-05-17 13:53:47 +0000,Cable Bicep Curl, 7,29.483539113316585,0.0,0.0,0.0,0.0,false,, 1.0
2024-05-17 13:53:47 +0000,Hammerstrength Shrug, 8,52.16318458509857,0.0,0.0,0.0,0.0,false,, 2.0
2024-05-17 13:53:47 +0000,Hammerstrength Shrug, 10,52.16318458509857,0.0,0.0,0.0,0.0,false,, 2.0
2024-05-17 13:53:47 +0000,Hammerstrength Shrug, 10,52.16318458509857,0.0,0.0,0.0,0.0,false,, 2.0
2024-05-17 13:53:47 +0000,Reverse Barbell Curl, 10,9.071858188712795,0.0,0.0,0.0,0.0,false,, 1.0
2024-05-17 13:53:47 +0000,Reverse Barbell Curl, 9,18.14371637742559,0.0,0.0,0.0,0.0,false,, 1.0
2024-05-17 13:53:47 +0000,Reverse Barbell Curl, 10,18.14371637742559,0.0,0.0,0.0,0.0,false,, 1.0
2024-05-16 13:50:36 +0000,Alternating Superman, 7,0.0,0.0,0.0,0.0,0.0,false,, 2.0
2024-05-16 13:50:36 +0000,Alternating Superman, 7,0.0,0.0,0.0,0.0,0.0,false,, 2.0
2024-05-16 13:50:36 +0000,Alternating Superman, 7,0.0,0.0,0.0,0.0,0.0,false,, 2.0
2024-05-16 13:50:36 +0000,Alternating Heel Touch, 12,0.0,0.0,0.0,0.0,0.0,false,, 2.0
2024-05-16 13:50:36 +0000,Alternating Heel Touch, 12,0.0,0.0,0.0,0.0,0.0,false,, 2.0
2024-05-16 13:50:36 +0000,Alternating Heel Touch, 12,0.0,0.0,0.0,0.0,0.0,false,, 2.0
2024-05-16 13:50:36 +0000,Barbell Bench Press, 10,20.41168092460379,0.0,0.0,0.0,0.0,true,, 1.0
2024-05-16 13:50:36 +0000,Barbell Bench Press, 6,43.091326396385774,0.0,0.0,0.0,0.0,true,, 1.0
2024-05-16 13:50:36 +0000,Barbell Bench Press, 10,70.30690096252415,0.0,0.0,0.0,0.0,false,, 1.0
2024-05-16 13:50:36 +0000,Barbell Bench Press, 10,70.30690096252415,0.0,0.0,0.0,0.0,false,, 1.0
2024-05-16 13:50:36 +0000,Barbell Bench Press, 10,70.30690096252415,0.0,0.0,0.0,0.0,false,, 1.0
2024-05-16 13:50:36 +0000,Dumbbell Skullcrusher, 8,6.8038936415345965,0.0,0.0,0.0,0.0,false,, 2.0
2024-05-16 13:50:36 +0000,Dumbbell Skullcrusher, 8,9.071858188712795,0.0,0.0,0.0,0.0,false,, 2.0
2024-05-16 13:50:36 +0000,Dumbbell Skullcrusher, 10,9.071858188712795,0.0,0.0,0.0,0.0,false,, 2.0
2024-05-16 13:50:36 +0000,Dumbbell Skullcrusher, 10,9.071858188712795,0.0,0.0,0.0,0.0,false,, 2.0
2024-05-16 13:50:36 +0000,Dumbbell Fly, 11,11.339822735890994,0.0,0.0,0.0,0.0,false,, 2.0
2024-05-16 13:50:36 +0000,Dumbbell Fly, 11,11.339822735890994,0.0,0.0,0.0,0.0,false,, 2.0
2024-05-16 13:50:36 +0000,Dumbbell Fly, 11,11.339822735890994,0.0,0.0,0.0,0.0,false,, 2.0
2024-05-16 13:50:36 +0000,Diamond Push Up, 7,0.0,0.0,0.0,0.0,0.0,false,, 1.0
2024-05-16 13:50:36 +0000,Diamond Push Up, 7,0.0,0.0,0.0,0.0,0.0,false,, 1.0
2024-05-16 13:50:36 +0000,Diamond Push Up, 10,0.0,0.0,0.0,0.0,0.0,false,, 1.0
2024-05-16 13:50:36 +0000,Dumbbell Front Raise, 8,9.071858188712795,0.0,0.0,0.0,0.0,false,, 2.0
2024-05-16 13:50:36 +0000,Dumbbell Front Raise, 8,9.071858188712795,0.0,0.0,0.0,0.0,false,, 2.0
2024-05-16 13:50:36 +0000,Dumbbell Front Raise, 8,9.071858188712795,0.0,0.0,0.0,0.0,false,, 2.0
2024-05-16 13:50:36 +0000,Dumbbell Lateral Raise, 10,6.8038936415345965,0.0,0.0,0.0,0.0,false,, 2.0
2024-05-16 13:50:36 +0000,Dumbbell Lateral Raise, 9,6.8038936415345965,0.0,0.0,0.0,0.0,false,, 2.0
2024-05-16 13:50:36 +0000,Dumbbell Lateral Raise, 10,6.8038936415345965,0.0,0.0,0.0,0.0,false,, 2.0
2024-05-15 13:40:25 +0000,Vertical Knee Raise, 12,0.0,0.0,0.0,0.0,0.0,false,, 1.0
2024-05-15 13:40:25 +0000,Vertical Knee Raise, 12,0.0,0.0,0.0,0.0,0.0,false,, 1.0
2024-05-15 13:40:25 +0000,Vertical Knee Raise, 12,0.0,0.0,0.0,0.0,0.0,false,, 1.0
2024-05-15 13:40:25 +0000,Vertical Knee Raise, 12,0.0,0.0,0.0,0.0,0.0,false,, 1.0
2024-05-15 13:40:25 +0000,Front Squat, 10,20.41168092460379,0.0,0.0,0.0,0.0,true,, 1.0
2024-05-15 13:40:25 +0000,Front Squat, 5,49.895220037920375,0.0,0.0,0.0,0.0,true,, 1.0
2024-05-15 13:40:25 +0000,Front Squat, 5,65.77097186816776,0.0,0.0,0.0,0.0,false,, 1.0
2024-05-15 13:40:25 +0000,Front Squat, 5,65.77097186816776,0.0,0.0,0.0,0.0,false,, 1.0
2024-05-15 13:40:25 +0000,Front Squat, 5,65.77097186816776,0.0,0.0,0.0,0.0,false,, 1.0
2024-05-15 13:40:25 +0000,Barbell Step Up, 10,20.41168092460379,0.0,0.0,0.0,0.0,true,, 2.0
2024-05-15 13:40:25 +0000,Barbell Step Up, 5,31.75150366049478,0.0,0.0,0.0,0.0,false,, 2.0
2024-05-15 13:40:25 +0000,Barbell Step Up, 15,31.75150366049478,0.0,0.0,0.0,0.0,false,, 2.0
2024-05-15 13:40:25 +0000,Barbell Step Up, 15,31.75150366049478,0.0,0.0,0.0,0.0,false,, 2.0
2024-05-15 13:40:25 +0000,Dumbbell Romanian Deadlift, 9,22.67964547178199,0.0,0.0,0.0,0.0,false,, 2.0
2024-05-15 13:40:25 +0000,Dumbbell Romanian Deadlift, 9,22.67964547178199,0.0,0.0,0.0,0.0,false,, 2.0
2024-05-15 13:40:25 +0000,Dumbbell Romanian Deadlift, 9,22.67964547178199,0.0,0.0,0.0,0.0,false,, 2.0
2024-05-15 13:40:25 +0000,Lying Hamstrings Curl, 8,43.091326396385774,0.0,0.0,0.0,0.0,true,, 1.0
2024-05-15 13:40:25 +0000,Lying Hamstrings Curl, 5,70.30690096252415,0.0,0.0,0.0,0.0,false,, 1.0
2024-05-15 13:40:25 +0000,Lying Hamstrings Curl, 5,70.30690096252415,0.0,0.0,0.0,0.0,false,, 1.0
2024-05-15 13:40:25 +0000,Lying Hamstrings Curl, 5,70.30690096252415,0.0,0.0,0.0,0.0,false,, 1.0
2024-05-15 13:40:25 +0000,Lying Hamstrings Curl, 5,70.30690096252415,0.0,0.0,0.0,0.0,false,, 1.0
2024-05-15 13:40:25 +0000,Standing Machine Calf Press, 14,113.39822735890993,0.0,0.0,0.0,0.0,false,, 1.0
2024-05-15 13:40:25 +0000,Standing Machine Calf Press, 14,113.39822735890993,0.0,0.0,0.0,0.0,false,, 1.0
2024-05-15 13:40:25 +0000,Standing Machine Calf Press, 12,113.39822735890993,0.0,0.0,0.0,0.0,false,, 1.0
2024-05-14 13:41:41 +0000,Shotgun Row, 8,15.87575183024739,0.0,0.0,0.0,0.0,true,, 2.0
2024-05-14 13:41:41 +0000,Shotgun Row, 5,26.081592292549285,0.0,0.0,0.0,0.0,false,, 2.0
2024-05-14 13:41:41 +0000,Shotgun Row, 5,22.67964547178199,0.0,0.0,0.0,0.0,false,, 2.0
2024-05-14 13:41:41 +0000,Shotgun Row, 5,22.67964547178199,0.0,0.0,0.0,0.0,false,, 2.0
2024-05-14 13:41:41 +0000,Shotgun Row, 5,22.67964547178199,0.0,0.0,0.0,0.0,false,, 2.0
2024-05-14 13:41:41 +0000,Preacher Curl, 7,15.87575183024739,0.0,0.0,0.0,0.0,false,, 1.0
2024-05-14 13:41:41 +0000,Preacher Curl, 7,20.41168092460379,0.0,0.0,0.0,0.0,false,, 1.0
2024-05-14 13:41:41 +0000,Preacher Curl, 15,22.67964547178199,0.0,0.0,0.0,0.0,false,, 1.0
2024-05-14 13:41:41 +0000,Preacher Curl, 15,22.67964547178199,0.0,0.0,0.0,0.0,false,, 1.0
2024-05-14 13:41:41 +0000,Neutral Grip Pull Up, 4,0.0,0.0,0.0,0.0,0.0,false,, 1.0
2024-05-14 13:41:41 +0000,Neutral Grip Pull Up, 4,0.0,0.0,0.0,0.0,0.0,false,, 1.0
2024-05-14 13:41:41 +0000,Neutral Grip Pull Up, 4,0.0,0.0,0.0,0.0,0.0,false,, 1.0
2024-05-14 13:41:41 +0000,Cross Body Hammer Curls, 10,4.535929094356398,0.0,0.0,0.0,0.0,false,, 2.0
2024-05-14 13:41:41 +0000,Cross Body Hammer Curls, 10,4.535929094356398,0.0,0.0,0.0,0.0,false,, 2.0
2024-05-14 13:41:41 +0000,Cross Body Hammer Curls, 10,4.535929094356398,0.0,0.0,0.0,0.0,false,, 2.0
2024-05-14 13:41:41 +0000,Cross Body Hammer Curls, 10,4.535929094356398,0.0,0.0,0.0,0.0,false,, 2.0
2024-05-14 13:41:41 +0000,Machine Shoulder Shrug, 5,113.39822735890993,0.0,0.0,0.0,0.0,false,, 1.0
2024-05-14 13:41:41 +0000,Machine Shoulder Shrug, 5,113.39822735890993,0.0,0.0,0.0,0.0,false,, 1.0
2024-05-14 13:41:41 +0000,Machine Shoulder Shrug, 5,113.39822735890993,0.0,0.0,0.0,0.0,false,, 1.0
2024-05-14 13:41:41 +0000,Machine Shoulder Shrug, 5,113.39822735890993,0.0,0.0,0.0,0.0,false,, 1.0
2024-05-14 13:41:41 +0000,Crunches, 11,0.0,0.0,0.0,0.0,0.0,false,, 1.0
2024-05-14 13:41:41 +0000,Crunches, 11,0.0,0.0,0.0,0.0,0.0,false,, 1.0
2024-05-14 13:41:41 +0000,Crunches, 11,0.0,0.0,0.0,0.0,0.0,false,, 1.0
2024-05-14 13:41:41 +0000,Superman with Scaption, 10,0.0,0.0,0.0,0.0,0.0,false,, 1.0
2024-05-14 13:41:41 +0000,Superman with Scaption, 10,0.0,0.0,0.0,0.0,0.0,false,, 1.0
2024-05-14 13:41:41 +0000,Superman with Scaption, 10,0.0,0.0,0.0,0.0,0.0,false,, 1.0
2024-05-13 14:02:50 +0000,Dumbbell Shoulder Press, 8,15.87575183024739,0.0,0.0,0.0,0.0,true,, 2.0
2024-05-13 14:02:50 +0000,Dumbbell Shoulder Press, 9,18.14371637742559,0.0,0.0,0.0,0.0,false,, 2.0
2024-05-13 14:02:50 +0000,Dumbbell Shoulder Press, 8,18.14371637742559,0.0,0.0,0.0,0.0,false,, 2.0
2024-05-13 14:02:50 +0000,Dumbbell Shoulder Press, 7,18.14371637742559,0.0,0.0,0.0,0.0,false,, 2.0
2024-05-13 14:02:50 +0000,Pause Barbell Incline Bench Press, 8,20.41168092460379,0.0,0.0,0.0,0.0,true,, 1.0
2024-05-13 14:02:50 +0000,Pause Barbell Incline Bench Press, 5,43.091326396385774,0.0,0.0,0.0,0.0,true,, 1.0
2024-05-13 14:02:50 +0000,Pause Barbell Incline Bench Press, 4,61.235042773811365,0.0,0.0,0.0,0.0,false,, 1.0
2024-05-13 14:02:50 +0000,Pause Barbell Incline Bench Press, 4,61.235042773811365,0.0,0.0,0.0,0.0,false,, 1.0
2024-05-13 14:02:50 +0000,Pause Barbell Incline Bench Press, 4,61.235042773811365,0.0,0.0,0.0,0.0,false,, 1.0
2024-05-13 14:02:50 +0000,Pause Barbell Incline Bench Press, 6,61.235042773811365,0.0,0.0,0.0,0.0,false,, 1.0
2024-05-13 14:02:50 +0000,Pause Barbell Incline Bench Press, 6,61.235042773811365,0.0,0.0,0.0,0.0,false,, 1.0
2024-05-13 14:02:50 +0000,Cable Rope Tricep Extension, 8,15.87575183024739,0.0,0.0,0.0,0.0,true,, 1.0
2024-05-13 14:02:50 +0000,Cable Rope Tricep Extension, 8,26.081592292549285,0.0,0.0,0.0,0.0,false,, 1.0
2024-05-13 14:02:50 +0000,Cable Rope Tricep Extension, 8,26.081592292549285,0.0,0.0,0.0,0.0,false,, 1.0
2024-05-13 14:02:50 +0000,Cable Rope Tricep Extension, 8,26.081592292549285,0.0,0.0,0.0,0.0,false,, 1.0
2024-05-13 14:02:50 +0000,Cable Rope Tricep Extension, 8,26.081592292549285,0.0,0.0,0.0,0.0,false,, 1.0
2024-05-13 14:02:50 +0000,Skullcrusher, 10,22.67964547178199,0.0,0.0,0.0,0.0,false,, 1.0
2024-05-13 14:02:50 +0000,Skullcrusher, 10,22.67964547178199,0.0,0.0,0.0,0.0,false,, 1.0
2024-05-13 14:02:50 +0000,Skullcrusher, 10,22.67964547178199,0.0,0.0,0.0,0.0,false,, 1.0
2024-05-13 14:02:50 +0000,Machine Fly, 8,38.55539730202938,0.0,0.0,0.0,0.0,true,, 1.0
2024-05-13 14:02:50 +0000,Machine Fly, 8,61.235042773811365,0.0,0.0,0.0,0.0,false,, 1.0
2024-05-13 14:02:50 +0000,Machine Fly, 8,61.235042773811365,0.0,0.0,0.0,0.0,false,, 1.0
2024-05-13 14:02:50 +0000,Machine Fly, 8,61.235042773811365,0.0,0.0,0.0,0.0,false,, 1.0
2024-05-13 14:02:50 +0000,Machine Fly, 8,61.235042773811365,0.0,0.0,0.0,0.0,false,, 1.0
2024-05-11 13:39:15 +0000,Kettlebell Sumo Squat, 8,15.87575183024739,0.0,0.0,0.0,0.0,true,, 1.0
2024-05-11 13:39:15 +0000,Kettlebell Sumo Squat, 11,24.040424200088907,0.0,0.0,0.0,0.0,false,, 1.0
2024-05-11 13:39:15 +0000,Kettlebell Sumo Squat, 11,24.040424200088907,0.0,0.0,0.0,0.0,false,, 1.0
2024-05-11 13:39:15 +0000,Kettlebell Sumo Squat, 11,24.040424200088907,0.0,0.0,0.0,0.0,false,, 1.0
2024-05-11 13:39:15 +0000,Kettlebell Sumo Squat, 11,24.040424200088907,0.0,0.0,0.0,0.0,false,, 1.0
2024-05-11 13:39:15 +0000,Lying Hamstrings Curl, 8,43.091326396385774,0.0,0.0,0.0,0.0,true,, 1.0
2024-05-11 13:39:15 +0000,Lying Hamstrings Curl, 4,70.30690096252415,0.0,0.0,0.0,0.0,false,, 1.0
2024-05-11 13:39:15 +0000,Lying Hamstrings Curl, 4,70.30690096252415,0.0,0.0,0.0,0.0,false,, 1.0
2024-05-11 13:39:15 +0000,Lying Hamstrings Curl, 4,70.30690096252415,0.0,0.0,0.0,0.0,false,, 1.0
2024-05-11 13:39:15 +0000,Lying Hamstrings Curl, 4,70.30690096252415,0.0,0.0,0.0,0.0,false,, 1.0
2024-05-11 13:39:15 +0000,Single Leg Leg Extension, 8,22.67964547178199,0.0,0.0,0.0,0.0,true,, 2.0
2024-05-11 13:39:15 +0000,Single Leg Leg Extension, 5,34.01946820767298,0.0,0.0,0.0,0.0,false,, 2.0
2024-05-11 13:39:15 +0000,Single Leg Leg Extension, 5,34.01946820767298,0.0,0.0,0.0,0.0,false,, 2.0
2024-05-11 13:39:15 +0000,Single Leg Leg Extension, 8,34.01946820767298,0.0,0.0,0.0,0.0,false,, 2.0
2024-05-11 13:39:15 +0000,Single Leg Leg Extension, 8,34.01946820767298,0.0,0.0,0.0,0.0,false,, 2.0
2024-05-11 13:39:15 +0000,Dumbbell Lunge, 7,18.14371637742559,0.0,0.0,0.0,0.0,false,, 4.0
2024-05-11 13:39:15 +0000,Dumbbell Lunge, 7,18.14371637742559,0.0,0.0,0.0,0.0,false,, 4.0
2024-05-11 13:39:15 +0000,Dumbbell Lunge, 7,18.14371637742559,0.0,0.0,0.0,0.0,false,, 4.0
2024-05-11 13:39:15 +0000,Dumbbell Lunge, 7,18.14371637742559,0.0,0.0,0.0,0.0,false,, 4.0
2024-05-11 13:39:15 +0000,Calf Press, 15,149.68566011376112,0.0,0.0,0.0,0.0,false,, 1.0
2024-05-11 13:39:15 +0000,Calf Press, 15,149.68566011376112,0.0,0.0,0.0,0.0,false,, 1.0
2024-05-11 13:39:15 +0000,Calf Press, 15,149.68566011376112,0.0,0.0,0.0,0.0,false,, 1.0
2024-05-11 13:39:15 +0000,Single Leg Glute Bridge, 10,0.0,0.0,0.0,0.0,0.0,false,, 0.0
2024-05-11 13:39:15 +0000,Single Leg Glute Bridge, 10,0.0,0.0,0.0,0.0,0.0,false,, 0.0
2024-05-11 13:39:15 +0000,Single Leg Glute Bridge, 10,0.0,0.0,0.0,0.0,0.0,false,, 0.0
2024-05-11 13:39:15 +0000,Single Leg Glute Bridge, 10,0.0,0.0,0.0,0.0,0.0,false,, 0.0
2024-05-11 13:39:15 +0000,Sit Up, 11,0.0,0.0,0.0,0.0,0.0,false,, 1.0
2024-05-11 13:39:15 +0000,Sit Up, 11,0.0,0.0,0.0,0.0,0.0,false,, 1.0
2024-05-11 13:39:15 +0000,Sit Up, 11,0.0,0.0,0.0,0.0,0.0,false,, 1.0
2024-05-11 13:39:15 +0000,Bicycle Crunch, 11,0.0,0.0,0.0,0.0,0.0,false,, 2.0
2024-05-11 13:39:15 +0000,Bicycle Crunch, 11,0.0,0.0,0.0,0.0,0.0,false,, 2.0
2024-05-11 13:39:15 +0000,Bicycle Crunch, 11,0.0,0.0,0.0,0.0,0.0,false,, 2.0
2024-05-10 14:05:33 +0000,Machine Row, 8,65.77097186816776,0.0,0.0,0.0,0.0,false,, 1.0
2024-05-10 14:05:33 +0000,Machine Row, 8,65.77097186816776,0.0,0.0,0.0,0.0,false,, 1.0
2024-05-10 14:05:33 +0000,Machine Row, 8,65.77097186816776,0.0,0.0,0.0,0.0,false,, 1.0
2024-05-10 14:05:33 +0000,Machine Row, 8,65.77097186816776,0.0,0.0,0.0,0.0,false,, 1.0
2024-05-10 14:05:33 +0000,Dumbbell Row, 8,15.87575183024739,0.0,0.0,0.0,0.0,true,, 2.0
2024-05-10 14:05:33 +0000,Dumbbell Row, 4,27.215574566138386,0.0,0.0,0.0,0.0,false,, 2.0
2024-05-10 14:05:33 +0000,Dumbbell Row, 4,27.215574566138386,0.0,0.0,0.0,0.0,false,, 2.0
2024-05-10 14:05:33 +0000,Dumbbell Row, 4,27.215574566138386,0.0,0.0,0.0,0.0,false,, 2.0
2024-05-10 14:05:33 +0000,Dumbbell Row, 4,27.215574566138386,0.0,0.0,0.0,0.0,false,, 2.0
2024-05-10 14:05:33 +0000,Dumbbell Bicep Curl, 5,9.071858188712795,0.0,0.0,0.0,0.0,false,, 2.0
2024-05-10 14:05:33 +0000,Dumbbell Bicep Curl, 5,11.339822735890994,0.0,0.0,0.0,0.0,false,, 2.0
2024-05-10 14:05:33 +0000,Dumbbell Bicep Curl, 10,13.607787283069193,0.0,0.0,0.0,0.0,false,, 2.0
2024-05-10 14:05:33 +0000,Dumbbell Bicep Curl, 9,13.607787283069193,0.0,0.0,0.0,0.0,false,, 2.0
2024-05-10 14:05:33 +0000,Hammerstrength High Row, 8,20.41168092460379,0.0,0.0,0.0,0.0,true,, 2.0
2024-05-10 14:05:33 +0000,Hammerstrength High Row, 5,29.483539113316585,0.0,0.0,0.0,0.0,false,, 2.0
2024-05-10 14:05:33 +0000,Hammerstrength High Row, 6,31.75150366049478,0.0,0.0,0.0,0.0,false,, 2.0
2024-05-10 14:05:33 +0000,Hammerstrength High Row, 7,31.75150366049478,0.0,0.0,0.0,0.0,false,, 2.0
2024-05-10 14:05:33 +0000,Trap Bar Shrugs, 10,72.57486550970236,0.0,0.0,0.0,0.0,false,, 1.0
2024-05-10 14:05:33 +0000,Trap Bar Shrugs, 10,72.57486550970236,0.0,0.0,0.0,0.0,false,, 1.0
2024-05-10 14:05:33 +0000,Trap Bar Shrugs, 10,72.57486550970236,0.0,0.0,0.0,0.0,false,, 1.0
2024-05-10 14:05:33 +0000,Trap Bar Shrugs, 10,72.57486550970236,0.0,0.0,0.0,0.0,false,, 1.0
2024-05-10 14:05:33 +0000,Lat Pulldown, 8,38.55539730202938,0.0,0.0,0.0,0.0,true,, 1.0
2024-05-10 14:05:33 +0000,Lat Pulldown, 5,72.57486550970236,0.0,0.0,0.0,0.0,false,, 1.0
2024-05-10 14:05:33 +0000,Lat Pulldown, 5,72.57486550970236,0.0,0.0,0.0,0.0,false,, 1.0
2024-05-10 14:05:33 +0000,Lat Pulldown, 5,72.57486550970236,0.0,0.0,0.0,0.0,false,, 1.0
2024-05-10 14:05:33 +0000,Scissor Kick, 10,0.0,0.0,0.0,0.0,0.0,false,, 2.0
2024-05-10 14:05:33 +0000,Scissor Kick, 15,0.0,0.0,0.0,0.0,0.0,false,, 2.0
2024-05-10 14:05:33 +0000,Scissor Kick, 15,0.0,0.0,0.0,0.0,0.0,false,, 2.0
2024-05-10 14:05:33 +0000,Scissor Kick, 15,0.0,0.0,0.0,0.0,0.0,false,, 2.0
2024-05-10 14:05:33 +0000,Scissor Kick, 15,0.0,0.0,0.0,0.0,0.0,false,, 2.0
2024-05-10 14:05:33 +0000,Superman, 12,0.0,0.0,0.0,0.0,0.0,false,, 1.0
2024-05-10 14:05:33 +0000,Superman, 15,0.0,0.0,0.0,0.0,0.0,false,, 1.0
2024-05-10 14:05:33 +0000,Superman, 15,0.0,0.0,0.0,0.0,0.0,false,, 1.0
2024-05-10 14:05:33 +0000,Superman, 15,0.0,0.0,0.0,0.0,0.0,false,, 1.0
2024-05-10 14:05:33 +0000,Superman, 15,0.0,0.0,0.0,0.0,0.0,false,, 1.0
2024-05-09 14:11:42 +0000,Barbell Incline Bench Press, 10,20.41168092460379,0.0,0.0,0.0,0.0,true,, 1.0
2024-05-09 14:11:42 +0000,Barbell Incline Bench Press, 8,43.091326396385774,0.0,0.0,0.0,0.0,true,, 1.0
2024-05-09 14:11:42 +0000,Barbell Incline Bench Press, 5,70.30690096252415,0.0,0.0,0.0,0.0,false,, 1.0
2024-05-09 14:11:42 +0000,Barbell Incline Bench Press, 5,70.30690096252415,0.0,0.0,0.0,0.0,false,, 1.0
2024-05-09 14:11:42 +0000,Barbell Incline Bench Press, 5,70.30690096252415,0.0,0.0,0.0,0.0,false,, 1.0
2024-05-09 14:11:42 +0000,Barbell Incline Bench Press, 5,70.30690096252415,0.0,0.0,0.0,0.0,false,, 1.0
2024-05-09 14:11:42 +0000,Cable One Arm Tricep Side Extension, 10,5.669911367945497,0.0,0.0,0.0,0.0,false,, 2.0
2024-05-09 14:11:42 +0000,Cable One Arm Tricep Side Extension, 10,5.669911367945497,0.0,0.0,0.0,0.0,false,, 2.0
2024-05-09 14:11:42 +0000,Cable One Arm Tricep Side Extension, 10,5.669911367945497,0.0,0.0,0.0,0.0,false,, 2.0
2024-05-09 14:11:42 +0000,Cable One Arm Tricep Side Extension, 10,5.669911367945497,0.0,0.0,0.0,0.0,false,, 2.0
2024-05-09 14:11:42 +0000,Cable One Arm Tricep Side Extension, 10,5.669911367945497,0.0,0.0,0.0,0.0,false,, 2.0
2024-05-09 14:11:42 +0000,Tricep Push Up, 7,0.0,0.0,0.0,0.0,0.0,false,, 1.0
2024-05-09 14:11:42 +0000,Tricep Push Up, 7,0.0,0.0,0.0,0.0,0.0,false,, 1.0
2024-05-09 14:11:42 +0000,Tricep Push Up, 7,0.0,0.0,0.0,0.0,0.0,false,, 1.0
2024-05-09 14:11:42 +0000,Tricep Push Up, 7,0.0,0.0,0.0,0.0,0.0,false,, 1.0
2024-05-09 14:11:42 +0000,Tricep Push Up, 7,0.0,0.0,0.0,0.0,0.0,false,, 1.0
2024-05-09 14:11:42 +0000,Standing Dumbbell Shoulder Press, 5,15.87575183024739,0.0,0.0,0.0,0.0,false,, 2.0
2024-05-09 14:11:42 +0000,Standing Dumbbell Shoulder Press, 5,15.87575183024739,0.0,0.0,0.0,0.0,false,, 2.0
2024-05-09 14:11:42 +0000,Standing Dumbbell Shoulder Press, 5,15.87575183024739,0.0,0.0,0.0,0.0,false,, 2.0
2024-05-09 14:11:42 +0000,Standing Dumbbell Shoulder Press, 5,15.87575183024739,0.0,0.0,0.0,0.0,false,, 2.0
2024-05-09 14:11:42 +0000,Dip, 8,0.0,0.0,0.0,0.0,0.0,false,, 1.0
2024-05-09 14:11:42 +0000,Dip, 7,0.0,0.0,0.0,0.0,0.0,false,, 1.0
2024-05-09 14:11:42 +0000,Dip, 7,0.0,0.0,0.0,0.0,0.0,false,, 1.0
2024-05-09 14:11:42 +0000,Dip, 7,0.0,0.0,0.0,0.0,0.0,false,, 1.0
2024-05-09 14:11:42 +0000,Scissor Crossover Kick, 11,0.0,0.0,0.0,0.0,0.0,false,, 2.0
2024-05-09 14:11:42 +0000,Scissor Crossover Kick, 11,0.0,0.0,0.0,0.0,0.0,false,, 2.0
2024-05-09 14:11:42 +0000,Scissor Crossover Kick, 11,0.0,0.0,0.0,0.0,0.0,false,, 2.0
2024-05-09 14:11:42 +0000,Scissor Crossover Kick, 11,0.0,0.0,0.0,0.0,0.0,false,, 2.0
2024-05-09 14:11:42 +0000,Scissor Crossover Kick, 11,0.0,0.0,0.0,0.0,0.0,false,, 2.0
2024-05-09 14:11:42 +0000,Superman Hold, 0,0.0,30.0,0.0,0.0,0.0,false,, 0.0
2024-05-09 14:11:42 +0000,Superman Hold, 0,0.0,30.0,0.0,0.0,0.0,false,, 0.0
2024-05-09 14:11:42 +0000,Superman Hold, 0,0.0,30.0,0.0,0.0,0.0,false,, 0.0
2024-05-08 14:01:32 +0000,Leg Extension, 8,49.895220037920375,0.0,0.0,0.0,0.0,true,, 1.0
2024-05-08 14:01:32 +0000,Leg Extension, 6,81.64672369841516,0.0,0.0,0.0,0.0,false,, 1.0
2024-05-08 14:01:32 +0000,Leg Extension, 7,81.64672369841516,0.0,0.0,0.0,0.0,false,, 1.0
2024-05-08 14:01:32 +0000,Leg Extension, 8,81.64672369841516,0.0,0.0,0.0,0.0,false,, 1.0
2024-05-08 14:01:32 +0000,Leg Extension, 8,81.64672369841516,0.0,0.0,0.0,0.0,false,, 1.0
2024-05-08 14:01:32 +0000,Lying Hamstrings Curl, 8,38.55539730202938,0.0,0.0,0.0,0.0,true,, 1.0
2024-05-08 14:01:32 +0000,Lying Hamstrings Curl, 6,65.77097186816776,0.0,0.0,0.0,0.0,false,, 1.0
2024-05-08 14:01:32 +0000,Lying Hamstrings Curl, 6,65.77097186816776,0.0,0.0,0.0,0.0,false,, 1.0
2024-05-08 14:01:32 +0000,Lying Hamstrings Curl, 6,65.77097186816776,0.0,0.0,0.0,0.0,false,, 1.0
2024-05-08 14:01:32 +0000,Lying Hamstrings Curl, 6,65.77097186816776,0.0,0.0,0.0,0.0,false,, 1.0
2024-05-08 14:01:32 +0000,Machine Hip Abductor, 20,65.77097186816776,0.0,0.0,0.0,0.0,false,, 1.0
2024-05-08 14:01:32 +0000,Machine Hip Abductor, 14,74.84283005688056,0.0,0.0,0.0,0.0,false,, 1.0
2024-05-08 14:01:32 +0000,Machine Hip Abductor, 14,74.84283005688056,0.0,0.0,0.0,0.0,false,, 1.0
2024-05-08 14:01:32 +0000,Machine Hip Adductor, 20,49.895220037920375,0.0,0.0,0.0,0.0,false,, 1.0
2024-05-08 14:01:32 +0000,Machine Hip Adductor, 20,63.50300732098956,0.0,0.0,0.0,0.0,false,, 1.0
2024-05-08 14:01:32 +0000,Machine Hip Adductor, 20,63.50300732098956,0.0,0.0,0.0,0.0,false,, 1.0
2024-05-08 14:01:32 +0000,Sled Push, 0,40.82336184920758,0.0,36.575998829568036,0.0,0.0,true,, 0.0
2024-05-08 14:01:32 +0000,Sled Push, 0,81.64672369841516,0.0,36.575998829568036,0.0,0.0,false,, 0.0
2024-05-08 14:01:32 +0000,Sled Push, 0,81.64672369841516,0.0,36.575998829568036,0.0,0.0,false,, 0.0
2024-05-08 14:01:32 +0000,Sled Push, 0,81.64672369841516,0.0,36.575998829568036,0.0,0.0,false,, 0.0
2024-05-08 14:01:32 +0000,Sled Drag, 0,81.64672369841516,0.0,36.575998829568036,0.0,0.0,false,, 0.0
2024-05-08 14:01:32 +0000,Sled Drag, 0,81.64672369841516,0.0,36.575998829568036,0.0,0.0,false,, 0.0
2024-05-08 14:01:32 +0000,Sled Drag, 0,81.64672369841516,0.0,36.575998829568036,0.0,0.0,false,, 0.0
2024-05-07 14:01:29 +0000,Cable Row, 8,38.55539730202938,0.0,0.0,0.0,0.0,true,, 1.0
2024-05-07 14:01:29 +0000,Cable Row, 8,63.50300732098956,0.0,0.0,0.0,0.0,false,, 1.0
2024-05-07 14:01:29 +0000,Cable Row, 8,63.50300732098956,0.0,0.0,0.0,0.0,false,, 1.0
2024-05-07 14:01:29 +0000,Cable Row, 8,63.50300732098956,0.0,0.0,0.0,0.0,false,, 1.0
2024-05-07 14:01:29 +0000,Barbell Curl, 8,20.41168092460379,0.0,0.0,0.0,0.0,true,, 1.0
2024-05-07 14:01:29 +0000,Barbell Curl, 6,29.483539113316585,0.0,0.0,0.0,0.0,false,, 1.0
2024-05-07 14:01:29 +0000,Barbell Curl, 5,29.483539113316585,0.0,0.0,0.0,0.0,false,, 1.0
2024-05-07 14:01:29 +0000,Barbell Curl, 5,29.483539113316585,0.0,0.0,0.0,0.0,false,, 1.0
2024-05-07 14:01:29 +0000,Barbell Curl, 5,29.483539113316585,0.0,0.0,0.0,0.0,false,, 1.0
2024-05-07 14:01:29 +0000,Barbell Curl, 5,29.483539113316585,0.0,0.0,0.0,0.0,false,, 1.0
2024-05-07 14:01:29 +0000,Bent Over Barbell Row, 10,20.41168092460379,0.0,0.0,0.0,0.0,true,, 1.0
2024-05-07 14:01:29 +0000,Bent Over Barbell Row, 5,45.35929094356398,0.0,0.0,0.0,0.0,true,, 1.0
2024-05-07 14:01:29 +0000,Bent Over Barbell Row, 8,61.235042773811365,0.0,0.0,0.0,0.0,false,, 1.0
2024-05-07 14:01:29 +0000,Bent Over Barbell Row, 8,61.235042773811365,0.0,0.0,0.0,0.0,false,, 1.0
2024-05-07 14:01:29 +0000,Chin Up, 4,0.0,0.0,0.0,0.0,0.0,false,, 1.0
2024-05-07 14:01:29 +0000,Chin Up, 4,0.0,0.0,0.0,0.0,0.0,false,, 1.0
2024-05-07 14:01:29 +0000,Chin Up, 4,0.0,0.0,0.0,0.0,0.0,false,, 1.0
2024-05-07 14:01:29 +0000,Hammer Curls, 8,13.607787283069193,0.0,0.0,0.0,0.0,false,, 2.0
2024-05-07 14:01:29 +0000,Hammer Curls, 8,13.607787283069193,0.0,0.0,0.0,0.0,false,, 2.0
2024-05-07 14:01:29 +0000,Hammer Curls, 8,13.607787283069193,0.0,0.0,0.0,0.0,false,, 2.0
2024-05-06 16:30:09 +0000,Barbell Bench Press, 10,20.41168092460379,0.0,0.0,0.0,0.0,true,, 1.0
2024-05-06 16:30:09 +0000,Barbell Bench Press, 8,40.82336184920758,0.0,0.0,0.0,0.0,true,, 1.0
2024-05-06 16:30:09 +0000,Barbell Bench Press, 8,70.30690096252415,0.0,0.0,0.0,0.0,false,, 1.0
2024-05-06 16:30:09 +0000,Barbell Bench Press, 8,70.30690096252415,0.0,0.0,0.0,0.0,false,, 1.0
2024-05-06 16:30:09 +0000,Barbell Bench Press, 8,70.30690096252415,0.0,0.0,0.0,0.0,false,, 1.0
2024-05-06 16:30:09 +0000,Barbell Bench Press, 8,70.30690096252415,0.0,0.0,0.0,0.0,false,, 1.0
2024-05-06 16:30:09 +0000,Barbell Shoulder Press, 8,20.41168092460379,0.0,0.0,0.0,0.0,true,, 1.0
2024-05-06 16:30:09 +0000,Barbell Shoulder Press, 4,36.28743275485118,0.0,0.0,0.0,0.0,false,, 1.0
2024-05-06 16:30:09 +0000,Barbell Shoulder Press, 4,36.28743275485118,0.0,0.0,0.0,0.0,false,, 1.0
2024-05-06 16:30:09 +0000,Barbell Shoulder Press, 5,36.28743275485118,0.0,0.0,0.0,0.0,false,, 1.0
2024-05-06 16:30:09 +0000,Barbell Shoulder Press, 5,36.28743275485118,0.0,0.0,0.0,0.0,false,, 1.0
2024-05-06 16:30:09 +0000,Dumbbell Back Fly, 5,9.071858188712795,0.0,0.0,0.0,0.0,false,, 2.0
2024-05-06 16:30:09 +0000,Dumbbell Back Fly, 5,9.071858188712795,0.0,0.0,0.0,0.0,false,, 2.0
2024-05-06 16:30:09 +0000,Dumbbell Back Fly, 5,9.071858188712795,0.0,0.0,0.0,0.0,false,, 2.0
2024-05-06 16:30:09 +0000,Dumbbell Back Fly, 5,9.071858188712795,0.0,0.0,0.0,0.0,false,, 2.0
2024-05-06 16:30:09 +0000,Dip, 8,0.0,0.0,0.0,0.0,0.0,false,, 1.0
2024-05-06 16:30:09 +0000,Dip, 8,0.0,0.0,0.0,0.0,0.0,false,, 1.0
2024-05-06 16:30:09 +0000,Dip, 8,0.0,0.0,0.0,0.0,0.0,false,, 1.0
2024-05-06 16:30:09 +0000,Cable One Arm Underhand Tricep Extension, 6,5.669911367945497,0.0,0.0,0.0,0.0,false,, 2.0
2024-05-06 16:30:09 +0000,Cable One Arm Underhand Tricep Extension, 6,7.937875915123695,0.0,0.0,0.0,0.0,false,, 2.0
2024-05-06 16:30:09 +0000,Cable One Arm Underhand Tricep Extension, 6,7.937875915123695,0.0,0.0,0.0,0.0,false,, 2.0
2024-05-06 16:30:09 +0000,Cable One Arm Underhand Tricep Extension, 6,7.937875915123695,0.0,0.0,0.0,0.0,false,, 2.0
2024-05-06 16:30:09 +0000,Dumbbell Decline Bench Press, 10,20.41168092460379,0.0,0.0,0.0,0.0,false,, 2.0
2024-05-06 16:30:09 +0000,Dumbbell Decline Bench Press, 10,20.41168092460379,0.0,0.0,0.0,0.0,false,, 2.0
2024-05-06 16:30:09 +0000,Dumbbell Decline Bench Press, 10,20.41168092460379,0.0,0.0,0.0,0.0,false,, 2.0
2024-05-06 16:30:09 +0000,Dumbbell Decline Bench Press, 10,20.41168092460379,0.0,0.0,0.0,0.0,false,, 2.0
2024-05-06 16:30:09 +0000,Dumbbell Decline Bench Press, 10,20.41168092460379,0.0,0.0,0.0,0.0,false,, 2.0
2024-05-03 14:05:20 +0000,Lying Hamstrings Curl, 8,38.55539730202938,0.0,0.0,0.0,0.0,true,, 1.0
2024-05-03 14:05:20 +0000,Lying Hamstrings Curl, 4,70.30690096252415,0.0,0.0,0.0,0.0,false,, 1.0
2024-05-03 14:05:20 +0000,Lying Hamstrings Curl, 4,70.30690096252415,0.0,0.0,0.0,0.0,false,, 1.0
2024-05-03 14:05:20 +0000,Lying Hamstrings Curl, 4,70.30690096252415,0.0,0.0,0.0,0.0,false,, 1.0
2024-05-03 14:05:20 +0000,Lying Hamstrings Curl, 4,70.30690096252415,0.0,0.0,0.0,0.0,false,, 1.0
2024-05-03 14:05:20 +0000,Machine Hip Abductor, 10,52.16318458509857,0.0,0.0,0.0,0.0,false,, 1.0
2024-05-03 14:05:20 +0000,Machine Hip Abductor, 10,58.96707822663317,0.0,0.0,0.0,0.0,false,, 1.0
2024-05-03 14:05:20 +0000,Machine Hip Abductor, 10,58.96707822663317,0.0,0.0,0.0,0.0,false,, 1.0
2024-05-03 14:05:20 +0000,Machine Hip Abductor, 10,58.96707822663317,0.0,0.0,0.0,0.0,false,, 1.0
2024-05-03 14:05:20 +0000,Machine Hip Abductor, 12,58.96707822663317,0.0,0.0,0.0,0.0,false,, 1.0
2024-05-03 14:05:20 +0000,Sled Drag, 0,40.82336184920758,0.0,36.575998829568036,0.0,0.0,true,, 0.0
2024-05-03 14:05:20 +0000,Sled Drag, 0,52.16318458509857,0.0,36.575998829568036,0.0,0.0,false,, 0.0
2024-05-03 14:05:20 +0000,Sled Drag, 0,63.50300732098956,0.0,36.575998829568036,0.0,0.0,false,, 0.0
2024-05-03 14:05:20 +0000,Sled Drag, 0,68.03893641534596,0.0,36.575998829568036,0.0,0.0,false,, 0.0
2024-05-03 14:05:20 +0000,Sled Push, 0,40.82336184920758,0.0,36.575998829568036,0.0,0.0,true,, 0.0
2024-05-03 14:05:20 +0000,Sled Push, 0,68.03893641534596,0.0,36.575998829568036,0.0,0.0,false,, 0.0
2024-05-03 14:05:20 +0000,Sled Push, 0,68.03893641534596,0.0,36.575998829568036,0.0,0.0,false,, 0.0
2024-05-03 14:05:20 +0000,Sled Push, 0,68.03893641534596,0.0,36.575998829568036,0.0,0.0,false,, 0.0
2024-05-03 14:05:20 +0000,Seated Machine Calf Press, 8,63.50300732098956,0.0,0.0,0.0,0.0,false,, 1.0
2024-05-03 14:05:20 +0000,Seated Machine Calf Press, 8,63.50300732098956,0.0,0.0,0.0,0.0,false,, 1.0
2024-05-03 14:05:20 +0000,Seated Machine Calf Press, 8,63.50300732098956,0.0,0.0,0.0,0.0,false,, 1.0
2024-05-02 14:02:57 +0000,Lat Pulldown, 8,24.947610018960187,0.0,0.0,0.0,0.0,true,, 1.0
2024-05-02 14:02:57 +0000,Lat Pulldown, 6,45.35929094356398,0.0,0.0,0.0,0.0,false,, 1.0
2024-05-02 14:02:57 +0000,Lat Pulldown, 6,49.895220037920375,0.0,0.0,0.0,0.0,false,, 1.0
2024-05-02 14:02:57 +0000,Lat Pulldown, 9,63.50300732098956,0.0,0.0,0.0,0.0,false,, 1.0
2024-05-02 14:02:57 +0000,Lat Pulldown, 10,63.50300732098956,0.0,0.0,0.0,0.0,false,, 1.0
2024-05-02 14:02:57 +0000,Seated Dumbbell Curl, 10,9.071858188712795,0.0,0.0,0.0,0.0,false,, 2.0
2024-05-02 14:02:57 +0000,Seated Dumbbell Curl, 10,9.071858188712795,0.0,0.0,0.0,0.0,false,, 2.0
2024-05-02 14:02:57 +0000,Seated Dumbbell Curl, 10,9.071858188712795,0.0,0.0,0.0,0.0,false,, 2.0
2024-05-02 14:02:57 +0000,Seated Dumbbell Curl, 10,9.071858188712795,0.0,0.0,0.0,0.0,false,, 2.0
2024-05-02 14:02:57 +0000,Hammerstrength Iso Row, 8,24.947610018960187,0.0,0.0,0.0,0.0,true,, 2.0
2024-05-02 14:02:57 +0000,Hammerstrength Iso Row, 12,45.35929094356398,0.0,0.0,0.0,0.0,false,, 2.0
2024-05-02 14:02:57 +0000,Hammerstrength Iso Row, 12,45.35929094356398,0.0,0.0,0.0,0.0,false,, 2.0
2024-05-02 14:02:57 +0000,Hammerstrength Iso Row, 12,45.35929094356398,0.0,0.0,0.0,0.0,false,, 2.0
2024-05-02 14:02:57 +0000,Machine Bicep Curl, 8,22.67964547178199,0.0,0.0,0.0,0.0,true,, 1.0
2024-05-02 14:02:57 +0000,Machine Bicep Curl, 8,36.28743275485118,0.0,0.0,0.0,0.0,false,, 1.0
2024-05-02 14:02:57 +0000,Machine Bicep Curl, 8,36.28743275485118,0.0,0.0,0.0,0.0,false,, 1.0
2024-05-02 14:02:57 +0000,Machine Bicep Curl, 8,36.28743275485118,0.0,0.0,0.0,0.0,false,, 1.0
2024-05-01 14:02:20 +0000,Dumbbell Incline Bench Press, 8,18.14371637742559,0.0,0.0,0.0,0.0,true,, 2.0
2024-05-01 14:02:20 +0000,Dumbbell Incline Bench Press, 10,24.947610018960187,0.0,0.0,0.0,0.0,false,, 2.0
2024-05-01 14:02:20 +0000,Dumbbell Incline Bench Press, 10,24.947610018960187,0.0,0.0,0.0,0.0,false,, 2.0
2024-05-01 14:02:20 +0000,Dumbbell Incline Bench Press, 10,24.947610018960187,0.0,0.0,0.0,0.0,false,, 2.0
2024-05-01 14:02:20 +0000,Dumbbell Incline Bench Press, 10,24.947610018960187,0.0,0.0,0.0,0.0,false,, 2.0
2024-05-01 14:02:20 +0000,Barbell Bench Press, 10,20.41168092460379,0.0,0.0,0.0,0.0,true,, 1.0
2024-05-01 14:02:20 +0000,Barbell Bench Press, 8,43.091326396385774,0.0,0.0,0.0,0.0,true,, 1.0
2024-05-01 14:02:20 +0000,Barbell Bench Press, 6,72.57486550970236,0.0,0.0,0.0,0.0,false,, 1.0
2024-05-01 14:02:20 +0000,Barbell Bench Press, 6,72.57486550970236,0.0,0.0,0.0,0.0,false,, 1.0
2024-05-01 14:02:20 +0000,Barbell Bench Press, 6,72.57486550970236,0.0,0.0,0.0,0.0,false,, 1.0
2024-05-01 14:02:20 +0000,Barbell Bench Press, 8,72.57486550970236,0.0,0.0,0.0,0.0,false,, 1.0
2024-05-01 14:02:20 +0000,Dumbbell Lateral Raise, 10,6.8038936415345965,0.0,0.0,0.0,0.0,false,, 2.0
2024-05-01 14:02:20 +0000,Dumbbell Lateral Raise, 10,6.8038936415345965,0.0,0.0,0.0,0.0,false,, 2.0
2024-05-01 14:02:20 +0000,Dumbbell Lateral Raise, 10,6.8038936415345965,0.0,0.0,0.0,0.0,false,, 2.0
2024-05-01 14:02:20 +0000,Bench Dip, 11,0.0,0.0,0.0,0.0,0.0,false,, 1.0
2024-05-01 14:02:20 +0000,Bench Dip, 11,0.0,0.0,0.0,0.0,0.0,false,, 1.0
2024-05-01 14:02:20 +0000,Bench Dip, 11,0.0,0.0,0.0,0.0,0.0,false,, 1.0
2024-05-01 14:02:20 +0000,Hammerstrength Decline Chest Press, 7,40.82336184920758,0.0,0.0,0.0,0.0,false,, 2.0
2024-05-01 14:02:20 +0000,Hammerstrength Decline Chest Press, 7,40.82336184920758,0.0,0.0,0.0,0.0,false,, 2.0
2024-05-01 14:02:20 +0000,Hammerstrength Decline Chest Press, 7,40.82336184920758,0.0,0.0,0.0,0.0,false,, 2.0
2024-05-01 14:02:20 +0000,Hammerstrength Decline Chest Press, 8,40.82336184920758,0.0,0.0,0.0,0.0,false,, 2.0
2024-04-30 14:09:01 +0000,Back Squat, 10,20.41168092460379,0.0,0.0,0.0,0.0,true,, 1.0
2024-04-30 14:09:01 +0000,Back Squat, 8,43.091326396385774,0.0,0.0,0.0,0.0,true,, 1.0
2024-04-30 14:09:01 +0000,Back Squat, 6,61.235042773811365,0.0,0.0,0.0,0.0,false,, 1.0
2024-04-30 14:09:01 +0000,Back Squat, 6,61.235042773811365,0.0,0.0,0.0,0.0,false,, 1.0
2024-04-30 14:09:01 +0000,Back Squat, 6,61.235042773811365,0.0,0.0,0.0,0.0,false,, 1.0
2024-04-30 14:09:01 +0000,Back Squat, 6,61.235042773811365,0.0,0.0,0.0,0.0,false,, 1.0
2024-04-30 14:09:01 +0000,Leg Press, 8,122.47008554762273,0.0,0.0,0.0,0.0,true,, 1.0
2024-04-30 14:09:01 +0000,Leg Press, 8,122.47008554762273,0.0,0.0,0.0,0.0,false,, 1.0
2024-04-30 14:09:01 +0000,Leg Press, 8,122.47008554762273,0.0,0.0,0.0,0.0,false,, 1.0
2024-04-30 14:09:01 +0000,Leg Press, 8,122.47008554762273,0.0,0.0,0.0,0.0,false,, 1.0
2024-04-30 14:09:01 +0000,Leg Press, 8,122.47008554762273,0.0,0.0,0.0,0.0,false,, 1.0
2024-04-30 14:09:01 +0000,Leg Press, 8,122.47008554762273,0.0,0.0,0.0,0.0,false,, 1.0
2024-04-30 14:09:01 +0000,Lying Hamstrings Curl, 10,27.215574566138386,0.0,0.0,0.0,0.0,true,, 1.0
2024-04-30 14:09:01 +0000,Lying Hamstrings Curl, 5,68.03893641534596,0.0,0.0,0.0,0.0,false,, 1.0
2024-04-30 14:09:01 +0000,Lying Hamstrings Curl, 5,68.03893641534596,0.0,0.0,0.0,0.0,false,, 1.0
2024-04-30 14:09:01 +0000,Lying Hamstrings Curl, 5,68.03893641534596,0.0,0.0,0.0,0.0,false,, 1.0
2024-04-30 14:09:01 +0000,Reverse Hyperextension, 11,0.0,0.0,0.0,0.0,0.0,false,, 1.0
2024-04-30 14:09:01 +0000,Reverse Hyperextension, 11,0.0,0.0,0.0,0.0,0.0,false,, 1.0
2024-04-30 14:09:01 +0000,Reverse Hyperextension, 11,0.0,0.0,0.0,0.0,0.0,false,, 1.0
2024-04-30 14:09:01 +0000,Reverse Hyperextension, 11,0.0,0.0,0.0,0.0,0.0,false,, 1.0
2024-04-30 14:09:01 +0000,Standing Machine Calf Press, 12,99.79044007584075,0.0,0.0,0.0,0.0,false,, 1.0
2024-04-30 14:09:01 +0000,Standing Machine Calf Press, 12,99.79044007584075,0.0,0.0,0.0,0.0,false,, 1.0
2024-04-30 14:09:01 +0000,Standing Machine Calf Press, 12,99.79044007584075,0.0,0.0,0.0,0.0,false,, 1.0
2024-04-25 14:09:16 +0000,Trap Bar Deadlift, 8,52.16318458509857,0.0,0.0,0.0,0.0,true,, 1.0
2024-04-25 14:09:16 +0000,Trap Bar Deadlift, 5,83.91468824559335,0.0,0.0,0.0,0.0,true,, 1.0
2024-04-25 14:09:16 +0000,Trap Bar Deadlift, 8,92.98654643430615,0.0,0.0,0.0,0.0,false,, 1.0
2024-04-25 14:09:16 +0000,Trap Bar Deadlift, 8,92.98654643430615,0.0,0.0,0.0,0.0,false,, 1.0
2024-04-25 14:09:16 +0000,Trap Bar Deadlift, 8,92.98654643430615,0.0,0.0,0.0,0.0,false,, 1.0
2024-04-25 14:09:16 +0000,Trap Bar Deadlift, 8,92.98654643430615,0.0,0.0,0.0,0.0,false,, 1.0
2024-04-25 14:09:16 +0000,Box Squat, 10,20.41168092460379,0.0,0.0,0.0,0.0,true,, 1.0
2024-04-25 14:09:16 +0000,Box Squat, 8,43.091326396385774,0.0,0.0,0.0,0.0,true,, 1.0
2024-04-25 14:09:16 +0000,Box Squat, 6,70.30690096252415,0.0,0.0,0.0,0.0,false,, 1.0
2024-04-25 14:09:16 +0000,Box Squat, 6,70.30690096252415,0.0,0.0,0.0,0.0,false,, 1.0
2024-04-25 14:09:16 +0000,Box Squat, 6,70.30690096252415,0.0,0.0,0.0,0.0,false,, 1.0
2024-04-25 14:09:16 +0000,Box Squat, 8,70.30690096252415,0.0,0.0,0.0,0.0,false,, 1.0
2024-04-25 14:09:16 +0000,Box Squat, 8,70.30690096252415,0.0,0.0,0.0,0.0,false,, 1.0
2024-04-25 14:09:16 +0000,Barbell Hip Thrust, 10,20.41168092460379,0.0,0.0,0.0,0.0,true,, 1.0
2024-04-25 14:09:16 +0000,Barbell Hip Thrust, 8,52.16318458509857,0.0,0.0,0.0,0.0,true,, 1.0
2024-04-25 14:09:16 +0000,Barbell Hip Thrust, 10,83.91468824559335,0.0,0.0,0.0,0.0,false,, 1.0
2024-04-25 14:09:16 +0000,Barbell Hip Thrust, 10,83.91468824559335,0.0,0.0,0.0,0.0,false,, 1.0
2024-04-25 14:09:16 +0000,Barbell Hip Thrust, 10,83.91468824559335,0.0,0.0,0.0,0.0,false,, 1.0
2024-04-25 14:09:16 +0000,Barbell Hip Thrust, 10,83.91468824559335,0.0,0.0,0.0,0.0,false,, 1.0
2024-04-25 14:09:16 +0000,Dumbbell Lunge, 6,15.87575183024739,0.0,0.0,0.0,0.0,false,, 4.0
2024-04-25 14:09:16 +0000,Dumbbell Lunge, 6,15.87575183024739,0.0,0.0,0.0,0.0,false,, 4.0
2024-04-25 14:09:16 +0000,Dumbbell Lunge, 6,15.87575183024739,0.0,0.0,0.0,0.0,false,, 4.0
2024-04-25 14:09:16 +0000,Dumbbell Lunge, 6,15.87575183024739,0.0,0.0,0.0,0.0,false,, 4.0
2024-04-25 14:09:16 +0000,Standing Machine Calf Press, 12,104.32636917019714,0.0,0.0,0.0,0.0,false,, 1.0
2024-04-25 14:09:16 +0000,Standing Machine Calf Press, 12,104.32636917019714,0.0,0.0,0.0,0.0,false,, 1.0
2024-04-25 14:09:16 +0000,Standing Machine Calf Press, 12,104.32636917019714,0.0,0.0,0.0,0.0,false,, 1.0
2024-04-24 14:06:35 +0000,Barbell Pause Curl, 5,20.41168092460379,0.0,0.0,0.0,0.0,false,, 1.0
2024-04-24 14:06:35 +0000,Barbell Pause Curl, 5,22.67964547178199,0.0,0.0,0.0,0.0,false,, 1.0
2024-04-24 14:06:35 +0000,Barbell Pause Curl, 6,27.215574566138386,0.0,0.0,0.0,0.0,false,, 1.0
2024-04-24 14:06:35 +0000,Barbell Pause Curl, 7,27.215574566138386,0.0,0.0,0.0,0.0,false,, 1.0
2024-04-24 14:06:35 +0000,Pull Up, 4,0.0,0.0,0.0,0.0,0.0,false,, 1.0
2024-04-24 14:06:35 +0000,Pull Up, 4,0.0,0.0,0.0,0.0,0.0,false,, 1.0
2024-04-24 14:06:35 +0000,Pull Up, 4,0.0,0.0,0.0,0.0,0.0,false,, 1.0
2024-04-24 14:06:35 +0000,Pull Up, 3,0.0,0.0,0.0,0.0,0.0,false,, 1.0
2024-04-24 14:06:35 +0000,Bent Over Barbell Row, 10,20.41168092460379,0.0,0.0,0.0,0.0,true,, 1.0
2024-04-24 14:06:35 +0000,Bent Over Barbell Row, 5,43.091326396385774,0.0,0.0,0.0,0.0,false,, 1.0
2024-04-24 14:06:35 +0000,Bent Over Barbell Row, 5,52.16318458509857,0.0,0.0,0.0,0.0,false,, 1.0
2024-04-24 14:06:35 +0000,Bent Over Barbell Row, 13,58.96707822663317,0.0,0.0,0.0,0.0,false,, 1.0
2024-04-24 14:06:35 +0000,Bent Over Barbell Row, 12,58.96707822663317,0.0,0.0,0.0,0.0,false,, 1.0
2024-04-24 14:06:35 +0000,Upright Row, 6,20.41168092460379,0.0,0.0,0.0,0.0,false,, 1.0
2024-04-24 14:06:35 +0000,Upright Row, 6,29.483539113316585,0.0,0.0,0.0,0.0,false,, 1.0
2024-04-24 14:06:35 +0000,Upright Row, 8,36.28743275485118,0.0,0.0,0.0,0.0,false,, 1.0
2024-04-24 14:06:35 +0000,Upright Row, 9,36.28743275485118,0.0,0.0,0.0,0.0,false,, 1.0
2024-04-24 14:06:35 +0000,Preacher Curl, 10,20.41168092460379,0.0,0.0,0.0,0.0,false,, 1.0
2024-04-24 14:06:35 +0000,Preacher Curl, 10,20.41168092460379,0.0,0.0,0.0,0.0,false,, 1.0
2024-04-24 14:06:35 +0000,Preacher Curl, 10,20.41168092460379,0.0,0.0,0.0,0.0,false,, 1.0
2024-04-23 14:02:12 +0000,Pause Barbell Decline Bench Press, 8,20.41168092460379,0.0,0.0,0.0,0.0,true,, 1.0
2024-04-23 14:02:12 +0000,Pause Barbell Decline Bench Press, 5,47.62725549074217,0.0,0.0,0.0,0.0,true,, 1.0
2024-04-23 14:02:12 +0000,Pause Barbell Decline Bench Press, 7,63.50300732098956,0.0,0.0,0.0,0.0,false,, 1.0
2024-04-23 14:02:12 +0000,Pause Barbell Decline Bench Press, 7,63.50300732098956,0.0,0.0,0.0,0.0,false,, 1.0
2024-04-23 14:02:12 +0000,Pause Barbell Decline Bench Press, 8,65.77097186816776,0.0,0.0,0.0,0.0,false,, 1.0
2024-04-23 14:02:12 +0000,Pause Barbell Decline Bench Press, 8,68.03893641534596,0.0,0.0,0.0,0.0,false,, 1.0
2024-04-23 14:02:12 +0000,Pause Barbell Decline Bench Press, 9,70.30690096252415,0.0,0.0,0.0,0.0,false,, 1.0
2024-04-23 14:02:12 +0000,Dumbbell Kickbacks, 14,9.071858188712795,0.0,0.0,0.0,0.0,false,, 2.0
2024-04-23 14:02:12 +0000,Dumbbell Kickbacks, 14,9.071858188712795,0.0,0.0,0.0,0.0,false,, 2.0
2024-04-23 14:02:12 +0000,Dumbbell Kickbacks, 14,9.071858188712795,0.0,0.0,0.0,0.0,false,, 2.0
2024-04-23 14:02:12 +0000,Dumbbell Kickbacks, 14,9.071858188712795,0.0,0.0,0.0,0.0,false,, 2.0
2024-04-23 14:02:12 +0000,Dumbbell Shoulder Press, 5,20.41168092460379,0.0,0.0,0.0,0.0,false,, 2.0
2024-04-23 14:02:12 +0000,Dumbbell Shoulder Press, 5,20.41168092460379,0.0,0.0,0.0,0.0,false,, 2.0
2024-04-23 14:02:12 +0000,Dumbbell Shoulder Press, 5,20.41168092460379,0.0,0.0,0.0,0.0,false,, 2.0
2024-04-23 14:02:12 +0000,Dumbbell Shoulder Press, 5,20.41168092460379,0.0,0.0,0.0,0.0,false,, 2.0
2024-04-23 14:02:12 +0000,Floor Press, 4,72.57486550970236,0.0,0.0,0.0,0.0,false,, 1.0
2024-04-23 14:02:12 +0000,Floor Press, 5,63.50300732098956,0.0,0.0,0.0,0.0,false,, 1.0
2024-04-23 14:02:12 +0000,Floor Press, 5,63.50300732098956,0.0,0.0,0.0,0.0,false,, 1.0
2024-04-23 14:02:12 +0000,Floor Press, 5,63.50300732098956,0.0,0.0,0.0,0.0,false,, 1.0
2024-04-23 14:02:12 +0000,Dip, 7,0.0,0.0,0.0,0.0,0.0,false,, 1.0
2024-04-23 14:02:12 +0000,Dip, 6,0.0,0.0,0.0,0.0,0.0,false,, 1.0
2024-04-23 14:02:12 +0000,Dip, 6,0.0,0.0,0.0,0.0,0.0,false,, 1.0
2024-04-22 14:00:55 +0000,Pause Front Squat, 10,20.41168092460379,0.0,0.0,0.0,0.0,true,, 1.0
2024-04-22 14:00:55 +0000,Pause Front Squat, 5,43.091326396385774,0.0,0.0,0.0,0.0,true,, 1.0
2024-04-22 14:00:55 +0000,Pause Front Squat, 10,52.16318458509857,0.0,0.0,0.0,0.0,false,, 1.0
2024-04-22 14:00:55 +0000,Pause Front Squat, 10,52.16318458509857,0.0,0.0,0.0,0.0,false,, 1.0
2024-04-22 14:00:55 +0000,Pause Front Squat, 10,52.16318458509857,0.0,0.0,0.0,0.0,false,, 1.0
2024-04-22 14:00:55 +0000,Pause Front Squat, 10,52.16318458509857,0.0,0.0,0.0,0.0,false,, 1.0
2024-04-22 14:00:55 +0000,Lying Hamstrings Curl, 8,24.947610018960187,0.0,0.0,0.0,0.0,true,, 1.0
2024-04-22 14:00:55 +0000,Lying Hamstrings Curl, 8,38.55539730202938,0.0,0.0,0.0,0.0,false,, 1.0
2024-04-22 14:00:55 +0000,Lying Hamstrings Curl, 8,47.62725549074217,0.0,0.0,0.0,0.0,false,, 1.0
2024-04-22 14:00:55 +0000,Lying Hamstrings Curl, 10,54.43114913227677,0.0,0.0,0.0,0.0,false,, 1.0
2024-04-22 14:00:55 +0000,Lying Hamstrings Curl, 12,54.43114913227677,0.0,0.0,0.0,0.0,false,, 1.0
2024-04-22 14:00:55 +0000,Sled Push, 0,40.82336184920758,0.0,36.575998829568036,0.0,0.0,false,, 0.0
2024-04-22 14:00:55 +0000,Sled Push, 0,72.57486550970236,0.0,36.575998829568036,0.0,0.0,false,, 0.0
2024-04-22 14:00:55 +0000,Sled Push, 0,72.57486550970236,0.0,36.575998829568036,0.0,0.0,false,, 0.0
2024-04-22 14:00:55 +0000,Sled Push, 0,72.57486550970236,0.0,36.575998829568036,0.0,0.0,false,, 0.0
2024-04-22 14:00:55 +0000,Standing Barbell Calf Raise, 10,70.30690096252415,0.0,0.0,0.0,0.0,false,, 1.0
2024-04-22 14:00:55 +0000,Standing Barbell Calf Raise, 10,92.98654643430615,0.0,0.0,0.0,0.0,false,, 1.0
2024-04-22 14:00:55 +0000,Standing Barbell Calf Raise, 20,106.59433371737533,0.0,0.0,0.0,0.0,false,, 1.0
2024-04-22 14:00:55 +0000,Standing Barbell Calf Raise, 20,106.59433371737533,0.0,0.0,0.0,0.0,false,, 1.0
2024-04-20 13:39:15 +0000,Romanian Deadlift, 10,20.41168092460379,0.0,0.0,0.0,0.0,true,, 1.0
2024-04-20 13:39:15 +0000,Romanian Deadlift, 8,43.091326396385774,0.0,0.0,0.0,0.0,true,, 1.0
2024-04-20 13:39:15 +0000,Romanian Deadlift, 8,70.30690096252415,0.0,0.0,0.0,0.0,false,, 1.0
2024-04-20 13:39:15 +0000,Romanian Deadlift, 8,70.30690096252415,0.0,0.0,0.0,0.0,false,, 1.0
2024-04-20 13:39:15 +0000,Romanian Deadlift, 8,70.30690096252415,0.0,0.0,0.0,0.0,false,, 1.0
2024-04-20 13:39:15 +0000,Romanian Deadlift, 8,70.30690096252415,0.0,0.0,0.0,0.0,false,, 1.0
2024-04-20 13:39:15 +0000,Pause Back Squat, 10,20.41168092460379,0.0,0.0,0.0,0.0,true,, 1.0
2024-04-20 13:39:15 +0000,Pause Back Squat, 5,43.091326396385774,0.0,0.0,0.0,0.0,true,, 1.0
2024-04-20 13:39:15 +0000,Pause Back Squat, 6,61.235042773811365,0.0,0.0,0.0,0.0,false,, 1.0
2024-04-20 13:39:15 +0000,Pause Back Squat, 6,61.235042773811365,0.0,0.0,0.0,0.0,false,, 1.0
2024-04-20 13:39:15 +0000,Pause Back Squat, 6,70.30690096252415,0.0,0.0,0.0,0.0,false,, 1.0
2024-04-20 13:39:15 +0000,Pause Back Squat, 6,70.30690096252415,0.0,0.0,0.0,0.0,false,, 1.0
2024-04-20 13:39:15 +0000,Standing Machine Calf Press, 12,90.71858188712795,0.0,0.0,0.0,0.0,false,, 1.0
2024-04-20 13:39:15 +0000,Standing Machine Calf Press, 12,90.71858188712795,0.0,0.0,0.0,0.0,false,, 1.0
2024-04-20 13:39:15 +0000,Standing Machine Calf Press, 12,90.71858188712795,0.0,0.0,0.0,0.0,false,, 1.0
2024-04-20 13:39:15 +0000,Standing Machine Calf Press, 12,90.71858188712795,0.0,0.0,0.0,0.0,false,, 1.0
2024-04-20 13:39:15 +0000,Elevated Hip Bridge, 11,0.0,0.0,0.0,0.0,0.0,false,, 1.0
2024-04-20 13:39:15 +0000,Elevated Hip Bridge, 11,0.0,0.0,0.0,0.0,0.0,false,, 1.0
2024-04-20 13:39:15 +0000,Elevated Hip Bridge, 11,0.0,0.0,0.0,0.0,0.0,false,, 1.0
2024-04-20 13:39:15 +0000,Elevated Hip Bridge, 11,0.0,0.0,0.0,0.0,0.0,false,, 1.0
2024-04-20 13:39:15 +0000,Elevated Hip Bridge, 11,0.0,0.0,0.0,0.0,0.0,false,, 1.0
2024-04-19 13:38:05 +0000,Chin Up, 4,0.0,0.0,0.0,0.0,0.0,false,, 1.0
2024-04-19 13:38:05 +0000,Chin Up, 4,0.0,0.0,0.0,0.0,0.0,false,, 1.0
2024-04-19 13:38:05 +0000,Chin Up, 4,0.0,0.0,0.0,0.0,0.0,false,, 1.0
2024-04-19 13:38:05 +0000,Stiff-Legged Barbell Good Morning, 12,29.483539113316585,0.0,0.0,0.0,0.0,false,, 1.0
2024-04-19 13:38:05 +0000,Stiff-Legged Barbell Good Morning, 12,29.483539113316585,0.0,0.0,0.0,0.0,false,, 1.0
2024-04-19 13:38:05 +0000,EZ-Bar Curl, 10,20.41168092460379,0.0,0.0,0.0,0.0,false,, 1.0
2024-04-19 13:38:05 +0000,EZ-Bar Curl, 10,20.41168092460379,0.0,0.0,0.0,0.0,false,, 1.0
2024-04-19 13:38:05 +0000,EZ-Bar Curl, 10,20.41168092460379,0.0,0.0,0.0,0.0,false,, 1.0
2024-04-19 13:38:05 +0000,Hammerstrength Iso Row, 8,27.215574566138386,0.0,0.0,0.0,0.0,true,, 2.0
2024-04-19 13:38:05 +0000,Hammerstrength Iso Row, 10,46.26647676243525,0.0,0.0,0.0,0.0,false,, 2.0
2024-04-19 13:38:05 +0000,Hammerstrength Iso Row, 10,46.26647676243525,0.0,0.0,0.0,0.0,false,, 2.0
2024-04-19 13:38:05 +0000,Hammerstrength Iso Row, 10,46.26647676243525,0.0,0.0,0.0,0.0,false,, 2.0
2024-04-19 13:38:05 +0000,Hammerstrength Iso Row, 10,46.26647676243525,0.0,0.0,0.0,0.0,false,, 2.0
2024-04-19 13:38:05 +0000,Hammerstrength Iso Row, 7,55.33833495114805,0.0,0.0,0.0,0.0,false,, 2.0
2024-04-19 13:38:05 +0000,Hammer Curls, 6,13.607787283069193,0.0,0.0,0.0,0.0,false,, 2.0
2024-04-19 13:38:05 +0000,Hammer Curls, 6,13.607787283069193,0.0,0.0,0.0,0.0,false,, 2.0
2024-04-19 13:38:05 +0000,Hammer Curls, 6,13.607787283069193,0.0,0.0,0.0,0.0,false,, 2.0
2024-04-19 13:38:05 +0000,Machine Shoulder Shrug, 10,74.84283005688056,0.0,0.0,0.0,0.0,false,, 1.0
2024-04-19 13:38:05 +0000,Machine Shoulder Shrug, 10,74.84283005688056,0.0,0.0,0.0,0.0,false,, 1.0
2024-04-19 13:38:05 +0000,Machine Shoulder Shrug, 10,92.98654643430615,0.0,0.0,0.0,0.0,false,, 1.0
2024-04-19 13:38:05 +0000,Machine Shoulder Shrug, 10,92.98654643430615,0.0,0.0,0.0,0.0,false,, 1.0
2024-04-19 13:38:05 +0000,Russian Twist, 18,7.937875915123695,0.0,0.0,0.0,0.0,false,, 2.0
2024-04-19 13:38:05 +0000,Russian Twist, 18,7.937875915123695,0.0,0.0,0.0,0.0,false,, 2.0
2024-04-18 14:04:28 +0000,Barbell Bench Press, 10,20.41168092460379,0.0,0.0,0.0,0.0,true,, 1.0
2024-04-18 14:04:28 +0000,Barbell Bench Press, 5,47.62725549074217,0.0,0.0,0.0,0.0,true,, 1.0
2024-04-18 14:04:28 +0000,Barbell Bench Press, 8,63.50300732098956,0.0,0.0,0.0,0.0,false,, 1.0
2024-04-18 14:04:28 +0000,Barbell Bench Press, 8,63.50300732098956,0.0,0.0,0.0,0.0,false,, 1.0
2024-04-18 14:04:28 +0000,Barbell Bench Press, 8,63.50300732098956,0.0,0.0,0.0,0.0,false,, 1.0
2024-04-18 14:04:28 +0000,Barbell Bench Press, 10,63.50300732098956,0.0,0.0,0.0,0.0,false,, 1.0
2024-04-18 14:04:28 +0000,Bench Dip, 8,0.0,0.0,0.0,0.0,0.0,false,, 1.0
2024-04-18 14:04:28 +0000,Bench Dip, 8,0.0,0.0,0.0,0.0,0.0,false,, 1.0
2024-04-18 14:04:28 +0000,Bench Dip, 8,0.0,0.0,0.0,0.0,0.0,false,, 1.0
2024-04-18 14:04:28 +0000,Bench Dip, 8,0.0,0.0,0.0,0.0,0.0,false,, 1.0
2024-04-18 14:04:28 +0000,Push Press, 7,38.55539730202938,0.0,0.0,0.0,0.0,false,, 1.0
2024-04-18 14:04:28 +0000,Push Press, 7,38.55539730202938,0.0,0.0,0.0,0.0,false,, 1.0
2024-04-18 14:04:28 +0000,Push Press, 7,38.55539730202938,0.0,0.0,0.0,0.0,false,, 1.0
2024-04-18 14:04:28 +0000,Cable Face Pull, 15,17.00973410383649,0.0,0.0,0.0,0.0,true,, 1.0
2024-04-18 14:04:28 +0000,Cable Face Pull, 15,17.00973410383649,0.0,0.0,0.0,0.0,false,, 1.0
2024-04-18 14:04:28 +0000,Cable Face Pull, 15,17.00973410383649,0.0,0.0,0.0,0.0,false,, 1.0
2024-04-18 14:04:28 +0000,Cable Face Pull, 15,19.27769865101469,0.0,0.0,0.0,0.0,false,, 1.0
2024-04-18 14:04:28 +0000,Cable Rope Tricep Extension, 12,20.41168092460379,0.0,0.0,0.0,0.0,false,, 1.0
2024-04-18 14:04:28 +0000,Cable Rope Tricep Extension, 12,20.41168092460379,0.0,0.0,0.0,0.0,false,, 1.0
2024-04-18 14:04:28 +0000,Cable Rope Tricep Extension, 12,20.41168092460379,0.0,0.0,0.0,0.0,false,, 1.0
2024-04-18 14:04:28 +0000,Cable Rope Tricep Extension, 12,20.41168092460379,0.0,0.0,0.0,0.0,false,, 1.0
2024-04-18 14:04:28 +0000,Machine Fly, 8,31.75150366049478,0.0,0.0,0.0,0.0,true,, 1.0
2024-04-18 14:04:28 +0000,Machine Fly, 10,52.16318458509857,0.0,0.0,0.0,0.0,false,, 1.0
2024-04-18 14:04:28 +0000,Machine Fly, 10,52.16318458509857,0.0,0.0,0.0,0.0,false,, 1.0
2024-04-18 14:04:28 +0000,Machine Fly, 10,52.16318458509857,0.0,0.0,0.0,0.0,false,, 1.0
2024-04-18 14:04:28 +0000,Machine Fly, 10,52.16318458509857,0.0,0.0,0.0,0.0,false,, 1.0
2024-04-17 14:03:09 +0000,Back Squat, 10,20.41168092460379,0.0,0.0,0.0,0.0,true,, 1.0
2024-04-17 14:03:09 +0000,Back Squat, 5,52.16318458509857,0.0,0.0,0.0,0.0,true,, 1.0
2024-04-17 14:03:09 +0000,Back Squat, 6,70.30690096252415,0.0,0.0,0.0,0.0,false,, 1.0
2024-04-17 14:03:09 +0000,Back Squat, 6,70.30690096252415,0.0,0.0,0.0,0.0,false,, 1.0
2024-04-17 14:03:09 +0000,Back Squat, 6,70.30690096252415,0.0,0.0,0.0,0.0,false,, 1.0
2024-04-17 14:03:09 +0000,Back Squat, 6,70.30690096252415,0.0,0.0,0.0,0.0,false,, 1.0
2024-04-17 14:03:09 +0000,Back Squat, 6,92.98654643430615,0.0,0.0,0.0,0.0,false,, 1.0
2024-04-17 14:03:09 +0000,Seated Leg Curl, 10,24.947610018960187,0.0,0.0,0.0,0.0,true,, 1.0
2024-04-17 14:03:09 +0000,Seated Leg Curl, 15,38.55539730202938,0.0,0.0,0.0,0.0,false,, 1.0
2024-04-17 14:03:09 +0000,Seated Leg Curl, 15,43.091326396385774,0.0,0.0,0.0,0.0,false,, 1.0
2024-04-17 14:03:09 +0000,Seated Leg Curl, 15,47.62725549074217,0.0,0.0,0.0,0.0,false,, 1.0
2024-04-17 14:03:09 +0000,Seated Leg Curl, 15,49.895220037920375,0.0,0.0,0.0,0.0,false,, 1.0
2024-04-17 14:03:09 +0000,Cable Pull Through, 8,15.87575183024739,0.0,0.0,0.0,0.0,true,, 1.0
2024-04-17 14:03:09 +0000,Cable Pull Through, 15,27.215574566138386,0.0,0.0,0.0,0.0,false,, 1.0
2024-04-17 14:03:09 +0000,Cable Pull Through, 15,27.215574566138386,0.0,0.0,0.0,0.0,false,, 1.0
2024-04-17 14:03:09 +0000,Cable Pull Through, 15,27.215574566138386,0.0,0.0,0.0,0.0,false,, 1.0
2024-04-17 14:03:09 +0000,Cable Pull Through, 15,29.483539113316585,0.0,0.0,0.0,0.0,false,, 1.0
2024-04-17 14:03:09 +0000,Single Leg Standing Calf Raise, 7,0.0,0.0,0.0,0.0,0.0,false,, 2.0
2024-04-17 14:03:09 +0000,Single Leg Standing Calf Raise, 7,0.0,0.0,0.0,0.0,0.0,false,, 2.0
2024-04-17 14:03:09 +0000,Single Leg Standing Calf Raise, 7,0.0,0.0,0.0,0.0,0.0,false,, 2.0
2024-04-17 14:03:09 +0000,Single Leg Standing Calf Raise, 7,0.0,0.0,0.0,0.0,0.0,false,, 2.0
2024-04-17 14:03:09 +0000,Dumbbell Bulgarian Split Squat, 10,11.339822735890994,0.0,0.0,0.0,0.0,false,, 4.0
2024-04-17 14:03:09 +0000,Dumbbell Bulgarian Split Squat, 10,11.339822735890994,0.0,0.0,0.0,0.0,false,, 4.0
2024-04-17 14:03:09 +0000,Dumbbell Bulgarian Split Squat, 10,11.339822735890994,0.0,0.0,0.0,0.0,false,, 4.0
2024-04-16 13:43:39 +0000,T-Bar Row, 8,38.55539730202938,0.0,0.0,0.0,0.0,true,, 1.0
2024-04-16 13:43:39 +0000,T-Bar Row, 5,58.96707822663317,0.0,0.0,0.0,0.0,false,, 1.0
2024-04-16 13:43:39 +0000,T-Bar Row, 5,58.96707822663317,0.0,0.0,0.0,0.0,false,, 1.0
2024-04-16 13:43:39 +0000,T-Bar Row, 5,58.96707822663317,0.0,0.0,0.0,0.0,false,, 1.0
2024-04-16 13:43:39 +0000,T-Bar Row, 5,58.96707822663317,0.0,0.0,0.0,0.0,false,, 1.0
2024-04-16 13:43:39 +0000,T-Bar Row, 5,58.96707822663317,0.0,0.0,0.0,0.0,false,, 1.0
2024-04-16 13:43:39 +0000,T-Bar Row, 5,58.96707822663317,0.0,0.0,0.0,0.0,false,, 1.0
2024-04-16 13:43:39 +0000,Barbell Bicep Drag Curl, 12,18.14371637742559,0.0,0.0,0.0,0.0,false,, 1.0
2024-04-16 13:43:39 +0000,Barbell Bicep Drag Curl, 12,18.14371637742559,0.0,0.0,0.0,0.0,false,, 1.0
2024-04-16 13:43:39 +0000,Barbell Bicep Drag Curl, 12,18.14371637742559,0.0,0.0,0.0,0.0,false,, 1.0
2024-04-16 13:43:39 +0000,Barbell Bicep Drag Curl, 12,18.14371637742559,0.0,0.0,0.0,0.0,false,, 1.0
2024-04-16 13:43:39 +0000,Barbell Shrug, 8,72.57486550970236,0.0,0.0,0.0,0.0,false,, 1.0
2024-04-16 13:43:39 +0000,Barbell Shrug, 8,72.57486550970236,0.0,0.0,0.0,0.0,false,, 1.0
2024-04-16 13:43:39 +0000,Barbell Shrug, 8,72.57486550970236,0.0,0.0,0.0,0.0,false,, 1.0
2024-04-16 13:43:39 +0000,Barbell Shrug, 8,72.57486550970236,0.0,0.0,0.0,0.0,false,, 1.0
2024-04-16 13:43:39 +0000,Pull Up, 4,0.0,0.0,0.0,0.0,0.0,false,, 1.0
2024-04-16 13:43:39 +0000,Pull Up, 4,0.0,0.0,0.0,0.0,0.0,false,, 1.0
2024-04-16 13:43:39 +0000,Pull Up, 4,0.0,0.0,0.0,0.0,0.0,false,, 1.0
2024-04-16 13:43:39 +0000,Pull Up, 4,0.0,0.0,0.0,0.0,0.0,false,, 1.0
2024-04-16 13:43:39 +0000,Incline Hammer Curl, 12,9.071858188712795,0.0,0.0,0.0,0.0,false,, 2.0
2024-04-16 13:43:39 +0000,Incline Hammer Curl, 12,9.071858188712795,0.0,0.0,0.0,0.0,false,, 2.0
2024-04-16 13:43:39 +0000,Incline Hammer Curl, 12,9.071858188712795,0.0,0.0,0.0,0.0,false,, 2.0
2024-04-16 13:43:39 +0000,Lat Pulldown, 8,24.947610018960187,0.0,0.0,0.0,0.0,true,, 1.0
2024-04-16 13:43:39 +0000,Lat Pulldown, 5,38.55539730202938,0.0,0.0,0.0,0.0,false,, 1.0
2024-04-16 13:43:39 +0000,Lat Pulldown, 5,47.62725549074217,0.0,0.0,0.0,0.0,false,, 1.0
2024-04-16 13:43:39 +0000,Lat Pulldown, 10,56.69911367945497,0.0,0.0,0.0,0.0,false,, 1.0
2024-04-16 13:43:39 +0000,Lat Pulldown, 8,56.69911367945497,0.0,0.0,0.0,0.0,false,, 1.0
2024-04-15 14:03:34 +0000,Close-Grip Bench Press, 10,20.41168092460379,0.0,0.0,0.0,0.0,true,, 1.0
2024-04-15 14:03:34 +0000,Close-Grip Bench Press, 8,45.35929094356398,0.0,0.0,0.0,0.0,true,, 1.0
2024-04-15 14:03:34 +0000,Close-Grip Bench Press, 5,70.30690096252415,0.0,0.0,0.0,0.0,false,, 1.0
2024-04-15 14:03:34 +0000,Close-Grip Bench Press, 6,70.30690096252415,0.0,0.0,0.0,0.0,false,, 1.0
2024-04-15 14:03:34 +0000,Close-Grip Bench Press, 6,70.30690096252415,0.0,0.0,0.0,0.0,false,, 1.0
2024-04-15 14:03:34 +0000,Close-Grip Bench Press, 6,70.30690096252415,0.0,0.0,0.0,0.0,false,, 1.0
2024-04-15 14:03:34 +0000,Cable Lateral Raise, 10,5.669911367945497,0.0,0.0,0.0,0.0,false,, 2.0
2024-04-15 14:03:34 +0000,Cable Lateral Raise, 10,5.669911367945497,0.0,0.0,0.0,0.0,false,, 2.0
2024-04-15 14:03:34 +0000,Cable Lateral Raise, 10,5.669911367945497,0.0,0.0,0.0,0.0,false,, 2.0
2024-04-15 14:03:34 +0000,Dumbbell Bench Press, 8,19.27769865101469,0.0,0.0,0.0,0.0,true,, 2.0
2024-04-15 14:03:34 +0000,Dumbbell Bench Press, 8,22.67964547178199,0.0,0.0,0.0,0.0,false,, 2.0
2024-04-15 14:03:34 +0000,Dumbbell Bench Press, 7,24.947610018960187,0.0,0.0,0.0,0.0,false,, 2.0
2024-04-15 14:03:34 +0000,Dumbbell Bench Press, 8,24.947610018960187,0.0,0.0,0.0,0.0,false,, 2.0
2024-04-15 14:03:34 +0000,Dumbbell Bench Press, 8,24.947610018960187,0.0,0.0,0.0,0.0,false,, 2.0
2024-04-15 14:03:34 +0000,Skullcrusher, 8,22.67964547178199,0.0,0.0,0.0,0.0,false,, 1.0
2024-04-15 14:03:34 +0000,Skullcrusher, 8,22.67964547178199,0.0,0.0,0.0,0.0,false,, 1.0
2024-04-15 14:03:34 +0000,Skullcrusher, 10,22.67964547178199,0.0,0.0,0.0,0.0,false,, 1.0
2024-04-15 14:03:34 +0000,Skullcrusher, 10,22.67964547178199,0.0,0.0,0.0,0.0,false,, 1.0
2024-04-15 14:03:34 +0000,Hammerstrength Incline Chest Press, 9,24.947610018960187,0.0,0.0,0.0,0.0,false,, 2.0
2024-04-15 14:03:34 +0000,Hammerstrength Incline Chest Press, 8,24.947610018960187,0.0,0.0,0.0,0.0,false,, 2.0
2024-04-15 14:03:34 +0000,Hammerstrength Incline Chest Press, 8,24.947610018960187,0.0,0.0,0.0,0.0,false,, 2.0
2024-04-15 14:03:34 +0000,Hammerstrength Incline Chest Press, 8,24.947610018960187,0.0,0.0,0.0,0.0,false,, 2.0
2024-04-13 11:31:02 +0000,Barbell Incline Bench Press, 10,20.41168092460379,0.0,0.0,0.0,0.0,true,, 1.0
2024-04-13 11:31:02 +0000,Barbell Incline Bench Press, 5,36.28743275485118,0.0,0.0,0.0,0.0,true,, 1.0
2024-04-13 11:31:02 +0000,Barbell Incline Bench Press, 5,47.62725549074217,0.0,0.0,0.0,0.0,false,, 1.0
2024-04-13 11:31:02 +0000,Barbell Incline Bench Press, 5,56.69911367945497,0.0,0.0,0.0,0.0,false,, 1.0
2024-04-13 11:31:02 +0000,Barbell Incline Bench Press, 7,68.03893641534596,0.0,0.0,0.0,0.0,false,, 1.0
2024-04-13 11:31:02 +0000,Barbell Incline Bench Press, 5,68.03893641534596,0.0,0.0,0.0,0.0,false,, 1.0
2024-04-13 11:31:02 +0000,Dumbbell Shoulder Press, 8,18.14371637742559,0.0,0.0,0.0,0.0,false,, 2.0
2024-04-13 11:31:02 +0000,Dumbbell Shoulder Press, 8,18.14371637742559,0.0,0.0,0.0,0.0,false,, 2.0
2024-04-13 11:31:02 +0000,Dumbbell Shoulder Press, 8,18.14371637742559,0.0,0.0,0.0,0.0,false,, 2.0
2024-04-13 11:31:02 +0000,Dumbbell Shoulder Press, 8,18.14371637742559,0.0,0.0,0.0,0.0,false,, 2.0
2024-04-13 11:31:02 +0000,Dumbbell Skullcrusher, 10,9.071858188712795,0.0,0.0,0.0,0.0,false,, 2.0
2024-04-13 11:31:02 +0000,Dumbbell Skullcrusher, 10,9.071858188712795,0.0,0.0,0.0,0.0,false,, 2.0
2024-04-13 11:31:02 +0000,Dumbbell Skullcrusher, 10,9.071858188712795,0.0,0.0,0.0,0.0,false,, 2.0
2024-04-13 11:31:02 +0000,Dumbbell Skullcrusher, 10,9.071858188712795,0.0,0.0,0.0,0.0,false,, 2.0
2024-04-13 11:31:02 +0000,Decline Push Up, 7,0.0,0.0,0.0,0.0,0.0,false,, 1.0
2024-04-13 11:31:02 +0000,Decline Push Up, 8,0.0,0.0,0.0,0.0,0.0,false,, 1.0
2024-04-13 11:31:02 +0000,Decline Push Up, 8,0.0,0.0,0.0,0.0,0.0,false,, 1.0
2024-04-13 11:31:02 +0000,Decline Push Up, 7,0.0,0.0,0.0,0.0,0.0,false,, 1.0
2024-04-13 11:31:02 +0000,Dip, 4,0.0,0.0,0.0,0.0,0.0,false,, 1.0
2024-04-13 11:31:02 +0000,Dip, 5,0.0,0.0,0.0,0.0,0.0,false,, 1.0
2024-04-13 11:31:02 +0000,Dip, 5,0.0,0.0,0.0,0.0,0.0,false,, 1.0
2024-04-13 11:31:02 +0000,Dip, 6,0.0,0.0,0.0,0.0,0.0,false,, 1.0
2024-04-13 11:31:02 +0000,Dumbbell Fly, 4,13.607787283069193,0.0,0.0,0.0,0.0,false,, 2.0
2024-04-13 11:31:02 +0000,Dumbbell Fly, 4,13.607787283069193,0.0,0.0,0.0,0.0,false,, 2.0
2024-04-13 11:31:02 +0000,Dumbbell Fly, 4,13.607787283069193,0.0,0.0,0.0,0.0,false,, 2.0
2024-04-13 11:31:02 +0000,Dumbbell Fly, 4,13.607787283069193,0.0,0.0,0.0,0.0,false,, 2.0
2024-04-12 14:04:20 +0000,Pulse Back Squat, 10,20.41168092460379,0.0,0.0,0.0,0.0,true,, 1.0
2024-04-12 14:04:20 +0000,Pulse Back Squat, 5,34.01946820767298,0.0,0.0,0.0,0.0,false,, 1.0
2024-04-12 14:04:20 +0000,Pulse Back Squat, 5,43.091326396385774,0.0,0.0,0.0,0.0,false,, 1.0
2024-04-12 14:04:20 +0000,Pulse Back Squat, 15,52.16318458509857,0.0,0.0,0.0,0.0,false,, 1.0
2024-04-12 14:04:20 +0000,Pulse Back Squat, 12,61.235042773811365,0.0,0.0,0.0,0.0,false,, 1.0
2024-04-12 14:04:20 +0000,Lying Hamstrings Curl, 8,29.483539113316585,0.0,0.0,0.0,0.0,true,, 1.0
2024-04-12 14:04:20 +0000,Lying Hamstrings Curl, 10,49.895220037920375,0.0,0.0,0.0,0.0,false,, 1.0
2024-04-12 14:04:20 +0000,Lying Hamstrings Curl, 10,49.895220037920375,0.0,0.0,0.0,0.0,false,, 1.0
2024-04-12 14:04:20 +0000,Lying Hamstrings Curl, 10,49.895220037920375,0.0,0.0,0.0,0.0,false,, 1.0
2024-04-12 14:04:20 +0000,Lying Hamstrings Curl, 10,49.895220037920375,0.0,0.0,0.0,0.0,false,, 1.0
2024-04-12 14:04:20 +0000,Lying Hamstrings Curl, 10,49.895220037920375,0.0,0.0,0.0,0.0,false,, 1.0
2024-04-12 14:04:20 +0000,Cable Hip Extension, 15,4.535929094356398,0.0,0.0,0.0,0.0,false,, 2.0
2024-04-12 14:04:20 +0000,Cable Hip Extension, 15,6.8038936415345965,0.0,0.0,0.0,0.0,false,, 2.0
2024-04-12 14:04:20 +0000,Cable Hip Extension, 15,6.8038936415345965,0.0,0.0,0.0,0.0,false,, 2.0
2024-04-12 14:04:20 +0000,Dumbbell Squat, 14,13.607787283069193,0.0,0.0,0.0,0.0,false,, 2.0
2024-04-12 14:04:20 +0000,Dumbbell Squat, 20,13.607787283069193,0.0,0.0,0.0,0.0,false,, 2.0
2024-04-12 14:04:20 +0000,Seated Machine Calf Press, 12,56.69911367945497,0.0,0.0,0.0,0.0,false,, 1.0
2024-04-12 14:04:20 +0000,Seated Machine Calf Press, 12,56.69911367945497,0.0,0.0,0.0,0.0,false,, 1.0
2024-04-12 14:04:20 +0000,Seated Machine Calf Press, 12,56.69911367945497,0.0,0.0,0.0,0.0,false,, 1.0
2024-04-12 14:04:20 +0000,Seated Machine Calf Press, 12,56.69911367945497,0.0,0.0,0.0,0.0,false,, 1.0
2024-04-11 14:07:22 +0000,Barbell Curl, 10,13.607787283069193,0.0,0.0,0.0,0.0,false,, 1.0
2024-04-11 14:07:22 +0000,Barbell Curl, 10,22.67964547178199,0.0,0.0,0.0,0.0,false,, 1.0
2024-04-11 14:07:22 +0000,Barbell Curl, 10,22.67964547178199,0.0,0.0,0.0,0.0,false,, 1.0
2024-04-11 14:07:22 +0000,Barbell Curl, 10,22.67964547178199,0.0,0.0,0.0,0.0,false,, 1.0
2024-04-11 14:07:22 +0000,Barbell Curl, 10,22.67964547178199,0.0,0.0,0.0,0.0,false,, 1.0
2024-04-11 14:07:22 +0000,Hammerstrength Iso Row, 8,29.483539113316585,0.0,0.0,0.0,0.0,true,, 2.0
2024-04-11 14:07:22 +0000,Hammerstrength Iso Row, 8,47.62725549074217,0.0,0.0,0.0,0.0,false,, 2.0
2024-04-11 14:07:22 +0000,Hammerstrength Iso Row, 8,47.62725549074217,0.0,0.0,0.0,0.0,false,, 2.0
2024-04-11 14:07:22 +0000,Hammerstrength Iso Row, 8,47.62725549074217,0.0,0.0,0.0,0.0,false,, 2.0
2024-04-11 14:07:22 +0000,Hammerstrength Iso Row, 8,47.62725549074217,0.0,0.0,0.0,0.0,false,, 2.0
2024-04-11 14:07:22 +0000,Hammerstrength Iso Row, 8,47.62725549074217,0.0,0.0,0.0,0.0,false,, 2.0
2024-04-11 14:07:22 +0000,Bent Over Barbell Row, 10,20.41168092460379,0.0,0.0,0.0,0.0,true,, 1.0
2024-04-11 14:07:22 +0000,Bent Over Barbell Row, 5,38.55539730202938,0.0,0.0,0.0,0.0,true,, 1.0
2024-04-11 14:07:22 +0000,Bent Over Barbell Row, 8,52.16318458509857,0.0,0.0,0.0,0.0,false,, 1.0
2024-04-11 14:07:22 +0000,Bent Over Barbell Row, 8,52.16318458509857,0.0,0.0,0.0,0.0,false,, 1.0
2024-04-11 14:07:22 +0000,Bent Over Barbell Row, 8,52.16318458509857,0.0,0.0,0.0,0.0,false,, 1.0
2024-04-11 14:07:22 +0000,Bent Over Barbell Row, 8,52.16318458509857,0.0,0.0,0.0,0.0,false,, 1.0
2024-04-11 14:07:22 +0000,Dumbbell Bicep Curl, 14,9.071858188712795,0.0,0.0,0.0,0.0,false,, 2.0
2024-04-11 14:07:22 +0000,Dumbbell Bicep Curl, 14,9.071858188712795,0.0,0.0,0.0,0.0,false,, 2.0
2024-04-11 14:07:22 +0000,Dumbbell Bicep Curl, 10,11.339822735890994,0.0,0.0,0.0,0.0,false,, 2.0
2024-04-11 14:07:22 +0000,Dumbbell Upright Row, 11,13.607787283069193,0.0,0.0,0.0,0.0,false,, 2.0
2024-04-11 14:07:22 +0000,Dumbbell Upright Row, 11,13.607787283069193,0.0,0.0,0.0,0.0,false,, 2.0
2024-04-11 14:07:22 +0000,Dumbbell Upright Row, 11,13.607787283069193,0.0,0.0,0.0,0.0,false,, 2.0
2024-04-11 14:07:22 +0000,Incline EZ-Bar Curl, 8,18.14371637742559,0.0,0.0,0.0,0.0,false,, 1.0
2024-04-11 14:07:22 +0000,Incline EZ-Bar Curl, 8,18.14371637742559,0.0,0.0,0.0,0.0,false,, 1.0
2024-04-11 14:07:22 +0000,Incline EZ-Bar Curl, 10,18.14371637742559,0.0,0.0,0.0,0.0,false,, 1.0
2024-04-11 14:07:22 +0000,Incline EZ-Bar Curl, 10,18.14371637742559,0.0,0.0,0.0,0.0,false,, 1.0
2024-04-10 13:42:38 +0000,Dumbbell Incline Bench Press, 10,20.41168092460379,0.0,0.0,0.0,0.0,false,, 2.0
2024-04-10 13:42:38 +0000,Dumbbell Incline Bench Press, 10,20.41168092460379,0.0,0.0,0.0,0.0,false,, 2.0
2024-04-10 13:42:38 +0000,Dumbbell Incline Bench Press, 10,20.41168092460379,0.0,0.0,0.0,0.0,false,, 2.0
2024-04-10 13:42:38 +0000,Dumbbell Incline Bench Press, 10,20.41168092460379,0.0,0.0,0.0,0.0,false,, 2.0
2024-04-10 13:42:38 +0000,Cable Rope Tricep Extension, 12,20.41168092460379,0.0,0.0,0.0,0.0,false,, 1.0
2024-04-10 13:42:38 +0000,Cable Rope Tricep Extension, 12,20.41168092460379,0.0,0.0,0.0,0.0,false,, 1.0
2024-04-10 13:42:38 +0000,Cable Rope Tricep Extension, 12,20.41168092460379,0.0,0.0,0.0,0.0,false,, 1.0
2024-04-10 13:42:38 +0000,Cable Rope Tricep Extension, 12,20.41168092460379,0.0,0.0,0.0,0.0,false,, 1.0
2024-04-10 13:42:38 +0000,Cable Lateral Raise, 15,3.4019468207672983,0.0,0.0,0.0,0.0,false,, 2.0
2024-04-10 13:42:38 +0000,Cable Lateral Raise, 15,3.4019468207672983,0.0,0.0,0.0,0.0,false,, 2.0
2024-04-10 13:42:38 +0000,Cable Lateral Raise, 15,3.4019468207672983,0.0,0.0,0.0,0.0,false,, 2.0
2024-04-10 13:42:38 +0000,Cable Lateral Raise, 15,3.4019468207672983,0.0,0.0,0.0,0.0,false,, 2.0
2024-04-10 13:42:38 +0000,Hammerstrength Incline Chest Press, 12,22.67964547178199,0.0,0.0,0.0,0.0,false,, 2.0
2024-04-10 13:42:38 +0000,Hammerstrength Incline Chest Press, 12,22.67964547178199,0.0,0.0,0.0,0.0,false,, 2.0
2024-04-10 13:42:38 +0000,Hammerstrength Incline Chest Press, 12,22.67964547178199,0.0,0.0,0.0,0.0,false,, 2.0
2024-04-10 13:42:38 +0000,Hammerstrength Incline Chest Press, 12,22.67964547178199,0.0,0.0,0.0,0.0,false,, 2.0
2024-04-10 13:42:38 +0000,EZ-Bar Overhead Tricep Extension, 12,11.339822735890994,0.0,0.0,0.0,0.0,false,, 1.0
2024-04-10 13:42:38 +0000,EZ-Bar Overhead Tricep Extension, 12,11.339822735890994,0.0,0.0,0.0,0.0,false,, 1.0
2024-04-10 13:42:38 +0000,EZ-Bar Overhead Tricep Extension, 12,11.339822735890994,0.0,0.0,0.0,0.0,false,, 1.0
2024-04-10 13:42:38 +0000,EZ-Bar Overhead Tricep Extension, 12,11.339822735890994,0.0,0.0,0.0,0.0,false,, 1.0
2024-04-10 13:42:38 +0000,Leg Raise, 9,0.0,0.0,0.0,0.0,0.0,false,, 1.0
2024-04-10 13:42:38 +0000,Leg Raise, 9,0.0,0.0,0.0,0.0,0.0,false,, 1.0
2024-04-10 13:42:38 +0000,Leg Raise, 9,0.0,0.0,0.0,0.0,0.0,false,, 1.0
2024-04-09 13:41:58 +0000,Pulse Back Squat, 8,20.41168092460379,0.0,0.0,0.0,0.0,false,, 1.0
2024-04-09 13:41:58 +0000,Pulse Back Squat, 8,38.55539730202938,0.0,0.0,0.0,0.0,false,, 1.0
2024-04-09 13:41:58 +0000,Pulse Back Squat, 8,47.62725549074217,0.0,0.0,0.0,0.0,false,, 1.0
2024-04-09 13:41:58 +0000,Pulse Back Squat, 8,56.69911367945497,0.0,0.0,0.0,0.0,false,, 1.0
2024-04-09 13:41:58 +0000,Deadlift, 10,20.41168092460379,0.0,0.0,0.0,0.0,true,, 1.0
2024-04-09 13:41:58 +0000,Deadlift, 8,43.091326396385774,0.0,0.0,0.0,0.0,true,, 1.0
2024-04-09 13:41:58 +0000,Deadlift, 8,79.37875915123695,0.0,0.0,0.0,0.0,false,, 1.0
2024-04-09 13:41:58 +0000,Deadlift, 8,79.37875915123695,0.0,0.0,0.0,0.0,false,, 1.0
2024-04-09 13:41:58 +0000,Deadlift, 8,79.37875915123695,0.0,0.0,0.0,0.0,false,, 1.0
2024-04-09 13:41:58 +0000,Deadlift, 8,79.37875915123695,0.0,0.0,0.0,0.0,false,, 1.0
2024-04-09 13:41:58 +0000,Deadlift, 8,79.37875915123695,0.0,0.0,0.0,0.0,false,, 1.0
2024-04-09 13:41:58 +0000,Cable Pull Through, 12,20.41168092460379,0.0,0.0,0.0,0.0,false,, 1.0
2024-04-09 13:41:58 +0000,Cable Pull Through, 12,20.41168092460379,0.0,0.0,0.0,0.0,false,, 1.0
2024-04-09 13:41:58 +0000,Cable Pull Through, 12,23.813627745371086,0.0,0.0,0.0,0.0,false,, 1.0
2024-04-09 13:41:58 +0000,Cable Pull Through, 12,30.617521386905683,0.0,0.0,0.0,0.0,false,, 1.0
2024-04-09 13:41:58 +0000,Leg Press, 8,65.77097186816776,0.0,0.0,0.0,0.0,true,, 1.0
2024-04-09 13:41:58 +0000,Leg Press, 3,99.79044007584075,0.0,0.0,0.0,0.0,true,, 1.0
2024-04-09 13:41:58 +0000,Leg Press, 8,113.39822735890993,0.0,0.0,0.0,0.0,false,, 1.0
2024-04-09 13:41:58 +0000,Leg Press, 8,131.54194373633553,0.0,0.0,0.0,0.0,false,, 1.0
2024-04-09 13:41:58 +0000,Leg Press, 13,163.29344739683032,0.0,0.0,0.0,0.0,false,, 1.0
2024-04-09 13:41:58 +0000,Leg Press, 12,163.29344739683032,0.0,0.0,0.0,0.0,false,, 1.0
2024-04-08 14:09:44 +0000,Cable Row, 8,38.55539730202938,0.0,0.0,0.0,0.0,true,, 1.0
2024-04-08 14:09:44 +0000,Cable Row, 10,58.96707822663317,0.0,0.0,0.0,0.0,false,, 1.0
2024-04-08 14:09:44 +0000,Cable Row, 10,58.96707822663317,0.0,0.0,0.0,0.0,false,, 1.0
2024-04-08 14:09:44 +0000,Cable Row, 10,58.96707822663317,0.0,0.0,0.0,0.0,false,, 1.0
2024-04-08 14:09:44 +0000,Concentration Curl, 8,11.339822735890994,0.0,0.0,0.0,0.0,false,, 2.0
2024-04-08 14:09:44 +0000,Concentration Curl, 8,11.339822735890994,0.0,0.0,0.0,0.0,false,, 2.0
2024-04-08 14:09:44 +0000,Concentration Curl, 8,11.339822735890994,0.0,0.0,0.0,0.0,false,, 2.0
2024-04-08 14:09:44 +0000,Concentration Curl, 8,11.339822735890994,0.0,0.0,0.0,0.0,false,, 2.0
2024-04-08 14:09:44 +0000,Concentration Curl, 8,11.339822735890994,0.0,0.0,0.0,0.0,false,, 2.0
2024-04-08 14:09:44 +0000,Concentration Curl, 8,11.339822735890994,0.0,0.0,0.0,0.0,false,, 2.0
2024-04-08 14:09:44 +0000,Dumbbell Row, 9,22.67964547178199,0.0,0.0,0.0,0.0,false,, 2.0
2024-04-08 14:09:44 +0000,Dumbbell Row, 10,22.67964547178199,0.0,0.0,0.0,0.0,false,, 2.0
2024-04-08 14:09:44 +0000,Dumbbell Row, 10,22.67964547178199,0.0,0.0,0.0,0.0,false,, 2.0
2024-04-08 14:09:44 +0000,Incline Dumbbell Curl, 12,9.071858188712795,0.0,0.0,0.0,0.0,false,, 2.0
2024-04-08 14:09:44 +0000,Incline Dumbbell Curl, 12,9.071858188712795,0.0,0.0,0.0,0.0,false,, 2.0
2024-04-08 14:09:44 +0000,Machine Rear Delt Fly, 8,24.947610018960187,0.0,0.0,0.0,0.0,true,, 1.0
2024-04-08 14:09:44 +0000,Machine Rear Delt Fly, 8,40.82336184920758,0.0,0.0,0.0,0.0,false,, 1.0
2024-04-08 14:09:44 +0000,Machine Rear Delt Fly, 8,40.82336184920758,0.0,0.0,0.0,0.0,false,, 1.0
2024-04-08 14:09:44 +0000,Machine Rear Delt Fly, 8,40.82336184920758,0.0,0.0,0.0,0.0,false,, 1.0
2024-04-06 13:42:23 +0000,Shotgun Row, 8,22.67964547178199,0.0,0.0,0.0,0.0,false,, 2.0
2024-04-06 13:42:23 +0000,Shotgun Row, 8,22.67964547178199,0.0,0.0,0.0,0.0,false,, 2.0
2024-04-06 13:42:23 +0000,Shotgun Row, 8,22.67964547178199,0.0,0.0,0.0,0.0,false,, 2.0
2024-04-06 13:42:23 +0000,V-Bar Pulldown, 8,24.947610018960187,0.0,0.0,0.0,0.0,true,, 1.0
2024-04-06 13:42:23 +0000,V-Bar Pulldown, 12,40.82336184920758,0.0,0.0,0.0,0.0,false,, 1.0
2024-04-06 13:42:23 +0000,V-Bar Pulldown, 12,45.35929094356398,0.0,0.0,0.0,0.0,false,, 1.0
2024-04-06 13:42:23 +0000,V-Bar Pulldown, 12,45.35929094356398,0.0,0.0,0.0,0.0,false,, 1.0
2024-04-06 13:42:23 +0000,Preacher Curl, 15,15.87575183024739,0.0,0.0,0.0,0.0,false,, 1.0
2024-04-06 13:42:23 +0000,Preacher Curl, 15,15.87575183024739,0.0,0.0,0.0,0.0,false,, 1.0
2024-04-06 13:42:23 +0000,Preacher Curl, 15,15.87575183024739,0.0,0.0,0.0,0.0,false,, 1.0
2024-04-06 13:42:23 +0000,Hammerstrength Iso Row, 8,18.14371637742559,0.0,0.0,0.0,0.0,true,, 2.0
2024-04-06 13:42:23 +0000,Hammerstrength Iso Row, 8,29.483539113316585,0.0,0.0,0.0,0.0,false,, 2.0
2024-04-06 13:42:23 +0000,Hammerstrength Iso Row, 8,36.28743275485118,0.0,0.0,0.0,0.0,false,, 2.0
2024-04-06 13:42:23 +0000,Hammerstrength Iso Row, 10,43.091326396385774,0.0,0.0,0.0,0.0,false,, 2.0
2024-04-06 13:42:23 +0000,Hammerstrength Iso Row, 10,43.091326396385774,0.0,0.0,0.0,0.0,false,, 2.0
2024-04-06 13:42:23 +0000,Hammerstrength Shrug, 13,40.82336184920758,0.0,0.0,0.0,0.0,false,, 2.0
2024-04-06 13:42:23 +0000,Hammerstrength Shrug, 13,40.82336184920758,0.0,0.0,0.0,0.0,false,, 2.0
2024-04-06 13:42:23 +0000,Hammerstrength Shrug, 13,40.82336184920758,0.0,0.0,0.0,0.0,false,, 2.0
2024-04-06 13:42:23 +0000,Leg Pull-In, 12,0.0,0.0,0.0,0.0,0.0,false,, 1.0
2024-04-06 13:42:23 +0000,Leg Pull-In, 12,0.0,0.0,0.0,0.0,0.0,false,, 1.0
2024-04-06 13:42:23 +0000,Leg Pull-In, 12,0.0,0.0,0.0,0.0,0.0,false,, 1.0
2024-04-06 13:42:23 +0000,Superman, 12,0.0,0.0,0.0,0.0,0.0,false,, 1.0
2024-04-06 13:42:23 +0000,Superman, 12,0.0,0.0,0.0,0.0,0.0,false,, 1.0
2024-04-06 13:42:23 +0000,Superman, 12,0.0,0.0,0.0,0.0,0.0,false,, 1.0
2024-04-05 14:15:04 +0000,Close-Grip Bench Press, 10,20.41168092460379,0.0,0.0,0.0,0.0,true,, 1.0
2024-04-05 14:15:04 +0000,Close-Grip Bench Press, 5,34.01946820767298,0.0,0.0,0.0,0.0,true,, 1.0
2024-04-05 14:15:04 +0000,Close-Grip Bench Press, 6,45.35929094356398,0.0,0.0,0.0,0.0,false,, 1.0
2024-04-05 14:15:04 +0000,Close-Grip Bench Press, 6,56.69911367945497,0.0,0.0,0.0,0.0,false,, 1.0
2024-04-05 14:15:04 +0000,Close-Grip Bench Press, 8,65.77097186816776,0.0,0.0,0.0,0.0,false,, 1.0
2024-04-05 14:15:04 +0000,Close-Grip Bench Press, 7,65.77097186816776,0.0,0.0,0.0,0.0,false,, 1.0
2024-04-05 14:15:04 +0000,Push Press, 10,20.41168092460379,0.0,0.0,0.0,0.0,true,, 1.0
2024-04-05 14:15:04 +0000,Push Press, 6,38.55539730202938,0.0,0.0,0.0,0.0,false,, 1.0
2024-04-05 14:15:04 +0000,Push Press, 6,38.55539730202938,0.0,0.0,0.0,0.0,false,, 1.0
2024-04-05 14:15:04 +0000,Push Press, 6,38.55539730202938,0.0,0.0,0.0,0.0,false,, 1.0
2024-04-05 14:15:04 +0000,Push Press, 6,38.55539730202938,0.0,0.0,0.0,0.0,false,, 1.0
2024-04-05 14:15:04 +0000,Cable Crossover Fly, 10,13.607787283069193,0.0,0.0,0.0,0.0,false,, 2.0
2024-04-05 14:15:04 +0000,Cable Crossover Fly, 10,13.607787283069193,0.0,0.0,0.0,0.0,false,, 2.0
2024-04-05 14:15:04 +0000,Cable Crossover Fly, 10,11.339822735890994,0.0,0.0,0.0,0.0,false,, 2.0
2024-04-05 14:15:04 +0000,Cable Crossover Fly, 10,11.339822735890994,0.0,0.0,0.0,0.0,false,, 2.0
2024-04-05 14:15:04 +0000,Dumbbell Tricep Extension, 9,22.67964547178199,0.0,0.0,0.0,0.0,false,, 1.0
2024-04-05 14:15:04 +0000,Dumbbell Tricep Extension, 9,22.67964547178199,0.0,0.0,0.0,0.0,false,, 1.0
2024-04-05 14:15:04 +0000,Dumbbell Tricep Extension, 9,22.67964547178199,0.0,0.0,0.0,0.0,false,, 1.0
2024-04-05 14:15:04 +0000,Dumbbell Tricep Extension, 9,20.41168092460379,0.0,0.0,0.0,0.0,false,, 1.0
2024-04-05 14:15:04 +0000,Dumbbell Bench Press, 6,22.67964547178199,0.0,0.0,0.0,0.0,false,, 2.0
2024-04-05 14:15:04 +0000,Dumbbell Bench Press, 8,22.67964547178199,0.0,0.0,0.0,0.0,false,, 2.0
2024-04-05 14:15:04 +0000,Dumbbell Bench Press, 6,22.67964547178199,0.0,0.0,0.0,0.0,false,, 2.0
2024-04-05 14:15:04 +0000,Dumbbell Bench Press, 6,20.41168092460379,0.0,0.0,0.0,0.0,false,, 2.0
2024-04-05 14:15:04 +0000,Dumbbell Front Raise, 7,9.071858188712795,0.0,0.0,0.0,0.0,false,, 2.0
2024-04-05 14:15:04 +0000,Dumbbell Front Raise, 7,9.071858188712795,0.0,0.0,0.0,0.0,false,, 2.0
2024-04-05 14:15:04 +0000,Dumbbell Front Raise, 7,9.071858188712795,0.0,0.0,0.0,0.0,false,, 2.0
2024-04-05 14:15:04 +0000,Dumbbell Front Raise, 7,9.071858188712795,0.0,0.0,0.0,0.0,false,, 2.0
2024-04-05 14:15:04 +0000,Dumbbell Front Raise, 7,9.071858188712795,0.0,0.0,0.0,0.0,false,, 2.0
2024-04-04 14:03:51 +0000,Hack Squat, 8,58.96707822663317,0.0,0.0,0.0,0.0,true,, 1.0
2024-04-04 14:03:51 +0000,Hack Squat, 3,90.71858188712795,0.0,0.0,0.0,0.0,true,, 1.0
2024-04-04 14:03:51 +0000,Hack Squat, 6,102.05840462301894,0.0,0.0,0.0,0.0,false,, 1.0
2024-04-04 14:03:51 +0000,Hack Squat, 6,102.05840462301894,0.0,0.0,0.0,0.0,false,, 1.0
2024-04-04 14:03:51 +0000,Hack Squat, 6,102.05840462301894,0.0,0.0,0.0,0.0,false,, 1.0
2024-04-04 14:03:51 +0000,Hack Squat, 6,102.05840462301894,0.0,0.0,0.0,0.0,false,, 1.0
2024-04-04 14:03:51 +0000,Hip Thrust, 10,40.82336184920758,0.0,0.0,0.0,0.0,false,, 1.0
2024-04-04 14:03:51 +0000,Hip Thrust, 10,40.82336184920758,0.0,0.0,0.0,0.0,false,, 1.0
2024-04-04 14:03:51 +0000,Hip Thrust, 10,40.82336184920758,0.0,0.0,0.0,0.0,false,, 1.0
2024-04-04 14:03:51 +0000,Hip Thrust, 12,40.82336184920758,0.0,0.0,0.0,0.0,false,, 1.0
2024-04-04 14:03:51 +0000,Lying Hamstrings Curl, 8,34.01946820767298,0.0,0.0,0.0,0.0,true,, 1.0
2024-04-04 14:03:51 +0000,Lying Hamstrings Curl, 6,56.69911367945497,0.0,0.0,0.0,0.0,false,, 1.0
2024-04-04 14:03:51 +0000,Lying Hamstrings Curl, 6,56.69911367945497,0.0,0.0,0.0,0.0,false,, 1.0
2024-04-04 14:03:51 +0000,Lying Hamstrings Curl, 6,56.69911367945497,0.0,0.0,0.0,0.0,false,, 1.0
2024-04-04 14:03:51 +0000,Lying Hamstrings Curl, 6,56.69911367945497,0.0,0.0,0.0,0.0,false,, 1.0
2024-04-04 14:03:51 +0000,Bulgarian Split Squat, 10,20.41168092460379,0.0,0.0,0.0,0.0,false,, 2.0
2024-04-04 14:03:51 +0000,Bulgarian Split Squat, 10,20.41168092460379,0.0,0.0,0.0,0.0,false,, 2.0
2024-04-04 14:03:51 +0000,Bulgarian Split Squat, 10,20.41168092460379,0.0,0.0,0.0,0.0,false,, 2.0
2024-04-04 14:03:51 +0000,Standing Barbell Calf Raise, 8,102.05840462301894,0.0,0.0,0.0,0.0,false,, 1.0
2024-04-04 14:03:51 +0000,Standing Barbell Calf Raise, 8,102.05840462301894,0.0,0.0,0.0,0.0,false,, 1.0
2024-04-04 14:03:51 +0000,Standing Barbell Calf Raise, 8,102.05840462301894,0.0,0.0,0.0,0.0,false,, 1.0
2024-04-04 14:03:51 +0000,Standing Barbell Calf Raise, 8,102.05840462301894,0.0,0.0,0.0,0.0,false,, 1.0
2024-04-03 13:36:00 +0000,Cable Row, 10,31.75150366049478,0.0,0.0,0.0,0.0,true,, 1.0
2024-04-03 13:36:00 +0000,Cable Row, 10,54.43114913227677,0.0,0.0,0.0,0.0,false,, 1.0
2024-04-03 13:36:00 +0000,Cable Row, 10,54.43114913227677,0.0,0.0,0.0,0.0,false,, 1.0
2024-04-03 13:36:00 +0000,Cable Row, 10,54.43114913227677,0.0,0.0,0.0,0.0,false,, 1.0
2024-04-03 13:36:00 +0000,Cable Row, 10,54.43114913227677,0.0,0.0,0.0,0.0,false,, 1.0
2024-04-03 13:36:00 +0000,Cable Row, 10,54.43114913227677,0.0,0.0,0.0,0.0,false,, 1.0
2024-04-03 13:36:00 +0000,Hammerstrength Iso Row, 8,20.41168092460379,0.0,0.0,0.0,0.0,true,, 2.0
2024-04-03 13:36:00 +0000,Hammerstrength Iso Row, 10,40.82336184920758,0.0,0.0,0.0,0.0,false,, 2.0
2024-04-03 13:36:00 +0000,Hammerstrength Iso Row, 10,36.28743275485118,0.0,0.0,0.0,0.0,false,, 2.0
2024-04-03 13:36:00 +0000,Hammerstrength Iso Row, 10,36.28743275485118,0.0,0.0,0.0,0.0,false,, 2.0
2024-04-03 13:36:00 +0000,Hammerstrength Iso Row, 10,36.28743275485118,0.0,0.0,0.0,0.0,false,, 2.0
2024-04-03 13:36:00 +0000,Close-Grip EZ-Bar Curl, 12,13.607787283069193,0.0,0.0,0.0,0.0,false,, 1.0
2024-04-03 13:36:00 +0000,Close-Grip EZ-Bar Curl, 12,13.607787283069193,0.0,0.0,0.0,0.0,false,, 1.0
2024-04-03 13:36:00 +0000,Close-Grip EZ-Bar Curl, 12,13.607787283069193,0.0,0.0,0.0,0.0,false,, 1.0
2024-04-03 13:36:00 +0000,Incline EZ-Bar Curl, 12,13.607787283069193,0.0,0.0,0.0,0.0,false,, 1.0
2024-04-03 13:36:00 +0000,Incline EZ-Bar Curl, 12,13.607787283069193,0.0,0.0,0.0,0.0,false,, 1.0
2024-04-03 13:36:00 +0000,Incline EZ-Bar Curl, 12,13.607787283069193,0.0,0.0,0.0,0.0,false,, 1.0
2024-04-03 13:36:00 +0000,Upright Row, 10,29.483539113316585,0.0,0.0,0.0,0.0,false,, 1.0
2024-04-03 13:36:00 +0000,Upright Row, 10,29.483539113316585,0.0,0.0,0.0,0.0,false,, 1.0
2024-04-03 13:36:00 +0000,Upright Row, 10,24.947610018960187,0.0,0.0,0.0,0.0,false,, 1.0
2024-04-03 13:36:00 +0000,Upright Row, 10,24.947610018960187,0.0,0.0,0.0,0.0,false,, 1.0
2024-04-03 13:36:00 +0000,Bent Over Barbell Row, 10,20.41168092460379,0.0,0.0,0.0,0.0,true,, 1.0
2024-04-03 13:36:00 +0000,Bent Over Barbell Row, 5,38.55539730202938,0.0,0.0,0.0,0.0,false,, 1.0
2024-04-03 13:36:00 +0000,Bent Over Barbell Row, 5,45.35929094356398,0.0,0.0,0.0,0.0,false,, 1.0
2024-04-03 13:36:00 +0000,Bent Over Barbell Row, 5,54.43114913227677,0.0,0.0,0.0,0.0,false,, 1.0
2024-04-03 13:36:00 +0000,Bent Over Barbell Row, 5,54.43114913227677,0.0,0.0,0.0,0.0,false,, 1.0
2024-04-03 13:36:00 +0000,Lat Pulldown, 8,34.01946820767298,0.0,0.0,0.0,0.0,true,, 1.0
2024-04-03 13:36:00 +0000,Lat Pulldown, 5,54.43114913227677,0.0,0.0,0.0,0.0,false,, 1.0
2024-04-03 13:36:00 +0000,Lat Pulldown, 5,54.43114913227677,0.0,0.0,0.0,0.0,false,, 1.0
2024-04-03 13:36:00 +0000,Lat Pulldown, 5,54.43114913227677,0.0,0.0,0.0,0.0,false,, 1.0
2024-04-02 13:35:43 +0000,Standing Dumbbell Shoulder Press, 10,11.339822735890994,0.0,0.0,0.0,0.0,false,, 2.0
2024-04-02 13:35:43 +0000,Standing Dumbbell Shoulder Press, 10,11.339822735890994,0.0,0.0,0.0,0.0,false,, 2.0
2024-04-02 13:35:43 +0000,Standing Dumbbell Shoulder Press, 10,11.339822735890994,0.0,0.0,0.0,0.0,false,, 2.0
2024-04-02 13:35:43 +0000,Standing Dumbbell Shoulder Press, 10,11.339822735890994,0.0,0.0,0.0,0.0,false,, 2.0
2024-04-02 13:35:43 +0000,Standing Dumbbell Shoulder Press, 10,11.339822735890994,0.0,0.0,0.0,0.0,false,, 2.0
2024-04-02 13:35:43 +0000,Tricep Push Up, 7,0.0,0.0,0.0,0.0,0.0,false,, 1.0
2024-04-02 13:35:43 +0000,Tricep Push Up, 7,0.0,0.0,0.0,0.0,0.0,false,, 1.0
2024-04-02 13:35:43 +0000,Tricep Push Up, 7,0.0,0.0,0.0,0.0,0.0,false,, 1.0
2024-04-02 13:35:43 +0000,Tricep Push Up, 7,0.0,0.0,0.0,0.0,0.0,false,, 1.0
2024-04-02 13:35:43 +0000,Barbell Decline Bench Press, 10,20.41168092460379,0.0,0.0,0.0,0.0,true,, 1.0
2024-04-02 13:35:43 +0000,Barbell Decline Bench Press, 5,43.091326396385774,0.0,0.0,0.0,0.0,true,, 1.0
2024-04-02 13:35:43 +0000,Barbell Decline Bench Press, 10,54.43114913227677,0.0,0.0,0.0,0.0,false,, 1.0
2024-04-02 13:35:43 +0000,Barbell Decline Bench Press, 10,54.43114913227677,0.0,0.0,0.0,0.0,false,, 1.0
2024-04-02 13:35:43 +0000,Barbell Decline Bench Press, 10,54.43114913227677,0.0,0.0,0.0,0.0,false,, 1.0
2024-04-02 13:35:43 +0000,Barbell Decline Bench Press, 10,54.43114913227677,0.0,0.0,0.0,0.0,false,, 1.0
2024-04-02 13:35:43 +0000,Dumbbell Skullcrusher, 8,11.339822735890994,0.0,0.0,0.0,0.0,false,, 2.0
2024-04-02 13:35:43 +0000,Dumbbell Skullcrusher, 8,11.339822735890994,0.0,0.0,0.0,0.0,false,, 2.0
2024-04-02 13:35:43 +0000,Dumbbell Skullcrusher, 8,11.339822735890994,0.0,0.0,0.0,0.0,false,, 2.0
2024-04-02 13:35:43 +0000,Dumbbell Skullcrusher, 8,11.339822735890994,0.0,0.0,0.0,0.0,false,, 2.0
2024-04-02 13:35:43 +0000,Hammer Curls, 10,11.339822735890994,0.0,0.0,0.0,0.0,false,, 2.0
2024-04-02 13:35:43 +0000,Hammer Curls, 10,11.339822735890994,0.0,0.0,0.0,0.0,false,, 2.0
2024-04-02 13:35:43 +0000,Hammer Curls, 10,11.339822735890994,0.0,0.0,0.0,0.0,false,, 2.0
2024-04-02 13:35:43 +0000,Hammer Curls, 10,11.339822735890994,0.0,0.0,0.0,0.0,false,, 2.0
2024-04-02 13:35:43 +0000,Hammerstrength Chest Press, 8,15.87575183024739,0.0,0.0,0.0,0.0,true,, 2.0
2024-04-02 13:35:43 +0000,Hammerstrength Chest Press, 4,31.75150366049478,0.0,0.0,0.0,0.0,false,, 2.0
2024-04-02 13:35:43 +0000,Hammerstrength Chest Press, 4,31.75150366049478,0.0,0.0,0.0,0.0,false,, 2.0
2024-04-02 13:35:43 +0000,Hammerstrength Chest Press, 4,31.75150366049478,0.0,0.0,0.0,0.0,false,, 2.0
2024-04-02 13:35:43 +0000,Hammerstrength Chest Press, 4,31.75150366049478,0.0,0.0,0.0,0.0,false,, 2.0
2024-04-01 14:12:25 +0000,Front Squat, 10,20.41168092460379,0.0,0.0,0.0,0.0,true,, 1.0
2024-04-01 14:12:25 +0000,Front Squat, 5,34.01946820767298,0.0,0.0,0.0,0.0,true,, 1.0
2024-04-01 14:12:25 +0000,Front Squat, 6,47.62725549074217,0.0,0.0,0.0,0.0,false,, 1.0
2024-04-01 14:12:25 +0000,Front Squat, 6,56.69911367945497,0.0,0.0,0.0,0.0,false,, 1.0
2024-04-01 14:12:25 +0000,Front Squat, 6,65.77097186816776,0.0,0.0,0.0,0.0,false,, 1.0
2024-04-01 14:12:25 +0000,Front Squat, 6,65.77097186816776,0.0,0.0,0.0,0.0,false,, 1.0
2024-04-01 14:12:25 +0000,Good Morning, 10,29.483539113316585,0.0,0.0,0.0,0.0,true,, 1.0
2024-04-01 14:12:25 +0000,Good Morning, 13,29.483539113316585,0.0,0.0,0.0,0.0,false,, 1.0
2024-04-01 14:12:25 +0000,Good Morning, 13,29.483539113316585,0.0,0.0,0.0,0.0,false,, 1.0
2024-04-01 14:12:25 +0000,Good Morning, 13,29.483539113316585,0.0,0.0,0.0,0.0,false,, 1.0
2024-04-01 14:12:25 +0000,Good Morning, 13,29.483539113316585,0.0,0.0,0.0,0.0,false,, 1.0
2024-04-01 14:12:25 +0000,Barbell Step Up, 5,29.483539113316585,0.0,0.0,0.0,0.0,false,, 2.0
2024-04-01 14:12:25 +0000,Barbell Step Up, 5,29.483539113316585,0.0,0.0,0.0,0.0,false,, 2.0
2024-04-01 14:12:25 +0000,Barbell Step Up, 5,29.483539113316585,0.0,0.0,0.0,0.0,false,, 2.0
2024-04-01 14:12:25 +0000,Barbell Step Up, 5,29.483539113316585,0.0,0.0,0.0,0.0,false,, 2.0
2024-04-01 14:12:25 +0000,Standing Machine Calf Press, 12,77.11079460405875,0.0,0.0,0.0,0.0,false,, 1.0
2024-04-01 14:12:25 +0000,Standing Machine Calf Press, 12,77.11079460405875,0.0,0.0,0.0,0.0,false,, 1.0
2024-04-01 14:12:25 +0000,Standing Machine Calf Press, 12,86.18265279277155,0.0,0.0,0.0,0.0,false,, 1.0
2024-04-01 14:12:25 +0000,Standing Machine Calf Press, 12,90.71858188712795,0.0,0.0,0.0,0.0,false,, 1.0
2024-04-01 14:12:25 +0000,Back Extensions, 11,0.0,0.0,0.0,0.0,0.0,false,, 1.0
2024-04-01 14:12:25 +0000,Back Extensions, 11,0.0,0.0,0.0,0.0,0.0,false,, 1.0
2024-04-01 14:12:25 +0000,Back Extensions, 11,0.0,0.0,0.0,0.0,0.0,false,, 1.0
2024-04-01 14:12:25 +0000,Back Extensions, 11,0.0,0.0,0.0,0.0,0.0,false,, 1.0
2024-03-30 13:18:38 +0000,Lying Hamstrings Curl, 8,20.41168092460379,0.0,0.0,0.0,0.0,true,, 1.0
2024-03-30 13:18:38 +0000,Lying Hamstrings Curl, 15,34.01946820767298,0.0,0.0,0.0,0.0,false,, 1.0
2024-03-30 13:18:38 +0000,Lying Hamstrings Curl, 15,38.55539730202938,0.0,0.0,0.0,0.0,false,, 1.0
2024-03-30 13:18:38 +0000,Lying Hamstrings Curl, 15,40.82336184920758,0.0,0.0,0.0,0.0,false,, 1.0
2024-03-30 13:18:38 +0000,Front Squat, 10,20.41168092460379,0.0,0.0,0.0,0.0,true,, 1.0
2024-03-30 13:18:38 +0000,Front Squat, 8,40.82336184920758,0.0,0.0,0.0,0.0,false,, 1.0
2024-03-30 13:18:38 +0000,Front Squat, 8,40.82336184920758,0.0,0.0,0.0,0.0,false,, 1.0
2024-03-30 13:18:38 +0000,Front Squat, 8,40.82336184920758,0.0,0.0,0.0,0.0,false,, 1.0
2024-03-30 13:18:38 +0000,Front Squat, 8,40.82336184920758,0.0,0.0,0.0,0.0,false,, 1.0
2024-03-30 13:18:38 +0000,Standing Barbell Calf Raise, 8,63.50300732098956,0.0,0.0,0.0,0.0,false,, 1.0
2024-03-30 13:18:38 +0000,Standing Barbell Calf Raise, 8,63.50300732098956,0.0,0.0,0.0,0.0,false,, 1.0
2024-03-30 13:18:38 +0000,Standing Barbell Calf Raise, 8,63.50300732098956,0.0,0.0,0.0,0.0,false,, 1.0
2024-03-30 13:18:38 +0000,Standing Barbell Calf Raise, 8,63.50300732098956,0.0,0.0,0.0,0.0,false,, 1.0
2024-03-30 13:18:38 +0000,Kneeling Squat, 11,0.0,0.0,0.0,0.0,0.0,false,, 1.0
2024-03-30 13:18:38 +0000,Kneeling Squat, 11,0.0,0.0,0.0,0.0,0.0,false,, 1.0
2024-03-30 13:18:38 +0000,Kneeling Squat, 11,0.0,0.0,0.0,0.0,0.0,false,, 1.0
2024-03-30 13:18:38 +0000,Bicycle Crunch, 11,0.0,0.0,0.0,0.0,0.0,false,, 2.0
2024-03-30 13:18:38 +0000,Bicycle Crunch, 11,0.0,0.0,0.0,0.0,0.0,false,, 2.0
2024-03-30 13:18:38 +0000,Bicycle Crunch, 11,0.0,0.0,0.0,0.0,0.0,false,, 2.0
2024-03-30 13:18:38 +0000,Bicycle Crunch, 11,0.0,0.0,0.0,0.0,0.0,false,, 2.0
2024-03-30 13:18:38 +0000,Crunches, 10,0.0,0.0,0.0,0.0,0.0,false,, 1.0
2024-03-30 13:18:38 +0000,Crunches, 10,0.0,0.0,0.0,0.0,0.0,false,, 1.0
2024-03-30 13:18:38 +0000,Crunches, 10,0.0,0.0,0.0,0.0,0.0,false,, 1.0
2024-03-30 13:18:38 +0000,Crunches, 10,0.0,0.0,0.0,0.0,0.0,false,, 1.0
2024-03-30 13:18:38 +0000,Cable Pull Through, 10,19.27769865101469,0.0,0.0,0.0,0.0,false,, 1.0
2024-03-30 13:18:38 +0000,Cable Pull Through, 10,19.27769865101469,0.0,0.0,0.0,0.0,false,, 1.0
2024-03-30 13:18:38 +0000,Cable Pull Through, 10,22.67964547178199,0.0,0.0,0.0,0.0,false,, 1.0
2024-03-29 14:09:54 +0000,Chin Up, 4,0.0,0.0,0.0,0.0,0.0,false,, 1.0
2024-03-29 14:09:54 +0000,Chin Up, 4,0.0,0.0,0.0,0.0,0.0,false,, 1.0
2024-03-29 14:09:54 +0000,Chin Up, 4,0.0,0.0,0.0,0.0,0.0,false,, 1.0
2024-03-29 14:09:54 +0000,Machine Bicep Curl, 8,15.87575183024739,0.0,0.0,0.0,0.0,true,, 1.0
2024-03-29 14:09:54 +0000,Machine Bicep Curl, 8,24.947610018960187,0.0,0.0,0.0,0.0,false,, 1.0
2024-03-29 14:09:54 +0000,Machine Bicep Curl, 8,31.75150366049478,0.0,0.0,0.0,0.0,false,, 1.0
2024-03-29 14:09:54 +0000,Machine Bicep Curl, 8,38.55539730202938,0.0,0.0,0.0,0.0,false,, 1.0
2024-03-29 14:09:54 +0000,Machine Bicep Curl, 8,38.55539730202938,0.0,0.0,0.0,0.0,false,, 1.0
2024-03-29 14:09:54 +0000,Dumbbell Row, 8,19.27769865101469,0.0,0.0,0.0,0.0,true,, 2.0
2024-03-29 14:09:54 +0000,Dumbbell Row, 7,24.947610018960187,0.0,0.0,0.0,0.0,false,, 2.0
2024-03-29 14:09:54 +0000,Dumbbell Row, 7,22.67964547178199,0.0,0.0,0.0,0.0,false,, 2.0
2024-03-29 14:09:54 +0000,Dumbbell Row, 8,22.67964547178199,0.0,0.0,0.0,0.0,false,, 2.0
2024-03-29 14:09:54 +0000,Hammerstrength High Row, 15,20.41168092460379,0.0,0.0,0.0,0.0,false,, 2.0
2024-03-29 14:09:54 +0000,Hammerstrength High Row, 15,20.41168092460379,0.0,0.0,0.0,0.0,false,, 2.0
2024-03-29 14:09:54 +0000,Hammerstrength High Row, 15,20.41168092460379,0.0,0.0,0.0,0.0,false,, 2.0
2024-03-29 14:09:54 +0000,Seated Dumbbell Curl, 10,9.071858188712795,0.0,0.0,0.0,0.0,false,, 2.0
2024-03-29 14:09:54 +0000,Seated Dumbbell Curl, 10,9.071858188712795,0.0,0.0,0.0,0.0,false,, 2.0
2024-03-29 14:09:54 +0000,Seated Dumbbell Curl, 10,9.071858188712795,0.0,0.0,0.0,0.0,false,, 2.0
2024-03-29 14:09:54 +0000,Dumbbell Shrug, 15,22.67964547178199,0.0,0.0,0.0,0.0,false,, 2.0
2024-03-29 14:09:54 +0000,Dumbbell Shrug, 15,22.67964547178199,0.0,0.0,0.0,0.0,false,, 2.0
2024-03-29 14:09:54 +0000,Dumbbell Shrug, 15,22.67964547178199,0.0,0.0,0.0,0.0,false,, 2.0
2024-03-28 14:02:37 +0000,Close-Grip Bench Press, 10,20.41168092460379,0.0,0.0,0.0,0.0,true,, 1.0
2024-03-28 14:02:37 +0000,Close-Grip Bench Press, 8,43.09132639638577,0.0,0.0,0.0,0.0,true,, 1.0
2024-03-28 14:02:37 +0000,Close-Grip Bench Press, 6,61.235042773811365,0.0,0.0,0.0,0.0,false,, 1.0
2024-03-28 14:02:37 +0000,Close-Grip Bench Press, 6,61.235042773811365,0.0,0.0,0.0,0.0,false,, 1.0
2024-03-28 14:02:37 +0000,Close-Grip Bench Press, 6,61.235042773811365,0.0,0.0,0.0,0.0,false,, 1.0
2024-03-28 14:02:37 +0000,Close-Grip Bench Press, 6,61.235042773811365,0.0,0.0,0.0,0.0,false,, 1.0
2024-03-28 14:02:37 +0000,Close-Grip Bench Press, 7,61.235042773811365,0.0,0.0,0.0,0.0,false,, 1.0
2024-03-28 14:02:37 +0000,Barbell Shoulder Press, 10,20.41168092460379,0.0,0.0,0.0,0.0,true,, 1.0
2024-03-28 14:02:37 +0000,Barbell Shoulder Press, 10,29.483539113316585,0.0,0.0,0.0,0.0,false,, 1.0
2024-03-28 14:02:37 +0000,Barbell Shoulder Press, 10,29.483539113316585,0.0,0.0,0.0,0.0,false,, 1.0
2024-03-28 14:02:37 +0000,Barbell Shoulder Press, 10,29.483539113316585,0.0,0.0,0.0,0.0,false,, 1.0
2024-03-28 14:02:37 +0000,Hammerstrength Decline Chest Press, 8,22.67964547178199,0.0,0.0,0.0,0.0,true,, 2.0
2024-03-28 14:02:37 +0000,Hammerstrength Decline Chest Press, 8,40.82336184920758,0.0,0.0,0.0,0.0,false,, 2.0
2024-03-28 14:02:37 +0000,Hammerstrength Decline Chest Press, 8,40.82336184920758,0.0,0.0,0.0,0.0,false,, 2.0
2024-03-28 14:02:37 +0000,Hammerstrength Decline Chest Press, 8,40.82336184920758,0.0,0.0,0.0,0.0,false,, 2.0
2024-03-28 14:02:37 +0000,Cable Rope Tricep Extension, 8,15.87575183024739,0.0,0.0,0.0,0.0,true,, 1.0
2024-03-28 14:02:37 +0000,Cable Rope Tricep Extension, 8,22.67964547178199,0.0,0.0,0.0,0.0,false,, 1.0
2024-03-28 14:02:37 +0000,Cable Rope Tricep Extension, 8,22.67964547178199,0.0,0.0,0.0,0.0,false,, 1.0
2024-03-28 14:02:37 +0000,Cable Rope Tricep Extension, 8,23.813627745371086,0.0,0.0,0.0,0.0,false,, 1.0
2024-03-28 14:02:37 +0000,Cable Rope Tricep Extension, 8,23.813627745371086,0.0,0.0,0.0,0.0,false,, 1.0
2024-03-27 14:18:18 +0000,Romanian Deadlift, 10,20.41168092460379,0.0,0.0,0.0,0.0,true,, 1.0
2024-03-27 14:18:18 +0000,Romanian Deadlift, 8,43.09132639638577,0.0,0.0,0.0,0.0,true,, 1.0
2024-03-27 14:18:18 +0000,Romanian Deadlift, 6,61.235042773811365,0.0,0.0,0.0,0.0,false,, 1.0
2024-03-27 14:18:18 +0000,Romanian Deadlift, 6,61.235042773811365,0.0,0.0,0.0,0.0,false,, 1.0
2024-03-27 14:18:18 +0000,Romanian Deadlift, 6,70.30690096252415,0.0,0.0,0.0,0.0,false,, 1.0
2024-03-27 14:18:18 +0000,Romanian Deadlift, 6,70.30690096252415,0.0,0.0,0.0,0.0,false,, 1.0
2024-03-27 14:18:18 +0000,Romanian Deadlift, 6,70.30690096252415,0.0,0.0,0.0,0.0,false,, 1.0
2024-03-27 14:18:18 +0000,Hack Squat, 8,38.55539730202938,0.0,0.0,0.0,0.0,true,, 1.0
2024-03-27 14:18:18 +0000,Hack Squat, 5,56.69911367945497,0.0,0.0,0.0,0.0,false,, 1.0
2024-03-27 14:18:18 +0000,Hack Squat, 5,56.69911367945497,0.0,0.0,0.0,0.0,false,, 1.0
2024-03-27 14:18:18 +0000,Hack Squat, 5,56.69911367945497,0.0,0.0,0.0,0.0,false,, 1.0
2024-03-27 14:18:18 +0000,Leg Press, 8,65.77097186816776,0.0,0.0,0.0,0.0,true,, 1.0
2024-03-27 14:18:18 +0000,Leg Press, 3,97.52247552866254,0.0,0.0,0.0,0.0,true,, 1.0
2024-03-27 14:18:18 +0000,Leg Press, 5,167.8293764911867,0.0,0.0,0.0,0.0,false,, 1.0
2024-03-27 14:18:18 +0000,Leg Press, 5,167.8293764911867,0.0,0.0,0.0,0.0,false,, 1.0
2024-03-27 14:18:18 +0000,Leg Press, 5,167.8293764911867,0.0,0.0,0.0,0.0,false,, 1.0
2024-03-27 14:18:18 +0000,Leg Press, 5,167.8293764911867,0.0,0.0,0.0,0.0,false,, 1.0
2024-03-27 14:18:18 +0000,Seated Leg Curl, 12,40.82336184920758,0.0,0.0,0.0,0.0,false,, 1.0
2024-03-27 14:18:18 +0000,Seated Leg Curl, 12,40.82336184920758,0.0,0.0,0.0,0.0,false,, 1.0
2024-03-27 14:18:18 +0000,Seated Leg Curl, 12,40.82336184920758,0.0,0.0,0.0,0.0,false,, 1.0
2024-03-26 14:08:57 +0000,Pull Up, 4,0.0,0.0,0.0,0.0,0.0,false,, 1.0
2024-03-26 14:08:57 +0000,Pull Up, 4,0.0,0.0,0.0,0.0,0.0,false,, 1.0
2024-03-26 14:08:57 +0000,Pull Up, 4,0.0,0.0,0.0,0.0,0.0,false,, 1.0
2024-03-26 14:08:57 +0000,Bent Over Barbell Row, 10,20.41168092460379,0.0,0.0,0.0,0.0,true,, 1.0
2024-03-26 14:08:57 +0000,Bent Over Barbell Row, 5,34.01946820767298,0.0,0.0,0.0,0.0,true,, 1.0
2024-03-26 14:08:57 +0000,Bent Over Barbell Row, 10,43.091326396385774,0.0,0.0,0.0,0.0,false,, 1.0
2024-03-26 14:08:57 +0000,Bent Over Barbell Row, 10,43.091326396385774,0.0,0.0,0.0,0.0,false,, 1.0
2024-03-26 14:08:57 +0000,Bent Over Barbell Row, 10,43.091326396385774,0.0,0.0,0.0,0.0,false,, 1.0
2024-03-26 14:08:57 +0000,Bent Over Barbell Row, 10,43.091326396385774,0.0,0.0,0.0,0.0,false,, 1.0
2024-03-26 14:08:57 +0000,EZ-Bar Curl, 10,20.41168092460379,0.0,0.0,0.0,0.0,false,, 1.0
2024-03-26 14:08:57 +0000,EZ-Bar Curl, 10,20.41168092460379,0.0,0.0,0.0,0.0,false,, 1.0
2024-03-26 14:08:57 +0000,EZ-Bar Curl, 10,20.41168092460379,0.0,0.0,0.0,0.0,false,, 1.0
2024-03-26 14:08:57 +0000,EZ-Bar Curl, 10,20.41168092460379,0.0,0.0,0.0,0.0,false,, 1.0
2024-03-26 14:08:57 +0000,Reverse Barbell Curl, 15,11.339822735890994,0.0,0.0,0.0,0.0,false,, 1.0
2024-03-26 14:08:57 +0000,Reverse Barbell Curl, 15,11.339822735890994,0.0,0.0,0.0,0.0,false,, 1.0
2024-03-26 14:08:57 +0000,Hammerstrength Shrug, 10,40.82336184920758,0.0,0.0,0.0,0.0,false,, 2.0
2024-03-26 14:08:57 +0000,Hammerstrength Shrug, 10,40.82336184920758,0.0,0.0,0.0,0.0,false,, 2.0
2024-03-26 14:08:57 +0000,Hammerstrength Shrug, 10,40.82336184920758,0.0,0.0,0.0,0.0,false,, 2.0
2024-03-26 14:08:57 +0000,Hammerstrength Shrug, 10,40.82336184920758,0.0,0.0,0.0,0.0,false,, 2.0
2024-03-25 14:01:16 +0000,Barbell Bench Press, 10,20.41168092460379,0.0,0.0,0.0,0.0,true,, 1.0
2024-03-25 14:01:16 +0000,Barbell Bench Press, 5,43.091326396385774,0.0,0.0,0.0,0.0,true,, 1.0
2024-03-25 14:01:16 +0000,Barbell Bench Press, 8,61.235042773811365,0.0,0.0,0.0,0.0,false,, 1.0
2024-03-25 14:01:16 +0000,Barbell Bench Press, 8,61.235042773811365,0.0,0.0,0.0,0.0,false,, 1.0
2024-03-25 14:01:16 +0000,Barbell Bench Press, 8,61.235042773811365,0.0,0.0,0.0,0.0,false,, 1.0
2024-03-25 14:01:16 +0000,Barbell Bench Press, 10,61.235042773811365,0.0,0.0,0.0,0.0,false,, 1.0
2024-03-25 14:01:16 +0000,Dumbbell Decline Bench Press, 8,15.87575183024739,0.0,0.0,0.0,0.0,true,, 2.0
2024-03-25 14:01:16 +0000,Dumbbell Decline Bench Press, 9,18.14371637742559,0.0,0.0,0.0,0.0,false,, 2.0
2024-03-25 14:01:16 +0000,Dumbbell Decline Bench Press, 9,18.14371637742559,0.0,0.0,0.0,0.0,false,, 2.0
2024-03-25 14:01:16 +0000,Dumbbell Decline Bench Press, 9,18.14371637742559,0.0,0.0,0.0,0.0,false,, 2.0
2024-03-25 14:01:16 +0000,Dumbbell Decline Bench Press, 9,18.14371637742559,0.0,0.0,0.0,0.0,false,, 2.0
2024-03-25 14:01:16 +0000,Dumbbell Rear Delt Raise, 14,6.8038936415345965,0.0,0.0,0.0,0.0,false,, 2.0
2024-03-25 14:01:16 +0000,Dumbbell Rear Delt Raise, 14,6.8038936415345965,0.0,0.0,0.0,0.0,false,, 2.0
2024-03-25 14:01:16 +0000,Dumbbell Rear Delt Raise, 14,6.8038936415345965,0.0,0.0,0.0,0.0,false,, 2.0
2024-03-25 14:01:16 +0000,Dumbbell Rear Delt Raise, 14,6.8038936415345965,0.0,0.0,0.0,0.0,false,, 2.0
2024-03-25 14:01:16 +0000,Skullcrusher, 7,27.215574566138386,0.0,0.0,0.0,0.0,false,, 1.0
2024-03-25 14:01:16 +0000,Skullcrusher, 7,27.215574566138386,0.0,0.0,0.0,0.0,false,, 1.0
2024-03-25 14:01:16 +0000,Skullcrusher, 7,27.215574566138386,0.0,0.0,0.0,0.0,false,, 1.0
2024-03-25 14:01:16 +0000,Skullcrusher, 7,22.67964547178199,0.0,0.0,0.0,0.0,false,, 1.0
2024-03-25 14:01:16 +0000,Push Up, 7,0.0,0.0,0.0,0.0,0.0,false,, 1.0
2024-03-25 14:01:16 +0000,Push Up, 7,0.0,0.0,0.0,0.0,0.0,false,, 1.0
2024-03-25 14:01:16 +0000,Push Up, 7,0.0,0.0,0.0,0.0,0.0,false,, 1.0
2024-03-25 14:01:16 +0000,Push Up, 7,0.0,0.0,0.0,0.0,0.0,false,, 1.0
2024-03-25 14:01:16 +0000,Face Down Plate Neck Resistance, 15,2.267964547178199,0.0,0.0,0.0,0.0,false,, 1.0
2024-03-25 14:01:16 +0000,Face Down Plate Neck Resistance, 15,2.267964547178199,0.0,0.0,0.0,0.0,false,, 1.0
2024-03-25 14:01:16 +0000,Face Down Plate Neck Resistance, 15,2.267964547178199,0.0,0.0,0.0,0.0,false,, 1.0
2024-03-25 14:01:16 +0000,Face Down Plate Neck Resistance, 15,2.267964547178199,0.0,0.0,0.0,0.0,false,, 1.0
2024-03-23 21:32:56 +0000,Dumbbell Shoulder Press, 9,18.14371637742559,0.0,0.0,0.0,0.0,false,, 2.0
2024-03-23 21:32:56 +0000,Dumbbell Shoulder Press, 9,18.14371637742559,0.0,0.0,0.0,0.0,false,, 2.0
2024-03-23 21:32:56 +0000,Dumbbell Shoulder Press, 9,18.14371637742559,0.0,0.0,0.0,0.0,false,, 2.0
2024-03-23 21:32:56 +0000,Hip Thrust, 19,0.0,0.0,0.0,0.0,0.0,false,, 1.0
2024-03-23 21:32:56 +0000,Hip Thrust, 19,0.0,0.0,0.0,0.0,0.0,false,, 1.0
2024-03-23 21:32:56 +0000,Hip Thrust, 19,0.0,0.0,0.0,0.0,0.0,false,, 1.0
2024-03-23 21:32:56 +0000,Hip Thrust, 19,0.0,0.0,0.0,0.0,0.0,false,, 1.0
2024-03-23 21:32:56 +0000,Hip Thrust, 19,0.0,0.0,0.0,0.0,0.0,false,, 1.0
2024-03-23 21:32:56 +0000,Barbell Curl, 15,18.14371637742559,0.0,0.0,0.0,0.0,false,, 1.0
2024-03-23 21:32:56 +0000,Barbell Curl, 15,18.14371637742559,0.0,0.0,0.0,0.0,false,, 1.0
2024-03-23 21:32:56 +0000,Barbell Curl, 15,18.14371637742559,0.0,0.0,0.0,0.0,false,, 1.0
2024-03-23 21:32:56 +0000,Barbell Curl, 15,18.14371637742559,0.0,0.0,0.0,0.0,false,, 1.0
2024-03-23 21:32:56 +0000,Barbell Curl, 15,18.14371637742559,0.0,0.0,0.0,0.0,false,, 1.0
2024-03-23 21:32:56 +0000,Dumbbell Rear Delt Raise, 5,9.071858188712795,0.0,0.0,0.0,0.0,false,, 2.0
2024-03-23 21:32:56 +0000,Dumbbell Rear Delt Raise, 5,9.071858188712795,0.0,0.0,0.0,0.0,false,, 2.0
2024-03-23 21:32:56 +0000,Dumbbell Rear Delt Raise, 5,9.071858188712795,0.0,0.0,0.0,0.0,false,, 2.0
2024-03-23 21:32:56 +0000,Dumbbell Rear Delt Raise, 5,9.071858188712795,0.0,0.0,0.0,0.0,false,, 2.0
2024-03-23 21:32:56 +0000,Dumbbell Bicep Curl, 8,11.339822735890994,0.0,0.0,0.0,0.0,false,, 2.0
2024-03-23 21:32:56 +0000,Dumbbell Bicep Curl, 8,11.339822735890994,0.0,0.0,0.0,0.0,false,, 2.0
2024-03-23 21:32:56 +0000,Dumbbell Bicep Curl, 10,11.339822735890994,0.0,0.0,0.0,0.0,false,, 2.0
2024-03-23 21:32:56 +0000,Dumbbell Bicep Curl, 10,11.339822735890994,0.0,0.0,0.0,0.0,false,, 2.0
2024-03-23 21:32:56 +0000,Cable Face Pull, 8,21.545663198192887,0.0,0.0,0.0,0.0,true,, 1.0
2024-03-23 21:32:56 +0000,Cable Face Pull, 8,24.947610018960187,0.0,0.0,0.0,0.0,false,, 1.0
2024-03-23 21:32:56 +0000,Cable Face Pull, 8,24.947610018960187,0.0,0.0,0.0,0.0,false,, 1.0
2024-03-23 21:32:56 +0000,Cable Face Pull, 8,24.947610018960187,0.0,0.0,0.0,0.0,false,, 1.0
2024-03-23 21:32:56 +0000,Cable Face Pull, 8,24.947610018960187,0.0,0.0,0.0,0.0,false,, 1.0
2024-03-23 21:32:56 +0000,Back Extensions, 10,0.0,0.0,0.0,0.0,0.0,false,, 1.0
2024-03-23 21:32:56 +0000,Back Extensions, 10,0.0,0.0,0.0,0.0,0.0,false,, 1.0
2024-03-23 21:32:56 +0000,Back Extensions, 10,0.0,0.0,0.0,0.0,0.0,false,, 1.0
2024-03-23 21:32:56 +0000,Back Extensions, 10,0.0,0.0,0.0,0.0,0.0,false,, 1.0
2024-03-20 13:54:15 +0000,Deadlift, 10,24.947610018960187,0.0,0.0,0.0,0.0,true,, 1.0
2024-03-20 13:54:15 +0000,Deadlift, 8,52.16318458509857,0.0,0.0,0.0,0.0,true,, 1.0
2024-03-20 13:54:15 +0000,Deadlift, 8,70.30690096252415,0.0,0.0,0.0,0.0,false,, 1.0
2024-03-20 13:54:15 +0000,Deadlift, 8,70.30690096252415,0.0,0.0,0.0,0.0,false,, 1.0
2024-03-20 13:54:15 +0000,Deadlift, 8,70.30690096252415,0.0,0.0,0.0,0.0,false,, 1.0
2024-03-20 13:54:15 +0000,Deadlift, 8,74.84283005688056,0.0,0.0,0.0,0.0,false,, 1.0
2024-03-20 13:54:15 +0000,Skullcrusher, 8,18.14371637742559,0.0,0.0,0.0,0.0,true,, 1.0
2024-03-20 13:54:15 +0000,Skullcrusher, 8,31.75150366049478,0.0,0.0,0.0,0.0,false,, 1.0
2024-03-20 13:54:15 +0000,Skullcrusher, 8,27.215574566138386,0.0,0.0,0.0,0.0,false,, 1.0
2024-03-20 13:54:15 +0000,Skullcrusher, 8,27.215574566138386,0.0,0.0,0.0,0.0,false,, 1.0
2024-03-20 13:54:15 +0000,Skullcrusher, 8,27.215574566138386,0.0,0.0,0.0,0.0,false,, 1.0
2024-03-20 13:54:15 +0000,Good Morning, 15,22.67964547178199,0.0,0.0,0.0,0.0,false,, 1.0
2024-03-20 13:54:15 +0000,Good Morning, 15,22.67964547178199,0.0,0.0,0.0,0.0,false,, 1.0
2024-03-20 13:54:15 +0000,Good Morning, 15,22.67964547178199,0.0,0.0,0.0,0.0,false,, 1.0
2024-03-20 13:54:15 +0000,Good Morning, 15,22.67964547178199,0.0,0.0,0.0,0.0,false,, 1.0
2024-03-20 13:54:15 +0000,Push Up, 9,0.0,0.0,0.0,0.0,0.0,false,, 1.0
2024-03-20 13:54:15 +0000,Push Up, 7,0.0,0.0,0.0,0.0,0.0,false,, 1.0
2024-03-20 13:54:15 +0000,Push Up, 5,0.0,0.0,0.0,0.0,0.0,false,, 1.0
2024-03-20 13:54:15 +0000,Push Up, 4,0.0,0.0,0.0,0.0,0.0,false,, 1.0
2024-03-20 13:54:15 +0000,Dip, 6,0.0,0.0,0.0,0.0,0.0,false,, 1.0
2024-03-20 13:54:15 +0000,Dip, 5,0.0,0.0,0.0,0.0,0.0,false,, 1.0
2024-03-20 13:54:15 +0000,Dip, 4,0.0,0.0,0.0,0.0,0.0,false,, 1.0
2024-03-20 13:54:15 +0000,Dip, 3,0.0,0.0,0.0,0.0,0.0,false,, 1.0
2024-03-20 13:54:15 +0000,Seated Leg Curl, 8,24.947610018960187,0.0,0.0,0.0,0.0,true,, 1.0
2024-03-20 13:54:15 +0000,Seated Leg Curl, 8,43.091326396385774,0.0,0.0,0.0,0.0,false,, 1.0
2024-03-20 13:54:15 +0000,Seated Leg Curl, 8,43.091326396385774,0.0,0.0,0.0,0.0,false,, 1.0
2024-03-20 13:54:15 +0000,Seated Leg Curl, 8,43.091326396385774,0.0,0.0,0.0,0.0,false,, 1.0
2024-03-20 13:54:15 +0000,Seated Leg Curl, 8,43.091326396385774,0.0,0.0,0.0,0.0,false,, 1.0
2024-03-19 14:03:06 +0000,Back Squat, 10,20.41168092460379,0.0,0.0,0.0,0.0,true,, 1.0
2024-03-19 14:03:06 +0000,Back Squat, 5,43.09132639638577,0.0,0.0,0.0,0.0,true,, 1.0
2024-03-19 14:03:06 +0000,Back Squat, 8,61.235042773811365,0.0,0.0,0.0,0.0,false,, 1.0
2024-03-19 14:03:06 +0000,Back Squat, 8,61.235042773811365,0.0,0.0,0.0,0.0,false,, 1.0
2024-03-19 14:03:06 +0000,Back Squat, 8,61.235042773811365,0.0,0.0,0.0,0.0,false,, 1.0
2024-03-19 14:03:06 +0000,Back Squat, 8,61.235042773811365,0.0,0.0,0.0,0.0,false,, 1.0
2024-03-19 14:03:06 +0000,Leg Extension, 8,15.87575183024739,0.0,0.0,0.0,0.0,true,, 1.0
2024-03-19 14:03:06 +0000,Leg Extension, 15,58.96707822663317,0.0,0.0,0.0,0.0,false,, 1.0
2024-03-19 14:03:06 +0000,Leg Extension, 15,58.96707822663317,0.0,0.0,0.0,0.0,false,, 1.0
2024-03-19 14:03:06 +0000,Leg Extension, 15,58.96707822663317,0.0,0.0,0.0,0.0,false,, 1.0
2024-03-19 14:03:06 +0000,Leg Extension, 15,58.96707822663317,0.0,0.0,0.0,0.0,false,, 1.0
2024-03-19 14:03:06 +0000,Leg Extension, 15,58.96707822663317,0.0,0.0,0.0,0.0,false,, 1.0
2024-03-19 14:03:06 +0000,Barbell Hip Thrust, 8,15.87575183024739,0.0,0.0,0.0,0.0,true,, 1.0
2024-03-19 14:03:06 +0000,Barbell Hip Thrust, 15,68.03893641534596,0.0,0.0,0.0,0.0,false,, 1.0
2024-03-19 14:03:06 +0000,Barbell Hip Thrust, 15,68.03893641534596,0.0,0.0,0.0,0.0,false,, 1.0
2024-03-19 14:03:06 +0000,Barbell Hip Thrust, 15,68.03893641534596,0.0,0.0,0.0,0.0,false,, 1.0
2024-03-19 14:03:06 +0000,Seated Machine Calf Press, 15,36.28743275485118,0.0,0.0,0.0,0.0,false,, 1.0
2024-03-19 14:03:06 +0000,Seated Machine Calf Press, 15,40.82336184920758,0.0,0.0,0.0,0.0,false,, 1.0
2024-03-19 14:03:06 +0000,Seated Machine Calf Press, 15,45.35929094356398,0.0,0.0,0.0,0.0,false,, 1.0
2024-03-18 14:05:40 +0000,Cable Row, 10,34.01946820767298,0.0,0.0,0.0,0.0,true,, 1.0
2024-03-18 14:05:40 +0000,Cable Row, 10,56.69911367945497,0.0,0.0,0.0,0.0,false,, 1.0
2024-03-18 14:05:40 +0000,Cable Row, 10,56.69911367945497,0.0,0.0,0.0,0.0,false,, 1.0
2024-03-18 14:05:40 +0000,Cable Row, 10,56.69911367945497,0.0,0.0,0.0,0.0,false,, 1.0
2024-03-18 14:05:40 +0000,Cable Row, 10,56.69911367945497,0.0,0.0,0.0,0.0,false,, 1.0
2024-03-18 14:05:40 +0000,Cable Row, 10,56.69911367945497,0.0,0.0,0.0,0.0,false,, 1.0
2024-03-18 14:05:40 +0000,EZ-Bar Curl, 10,20.41168092460379,0.0,0.0,0.0,0.0,false,, 1.0
2024-03-18 14:05:40 +0000,EZ-Bar Curl, 10,20.41168092460379,0.0,0.0,0.0,0.0,false,, 1.0
2024-03-18 14:05:40 +0000,EZ-Bar Curl, 10,20.41168092460379,0.0,0.0,0.0,0.0,false,, 1.0
2024-03-18 14:05:40 +0000,Lat Pulldown, 10,34.01946820767298,0.0,0.0,0.0,0.0,true,, 1.0
2024-03-18 14:05:40 +0000,Lat Pulldown, 10,47.62725549074217,0.0,0.0,0.0,0.0,false,, 1.0
2024-03-18 14:05:40 +0000,Lat Pulldown, 10,47.62725549074217,0.0,0.0,0.0,0.0,false,, 1.0
2024-03-18 14:05:40 +0000,Lat Pulldown, 10,47.62725549074217,0.0,0.0,0.0,0.0,false,, 1.0
2024-03-18 14:05:40 +0000,Hammer Curls, 7,11.339822735890994,0.0,0.0,0.0,0.0,false,, 2.0
2024-03-18 14:05:40 +0000,Hammer Curls, 7,11.339822735890994,0.0,0.0,0.0,0.0,false,, 2.0
2024-03-18 14:05:40 +0000,Hammer Curls, 7,11.339822735890994,0.0,0.0,0.0,0.0,false,, 2.0
2024-03-18 14:05:40 +0000,Hammer Curls, 7,11.339822735890994,0.0,0.0,0.0,0.0,false,, 2.0
2024-03-18 14:05:40 +0000,Dumbbell Shrug, 14,24.947610018960187,0.0,0.0,0.0,0.0,false,, 2.0
2024-03-18 14:05:40 +0000,Dumbbell Shrug, 14,29.483539113316585,0.0,0.0,0.0,0.0,false,, 2.0
2024-03-18 14:05:40 +0000,Dumbbell Shrug, 14,29.483539113316585,0.0,0.0,0.0,0.0,false,, 2.0
2024-03-15 16:33:55 +0000,Standing Dumbbell Tricep Extension, 5,11.339822735890994,0.0,0.0,0.0,0.0,false,, 1.0
2024-03-15 16:33:55 +0000,Standing Dumbbell Tricep Extension, 5,13.607787283069193,0.0,0.0,0.0,0.0,false,, 1.0
2024-03-15 16:33:55 +0000,Standing Dumbbell Tricep Extension, 5,15.87575183024739,0.0,0.0,0.0,0.0,false,, 1.0
2024-03-15 16:33:55 +0000,Standing Dumbbell Tricep Extension, 5,18.14371637742559,0.0,0.0,0.0,0.0,false,, 1.0
2024-03-15 16:33:55 +0000,Standing Dumbbell Tricep Extension, 5,18.14371637742559,0.0,0.0,0.0,0.0,false,, 1.0
2024-03-15 16:33:55 +0000,Barbell Shoulder Press, 10,20.41168092460379,0.0,0.0,0.0,0.0,true,, 1.0
2024-03-15 16:33:55 +0000,Barbell Shoulder Press, 5,34.01946820767298,0.0,0.0,0.0,0.0,false,, 1.0
2024-03-15 16:33:55 +0000,Barbell Shoulder Press, 5,34.01946820767298,0.0,0.0,0.0,0.0,false,, 1.0
2024-03-15 16:33:55 +0000,Barbell Shoulder Press, 5,34.01946820767298,0.0,0.0,0.0,0.0,false,, 1.0
2024-03-15 16:33:55 +0000,Barbell Shoulder Press, 5,34.01946820767298,0.0,0.0,0.0,0.0,false,, 1.0
2024-03-15 16:33:55 +0000,Barbell Incline Bench Press, 8,20.41168092460379,0.0,0.0,0.0,0.0,true,, 1.0
2024-03-15 16:33:55 +0000,Barbell Incline Bench Press, 6,52.16318458509857,0.0,0.0,0.0,0.0,false,, 1.0
2024-03-15 16:33:55 +0000,Barbell Incline Bench Press, 6,65.77097186816776,0.0,0.0,0.0,0.0,false,, 1.0
2024-03-15 16:33:55 +0000,Barbell Incline Bench Press, 6,61.235042773811365,0.0,0.0,0.0,0.0,false,, 1.0
2024-03-15 16:33:55 +0000,Barbell Incline Bench Press, 6,61.235042773811365,0.0,0.0,0.0,0.0,false,, 1.0
2024-03-15 16:33:55 +0000,Machine Lateral Raise, 7,31.75150366049478,0.0,0.0,0.0,0.0,false,, 1.0
2024-03-15 16:33:55 +0000,Machine Lateral Raise, 7,31.75150366049478,0.0,0.0,0.0,0.0,false,, 1.0
2024-03-15 16:33:55 +0000,Machine Lateral Raise, 7,38.55539730202938,0.0,0.0,0.0,0.0,false,, 1.0
2024-03-15 16:33:55 +0000,Machine Lateral Raise, 7,38.55539730202938,0.0,0.0,0.0,0.0,false,, 1.0
2024-03-15 16:33:55 +0000,Dumbbell Fly, 5,9.071858188712795,0.0,0.0,0.0,0.0,false,, 2.0
2024-03-15 16:33:55 +0000,Dumbbell Fly, 5,11.339822735890994,0.0,0.0,0.0,0.0,false,, 2.0
2024-03-15 16:33:55 +0000,Dumbbell Fly, 5,11.339822735890994,0.0,0.0,0.0,0.0,false,, 2.0
2024-03-15 16:33:55 +0000,Dumbbell Fly, 5,13.607787283069193,0.0,0.0,0.0,0.0,false,, 2.0
2024-03-15 16:33:55 +0000,Dumbbell Fly, 5,15.87575183024739,0.0,0.0,0.0,0.0,false,, 2.0